{"type": "FeatureCollection", "features": [{"id": "0", "type": "Feature", "properties": {"SA2_CODE21": "701011001", "SA2_NAME21": "Darwin Airport"}, "geometry": {"type": "Polygon", "coordinates": [[[130.90849270715302, -12.424346129861538], [130.85606852977602, -12.398226639310982], [130.908407117312, -12.402507579696124], [130.90849270715302, -12.424346129861538]]]}}, {"id": "1", "type": "Feature", "properties": {"SA2_CODE21": "701011002", "SA2_NAME21": "Darwin City"}, "geometry": {"type": "Polygon", "coordinates": [[[130.84117991995933, -12.473088739777227], [130.85018001967532, -12.452998389685066], [130.85192938947347, -12.470520559828746], [130.84117991995933, -12.473088739777227]]]}}, {"id": "2", "type": "Feature", "properties": {"SA2_CODE21": "701011003", "SA2_NAME21": "East Point"}, "geometry": {"type": "Polygon", "coordinates": [[[130.84560121015852, -12.413521299357184], [130.81961645136172, -12.414566509195444], [130.81638642156193, -12.407116519118407], [130.84560121015852, -12.413521299357184]]]}}, {"id": "3", "type": "Feature", "properties": {"SA2_CODE21": "701011004", "SA2_NAME21": "Fannie Bay - The Gardens"}, "geometry": {"type": "Polygon", "coordinates": [[[130.8275515907567, -12.449506499510328], [130.84862442995103, -12.423286239450746], [130.83587071032142, -12.456364209616325], [130.8275515907567, -12.449506499510328]]]}}, {"id": "4", "type": "Feature", "properties": {"SA2_CODE21": "701011005", "SA2_NAME21": "Larrakeyah"}, "geometry": {"type": "Polygon", "coordinates": [[[130.82309760098047, -12.447183529463862], [130.82340574086584, -12.462089679578215], [130.81512571130642, -12.454143619464721], [130.82309760098047, -12.447183529463862]]]}}, {"id": "5", "type": "Feature", "properties": {"SA2_CODE21": "701011006", "SA2_NAME21": "Ludmilla - The Narrows"}, "geometry": {"type": "Polygon", "coordinates": [[[130.85104648979194, -12.430040839517678], [130.85610991974386, -12.402629159344466], [130.86970039895667, -12.425008579603762], [130.85104648979194, -12.430040839517678]]]}}, {"id": "6", "type": "Feature", "properties": {"SA2_CODE21": "701011007", "SA2_NAME21": "Parap"}, "geometry": {"type": "Polygon", "coordinates": [[[130.84085329018853, -12.441640869537988], [130.84112707027748, -12.426674369426948], [130.8547927796132, -12.430620609546843], [130.84085329018853, -12.441640869537988]]]}}, {"id": "7", "type": "Feature", "properties": {"SA2_CODE21": "701011008", "SA2_NAME21": "Stuart Park"}, "geometry": {"type": "Polygon", "coordinates": [[[130.8516256896065, -12.453179239695986], [130.84123862018598, -12.439373599523433], [130.846491729947, -12.438456119551072], [130.8516256896065, -12.453179239695986]]]}}, {"id": "8", "type": "Feature", "properties": {"SA2_CODE21": "701011009", "SA2_NAME21": "Woolner - Bayview - Winnellie"}, "geometry": {"type": "Polygon", "coordinates": [[[130.84123862018598, -12.439373599523433], [130.86825777902374, -12.425036919594332], [130.9085857171487, -12.424347129862182], [130.84123862018598, -12.439373599523433]]]}}, {"id": "9", "type": "Feature", "properties": {"SA2_CODE21": "701021010", "SA2_NAME21": "Alawa"}, "geometry": {"type": "Polygon", "coordinates": [[[130.8666091793782, -12.38485533928021], [130.87016697928044, -12.375106179230427], [130.8821494587073, -12.377576059329488], [130.8666091793782, -12.38485533928021]]]}}, {"id": "10", "type": "Feature", "properties": {"SA2_CODE21": "701021011", "SA2_NAME21": "Anula"}, "geometry": {"type": "Polygon", "coordinates": [[[130.88321178853462, -12.395248629470007], [130.88775282839822, -12.384587689420233], [130.8977899978522, -12.39593424957398], [130.88321178853462, -12.395248629470007]]]}}, {"id": "11", "type": "Feature", "properties": {"SA2_CODE21": "701021012", "SA2_NAME21": "Berrimah"}, "geometry": {"type": "Polygon", "coordinates": [[[130.90736270718307, -12.427537119877872], [130.953164695232, -12.402283120005595], [130.96816604421056, -12.446235640443824], [130.9236080862372, -12.453819200188166], [130.90736270718307, -12.427537119877872]]]}}, {"id": "12", "type": "Feature", "properties": {"SA2_CODE21": "701021013", "SA2_NAME21": "Brinkin - Nakara"}, "geometry": {"type": "Polygon", "coordinates": [[[130.861845969659, -12.376196089183157], [130.88173974879655, -12.3675004592507], [130.88477274859383, -12.376389319338228], [130.861845969659, -12.376196089183157]]]}}, {"id": "13", "type": "Feature", "properties": {"SA2_CODE21": "701021014", "SA2_NAME21": "Buffalo Creek"}, "geometry": {"type": "Polygon", "coordinates": [[[130.93822122587417, -12.409587609955892], [130.90430568798018, -12.33499511915841], [130.93660584643263, -12.342625819438927], [130.93822122587417, -12.409587609955892]]]}}, {"id": "14", "type": "Feature", "properties": {"SA2_CODE21": "701021015", "SA2_NAME21": "Charles Darwin"}, "geometry": {"type": "Polygon", "coordinates": [[[130.85635643940032, -12.450996409710864], [130.92345270629667, -12.446540120132148], [130.9236080862372, -12.453819200188166], [130.85635643940032, -12.450996409710864]]]}}, {"id": "15", "type": "Feature", "properties": {"SA2_CODE21": "701021016", "SA2_NAME21": "Coconut Grove"}, "geometry": {"type": "Polygon", "coordinates": [[[130.84585192022135, -12.402589499276397], [130.8560274698487, -12.387904529232856], [130.85610991974386, -12.402629159344466], [130.84585192022135, -12.402589499276397]]]}}, {"id": "16", "type": "Feature", "properties": {"SA2_CODE21": "701021017", "SA2_NAME21": "East Arm"}, "geometry": {"type": "Polygon", "coordinates": [[[130.87032601852448, -12.483147290046444], [130.91613770660805, -12.450788710113672], [130.9636865442102, -12.474732670627178], [130.94258695498377, -12.5042769007013], [130.94673671503088, -12.471036560479515], [130.87032601852448, -12.483147290046444]]]}}, {"id": "17", "type": "Feature", "properties": {"SA2_CODE21": "701021018", "SA2_NAME21": "Jingili"}, "geometry": {"type": "Polygon", "coordinates": [[[130.87211786905002, -12.395299059395828], [130.87670551892504, -12.382594089330732], [130.87829706876295, -12.395274539437109], [130.87211786905002, -12.395299059395828]]]}}, {"id": "18", "type": "Feature", "properties": {"SA2_CODE21": "701021019", "SA2_NAME21": "Karama"}, "geometry": {"type": "Polygon", "coordinates": [[[130.90774471735168, -12.40126045968217], [130.91832376691403, -12.393648059697435], [130.92310230657773, -12.409595709850839], [130.90774471735168, -12.40126045968217]]]}}, {"id": "19", "type": "Feature", "properties": {"SA2_CODE21": "701021020", "SA2_NAME21": "Leanyer"}, "geometry": {"type": "Polygon", "coordinates": [[[130.8907858283073, -12.377470569387057], [130.90082946792458, -12.365654749366145], [130.90544612759012, -12.38268264952621], [130.8907858283073, -12.377470569387057]]]}}, {"id": "20", "type": "Feature", "properties": {"SA2_CODE21": "701021021", "SA2_NAME21": "Lyons (NT)"}, "geometry": {"type": "Polygon", "coordinates": [[[130.90521573794055, -12.334655829162067], [130.87967066904193, -12.34601599907464], [130.8954457184228, -12.33027582906244], [130.90521573794055, -12.334655829162067]]]}}, {"id": "21", "type": "Feature", "properties": {"SA2_CODE21": "701021022", "SA2_NAME21": "Malak - Marrara"}, "geometry": {"type": "Polygon", "coordinates": [[[130.87154886907643, -12.395301279392035], [130.91143435725496, -12.390729089627987], [130.91833358677718, -12.412751199841706], [130.87154886907643, -12.395301279392035]]]}}, {"id": "22", "type": "Feature", "properties": {"SA2_CODE21": "701021023", "SA2_NAME21": "Millner"}, "geometry": {"type": "Polygon", "coordinates": [[[130.85606564983857, -12.389125129242313], [130.87211786905002, -12.395299059395828], [130.85606852977602, -12.398226639310982], [130.85606564983857, -12.389125129242313]]]}}, {"id": "23", "type": "Feature", "properties": {"SA2_CODE21": "701021024", "SA2_NAME21": "Moil"}, "geometry": {"type": "Polygon", "coordinates": [[[130.87829706876295, -12.395274539437109], [130.88668253843528, -12.386396599426652], [130.88321178853462, -12.395248629470007], [130.87829706876295, -12.395274539437109]]]}}, {"id": "24", "type": "Feature", "properties": {"SA2_CODE21": "701021025", "SA2_NAME21": "Nightcliff"}, "geometry": {"type": "Polygon", "coordinates": [[[130.843567060433, -12.387100229144552], [130.84929895023964, -12.37642311910177], [130.8560274698487, -12.387904529232856], [130.843567060433, -12.387100229144552]]]}}, {"id": "25", "type": "Feature", "properties": {"SA2_CODE21": "701021026", "SA2_NAME21": "Rapid Creek"}, "geometry": {"type": "Polygon", "coordinates": [[[130.85606564983857, -12.389125129242313], [130.8642559495682, -12.373146079176188], [130.8666091793782, -12.38485533928021], [130.85606564983857, -12.389125129242313]]]}}, {"id": "26", "type": "Feature", "properties": {"SA2_CODE21": "701021027", "SA2_NAME21": "Tiwi"}, "geometry": {"type": "Polygon", "coordinates": [[[130.88558417862205, -12.366964859272585], [130.86634721953376, -12.364073919121678], [130.87967066904193, -12.34601599907464], [130.88558417862205, -12.366964859272585]]]}}, {"id": "27", "type": "Feature", "properties": {"SA2_CODE21": "701021028", "SA2_NAME21": "Wagaman"}, "geometry": {"type": "Polygon", "coordinates": [[[130.87945159880607, -12.381370179339957], [130.8907858283073, -12.377470569387057], [130.88668253843528, -12.386396599426652], [130.87945159880607, -12.381370179339957]]]}}, {"id": "28", "type": "Feature", "properties": {"SA2_CODE21": "701021029", "SA2_NAME21": "Wanguri"}, "geometry": {"type": "Polygon", "coordinates": [[[130.88477274859383, -12.376389319338228], [130.89221644831775, -12.36652017931411], [130.8907858283073, -12.377470569387057], [130.88477274859383, -12.376389319338228]]]}}, {"id": "29", "type": "Feature", "properties": {"SA2_CODE21": "701021030", "SA2_NAME21": "Wulagi"}, "geometry": {"type": "Polygon", "coordinates": [[[130.8937486480969, -12.387841979485426], [130.89413130814887, -12.377921379413154], [130.90460228761006, -12.385403349540969], [130.8937486480969, -12.387841979485426]]]}}, {"id": "30", "type": "Feature", "properties": {"SA2_CODE21": "701031031", "SA2_NAME21": "Howard Springs"}, "geometry": {"type": "Polygon", "coordinates": [[[131.04790864987393, -12.525474421624313], [130.9680566943799, -12.423946450274693], [131.05150653034417, -12.442971631027495], [131.05150244060846, -12.408859150769503], [131.08880379887347, -12.408822961051124], [131.11121526713063, -12.496217931884754], [131.04790864987393, -12.525474421624313]]]}}, {"id": "31", "type": "Feature", "properties": {"SA2_CODE21": "701031032", "SA2_NAME21": "Humpty Doo"}, "geometry": {"type": "Polygon", "coordinates": [[[131.14842968514478, -12.525559132398056], [131.1633106946857, -12.496395122295429], [131.2005946726924, -12.525446112815667], [131.19313353230473, -12.613344373420642], [131.07331447798742, -12.613383252480105], [131.04553694998478, -12.525568231607313], [131.07120053877742, -12.525571061800282], [131.06655543922508, -12.49628119154369], [131.14842968514478, -12.525559132398056]]]}}, {"id": "32", "type": "Feature", "properties": {"SA2_CODE21": "701031033", "SA2_NAME21": "Koolpinyah"}, "geometry": {"type": "MultiPolygon", "coordinates": [[[[131.28130468041533, -12.352459122174123], [131.32636436807053, -12.381627522781514], [131.30132211885407, -12.424244422889297], [131.39490990372164, -12.50775815434393], [131.39269194348358, -12.54457811460366], [131.2916780081366, -12.556337623808865], [131.26071769002306, -12.507302133175052], [131.24285171046978, -12.55277313337038], [131.21353867252816, -12.47304312252429], [131.10378671724473, -12.525545122049195], [131.08880379887347, -12.408822961051124], [131.05150244060846, -12.408859150769503], [131.05150653034417, -12.442971631027495], [130.93819673592785, -12.402317119900822], [130.93688456641715, -12.34298432944358], [131.01877610241348, -12.37163571024574], [131.05505590091647, -12.347775400334044], [131.02982593209396, -12.346385560136055], [131.06096587076482, -12.332115400259871], [131.02845576246904, -12.305485459816618], [131.01298585304738, -12.323265569837643], [131.03046548294031, -12.231495379271655], [130.9946355549175, -12.186045438666726], [131.04530496294333, -12.142665218709022], [131.17009411702995, -12.173994929906518], [131.22205412421815, -12.227165100729737], [131.19336450544088, -12.237715150576365], [131.20598448458918, -12.270375250926305], [131.23205406342382, -12.266775191112457], [131.22197426379097, -12.277995261114679], [131.2223342637371, -12.282395241151008], [131.22501420359163, -12.285025271192957], [131.23400400333824, -12.266325201125124], [131.20619443464898, -12.262115210865367], [131.2143842344845, -12.23712513074255], [131.27159269185955, -12.238158111224573], [131.28130468041533, -12.352459122174123]]], [[[131.0803169323427, -12.01641117801487], [131.1271468303706, -12.000947168256378], [131.13548973988748, -12.014657128425283], [131.11189279087057, -12.023819128311924], [131.0803169323427, -12.01641117801487]]], [[[131.06867482243354, -12.071895168347561], [131.09434457142274, -12.053535108402755], [131.1267245199208, -12.059445078696735], [131.1164345202732, -12.07325506872175], [131.06867482243354, -12.071895168347561]]], [[[131.04595835328695, -12.093977768345194], [131.07107246199786, -12.114063388685045], [131.06514468217696, -12.12552265872728], [131.00206224508884, -12.11787343820454], [131.04595835328695, -12.093977768345194]]], [[[131.06287493288843, -12.046825188114115], [131.00192526558385, -12.052375287707813], [131.0641049429319, -12.034065188026643], [131.06287493288843, -12.046825188114115]]], [[[131.0233752139054, -12.146895298579329], [131.0202752340699, -12.14373531853272], [131.02406517388363, -12.145645288574922], [131.0233752139054, -12.146895298579329]]], [[[131.01408530429518, -12.151095338543236], [131.01144533441493, -12.151095358524016], [131.01408530429688, -12.150865348541492], [131.01408530429518, -12.151095338543236]]], [[[131.00410544471652, -12.15529536850251], [130.99594550509022, -12.154855428440213], [131.00065546489165, -12.152815388458775], [131.00410544471652, -12.15529536850251]]]]}}, {"id": "33", "type": "Feature", "properties": {"SA2_CODE21": "701031034", "SA2_NAME21": "Virginia"}, "geometry": {"type": "Polygon", "coordinates": [[[130.9872232425671, -12.547175191342665], [131.01318437173023, -12.496129511145723], [131.07157670849827, -12.558875112054913], [131.07331447798742, -12.613383252480105], [130.9872232425671, -12.547175191342665]]]}}, {"id": "34", "type": "Feature", "properties": {"SA2_CODE21": "701031035", "SA2_NAME21": "Weddell"}, "geometry": {"type": "MultiPolygon", "coordinates": [[[[130.97695393309488, -12.541309331224545], [131.0589814386672, -12.613410972371943], [131.19313353230473, -12.613344373420642], [131.20805093209287, -12.554848333099143], [131.1781826940429, -12.48982412236468], [131.21353867252816, -12.47304312252429], [131.24285171046978, -12.55277313337038], [131.26071769002306, -12.507302133175052], [131.2916780081366, -12.556337623808865], [131.3792093140907, -12.547580384505908], [131.38688800331033, -12.592737034917295], [131.36797520369822, -12.647839005166935], [131.27264267771878, -12.706323134783807], [131.28250169683037, -12.75352312522505], [131.2133356897307, -12.803081135021522], [131.2030306797333, -12.861350115377766], [131.06868557661397, -12.815863273974474], [131.03875911806134, -12.815817383748817], [131.03874510771647, -12.86037925408498], [130.8892140249842, -12.859543203010391], [130.88926874647498, -12.648222731418805], [130.89522860594883, -12.682458851717444], [130.90818829551563, -12.65641856160998], [130.8822979371018, -12.6061881810547], [130.9452980338829, -12.637848251728244], [130.95470798344178, -12.636968201788044], [130.96685785291714, -12.629768071820058], [130.95332766380156, -12.59684779147556], [130.88465755721035, -12.574777820833873], [130.8778276376895, -12.552417080619156], [130.8933674768991, -12.560517620785477], [130.9000374465898, -12.559717600824937], [130.90142740654872, -12.556247540808274], [130.85921697888384, -12.506577070148944], [130.9080472663467, -12.540727350736594], [130.92262696588563, -12.509236990599591], [130.93897736479212, -12.554067411051763], [130.97695393309488, -12.541309331224545]]], [[[130.95324718423697, -12.537917201030252], [130.95151719432917, -12.53645718100702], [130.95427717419832, -12.536567181027339], [130.95324718423697, -12.537917201030252]]], [[[130.95367788355932, -12.627618121710206], [130.945037894011, -12.621988081606764], [130.94801782390337, -12.617348031592755], [130.95367788355932, -12.627618121710206]]], [[[130.94640781399212, -12.615657991568657], [130.9437578041195, -12.615438031548347], [130.94421781411003, -12.61374798153884], [130.94640781399212, -12.615657991568657]]], [[[130.87782741765957, -12.556707630651502], [130.8772574676841, -12.557047630650224], [130.87748778767872, -12.556258080645824], [130.87782741765957, -12.556707630651502]]], [[[130.86128742843792, -12.557070540543368], [130.87252743793806, -12.552647590585236], [130.861865068375, -12.562228400586099], [130.86128742843792, -12.557070540543368]]]]}}, {"id": "35", "type": "Feature", "properties": {"SA2_CODE21": "701041036", "SA2_NAME21": "Bakewell"}, "geometry": {"type": "Polygon", "coordinates": [[[130.98712976296818, -12.494058830940856], [130.99885583235726, -12.502151081086781], [130.9856836029904, -12.50017485097663], [130.98712976296818, -12.494058830940856]]]}}, {"id": "36", "type": "Feature", "properties": {"SA2_CODE21": "701041037", "SA2_NAME21": "Driver"}, "geometry": {"type": "Polygon", "coordinates": [[[130.9750830835185, -12.496062770869491], [130.9816095033467, -12.477984550779738], [130.9852174231453, -12.482339020838563], [130.9750830835185, -12.496062770869491]]]}}, {"id": "37", "type": "Feature", "properties": {"SA2_CODE21": "701041038", "SA2_NAME21": "Durack - Marlow Lagoon"}, "geometry": {"type": "Polygon", "coordinates": [[[130.94426602484398, -12.5126522907763], [130.95318013491794, -12.44520473032984], [130.98525739319032, -12.476043250791296], [130.94426602484398, -12.5126522907763]]]}}, {"id": "38", "type": "Feature", "properties": {"SA2_CODE21": "701041039", "SA2_NAME21": "Gray"}, "geometry": {"type": "Polygon", "coordinates": [[[130.97503195353605, -12.494016430853673], [130.98830769297035, -12.486374800891307], [130.98639319297993, -12.497117030958643], [130.97503195353605, -12.494016430853673]]]}}, {"id": "39", "type": "Feature", "properties": {"SA2_CODE21": "701041040", "SA2_NAME21": "Moulden"}, "geometry": {"type": "Polygon", "coordinates": [[[130.9700369636527, -12.509950030938308], [130.9750830835185, -12.496062770869491], [130.9752427033588, -12.516602111025732], [130.9700369636527, -12.509950030938308]]]}}, {"id": "40", "type": "Feature", "properties": {"SA2_CODE21": "701041041", "SA2_NAME21": "Palmerston - North"}, "geometry": {"type": "Polygon", "coordinates": [[[130.98075883346078, -12.467998820698206], [131.00677322213855, -12.481890880991314], [131.00018910237517, -12.491452701015648], [130.98712976296818, -12.494058830940856], [130.98075883346078, -12.467998820698206]]]}}, {"id": "41", "type": "Feature", "properties": {"SA2_CODE21": "701041042", "SA2_NAME21": "Palmerston - South"}, "geometry": {"type": "MultiPolygon", "coordinates": [[[[131.0027477122912, -12.486667110998086], [131.01433883144014, -12.527217011389055], [130.9872232425671, -12.547175191342665], [130.94274711482927, -12.524497100855038], [131.0027477122912, -12.486667110998086]]], [[[130.94527686469874, -12.52607713088473], [130.94435713474033, -12.526307120880007], [130.94516710470637, -12.525737100881392], [130.94527686469874, -12.52607713088473]]], [[[130.94160663485334, -12.528567150877754], [130.9434471547717, -12.52788713088554], [130.94241712481025, -12.529247160888575], [130.94160663485334, -12.528567150877754]]]]}}, {"id": "42", "type": "Feature", "properties": {"SA2_CODE21": "701041043", "SA2_NAME21": "Rosebery - Bellamack"}, "geometry": {"type": "Polygon", "coordinates": [[[130.9752427033588, -12.516602111025732], [130.99920772234012, -12.502234131089962], [130.98080026305976, -12.521671131103856], [130.9752427033588, -12.516602111025732]]]}}, {"id": "43", "type": "Feature", "properties": {"SA2_CODE21": "701041044", "SA2_NAME21": "Woodroffe"}, "geometry": {"type": "Polygon", "coordinates": [[[130.97595496340503, -12.505849890949637], [130.98639319297993, -12.497117030958643], [130.980703683143, -12.511094131023286], [130.97595496340503, -12.505849890949637]]]}}, {"id": "44", "type": "Feature", "properties": {"SA2_CODE21": "702011045", "SA2_NAME21": "Charles"}, "geometry": {"type": "Polygon", "coordinates": [[[133.8817617379729, -23.707734424671884], [133.85531365176183, -23.660282343782946], [133.89703033750976, -23.66477523468137], [133.8817617379729, -23.707734424671884]]]}}, {"id": "45", "type": "Feature", "properties": {"SA2_CODE21": "702011046", "SA2_NAME21": "East Side"}, "geometry": {"type": "Polygon", "coordinates": [[[133.8857185179919, -23.690912394633425], [133.89703033750976, -23.66477523468137], [133.94042201320045, -23.664809135590488], [133.94042756206107, -23.710711345920377], [133.8857185179919, -23.690912394633425]]]}}, {"id": "46", "type": "Feature", "properties": {"SA2_CODE21": "702011047", "SA2_NAME21": "Flynn (NT)"}, "geometry": {"type": "Polygon", "coordinates": [[[133.81153760525436, -23.695640843135692], [133.87629388868012, -23.701076194510478], [133.86438463920499, -23.72808264445722], [133.81167433453385, -23.72489024334823], [133.81153760525436, -23.695640843135692]]]}}, {"id": "47", "type": "Feature", "properties": {"SA2_CODE21": "702011048", "SA2_NAME21": "Larapinta"}, "geometry": {"type": "Polygon", "coordinates": [[[133.86890135943528, -23.70027096435129], [133.81153760525436, -23.695640843135692], [133.81079639690088, -23.6304921426531], [133.91950612612422, -23.630493884904823], [133.91951649527655, -23.664794365151494], [133.85531365176183, -23.660282343782946], [133.86890135943528, -23.70027096435129]]]}}, {"id": "48", "type": "Feature", "properties": {"SA2_CODE21": "702011049", "SA2_NAME21": "Mount Johns"}, "geometry": {"type": "Polygon", "coordinates": [[[133.88027391757242, -23.730105434801484], [133.94042756206107, -23.710711345920377], [133.94046095138347, -23.73786946611609], [133.88027391757242, -23.730105434801484]]]}}, {"id": "49", "type": "Feature", "properties": {"SA2_CODE21": "702011050", "SA2_NAME21": "Petermann - Simpson"}, "geometry": {"type": "Polygon", "coordinates": [[[129.00057905637536, -25.998591879552773], [129.00055232622648, -24.13743811728047], [132.7403643936715, -24.135165086753776], [132.740388591012, -24.27544057774053], [132.89877543475245, -24.275441060319302], [132.89876813752394, -24.135156189330708], [133.17846526902525, -24.13515421414415], [133.17845161439305, -24.3537591456891], [133.37152564451537, -24.353760689211654], [133.3712053213078, -24.49930613023472], [133.75045050197488, -24.500619467633456], [133.7504579755753, -24.763851769498952], [133.8151105287888, -24.763945490822426], [133.81492126249924, -25.018654082619115], [134.28541895254364, -25.018651452795662], [134.28548386228906, -24.659680260243004], [134.5222183862239, -24.708782286065944], [134.81287767733878, -24.659662992761444], [134.81288154208758, -24.49991022161393], [135.6239392384025, -24.49987746317857], [135.62392805869825, -24.786003125251693], [136.00125337928017, -24.786041026252448], [135.99756971064707, -24.198801791860635], [136.6108706505335, -23.886935148697603], [137.9987640332771, -23.871949527785233], [137.99906130486545, -25.996849173538216], [129.00057905637536, -25.998591879552773]]]}}, {"id": "50", "type": "Feature", "properties": {"SA2_CODE21": "702011051", "SA2_NAME21": "Ross"}, "geometry": {"type": "Polygon", "coordinates": [[[133.78190066750776, -23.724571362737734], [133.94046095138347, -23.73786946611609], [133.92016936275522, -23.764165695878656], [133.9404340490594, -23.831475646787222], [133.8832838147812, -23.83151942559132], [133.871918336888, -23.792023255072007], [133.75630602793322, -23.81340357285403], [133.72598445185523, -23.776089181974612], [133.7259859925333, -23.74754331177029], [133.78190066750776, -23.724571362737734]]]}}, {"id": "51", "type": "Feature", "properties": {"SA2_CODE21": "702011052", "SA2_NAME21": "Sandover - Plenty"}, "geometry": {"type": "Polygon", "coordinates": [[[134.1255352993065, -23.09901125547033], [134.12228933299673, -22.570489241557414], [134.46585329081034, -22.570192259271472], [134.46835430790384, -22.297167257327608], [134.54082396142846, -22.289305518961175], [134.54409512484708, -22.15206936802859], [134.60041152055342, -22.120523929126172], [134.6091483118246, -22.044885198776086], [134.42569133377793, -21.845930233022887], [134.37071434872448, -21.84618124176896], [134.3720143324216, -21.69972925071848], [134.28891336987436, -21.69878017883857], [134.28929410250728, -21.59451522807796], [134.9458342941671, -21.595856253688098], [134.94492468033152, -21.38403207208786], [135.33495401615184, -21.38402157222247], [135.33498189345283, -21.472150202882887], [135.6678343041734, -21.4721323620502], [135.72991792060745, -21.41398444337549], [135.82305171244863, -21.41397752604987], [135.821874148239, -21.544639506998827], [136.48993993936048, -21.544617127275618], [136.4901373928137, -21.998112900709106], [137.68145037550397, -21.998406351650033], [137.68145793843692, -21.929238021121936], [137.99760702014927, -21.929226433001098], [137.9987640332771, -23.871949527785233], [136.6108706505335, -23.886935148697603], [135.99756971064707, -24.198801791860635], [136.00125337928017, -24.786041026252448], [135.62392805869825, -24.786003125251693], [135.6239392384025, -24.49987746317857], [134.81288154208758, -24.49991022161393], [134.81287767733878, -24.659662992761444], [134.5222183862239, -24.708782286065944], [134.28548386228906, -24.659680260243004], [134.28541895254364, -25.018651452795662], [133.81492126249924, -25.018654082619115], [133.8151105287888, -24.763945490822426], [133.7504579755753, -24.763851769498952], [133.75045050197488, -24.500619467633456], [133.3712053213078, -24.49930613023472], [133.37152564451537, -24.353760689211654], [133.17845161439305, -24.3537591456891], [133.1784310369354, -23.759807301481022], [132.82140443263515, -23.75979321540829], [132.82137111673762, -23.018638180140574], [133.83535276921447, -23.01866633874942], [133.88165955281016, -23.099468000288923], [134.1255352993065, -23.09901125547033]], [[133.9404340490594, -23.831475646787222], [133.91950612612422, -23.630493884904823], [133.81079639690088, -23.6304921426531], [133.81172306453703, -23.72455776334685], [133.7259859925333, -23.74754331177029], [133.75630602793322, -23.81340357285403], [133.871918336888, -23.792023255072007], [133.8832838147812, -23.83151942559132], [133.9404340490594, -23.831475646787222]]]}}, {"id": "52", "type": "Feature", "properties": {"SA2_CODE21": "702011053", "SA2_NAME21": "Tanami"}, "geometry": {"type": "Polygon", "coordinates": [[[129.00055232622648, -24.13743811728047], [129.0004937234607, -18.682580719790895], [130.1234548085175, -18.682662731688126], [130.12345653181288, -17.945239356384253], [130.63543447492575, -17.94523619901821], [130.63035480257736, -18.342207621866446], [132.0218805201442, -18.324075734639514], [132.02518454333347, -20.257424238842567], [132.1839283581784, -20.39296740186427], [132.02312859911137, -20.570020501083984], [132.37160928512907, -20.86022597781142], [132.37162184292706, -20.99859736881486], [130.48290753638912, -20.998560259971896], [130.48287993053415, -21.861823506039734], [131.04861002910943, -21.861830860119174], [131.0485927999537, -21.77462379950352], [131.20428853587688, -21.77461562086686], [131.20427962438018, -21.918047201881016], [131.6151787769574, -21.918046375986595], [131.61521538079666, -22.408127639460673], [130.72429127414068, -22.408145921437313], [130.63793801047922, -22.632255032402337], [131.00788332543712, -22.632257095189438], [131.00788540501523, -22.67585415549426], [131.47438467075787, -22.675768969850566], [131.4743854014732, -22.616166909431115], [132.34388031933872, -22.616444940049686], [132.34386586544437, -22.854294261741586], [132.30513191915205, -22.85393301119595], [132.305132836481, -23.018242722361695], [132.82137111673762, -23.018638180140574], [132.82140443263515, -23.75979321540829], [133.1784310369354, -23.759807301481022], [133.17846526902525, -24.13515421414415], [132.89876813752394, -24.135156189330708], [132.89877543475245, -24.275441060319302], [132.740388591012, -24.27544057774053], [132.7403643936715, -24.135165086753776], [129.00055232622648, -24.13743811728047]]]}}, {"id": "53", "type": "Feature", "properties": {"SA2_CODE21": "702011054", "SA2_NAME21": "Yuendumu - Anmatjere"}, "geometry": {"type": "Polygon", "coordinates": [[[134.46585329081034, -22.570192259271472], [134.12228933299673, -22.570489241557414], [134.1255352993065, -23.09901125547033], [133.88165955281016, -23.099468000288923], [133.83535276921447, -23.01866633874942], [132.305132836481, -23.018242722361695], [132.30513191915205, -22.85393301119595], [132.34386586544437, -22.854294261741586], [132.34388031933872, -22.616444940049686], [131.4743854014732, -22.616166909431115], [131.47438467075787, -22.675768969850566], [131.00788540501523, -22.67585415549426], [131.00788332543712, -22.632257095189438], [130.63793801047922, -22.632255032402337], [130.72429127414068, -22.408145921437313], [131.61521538079666, -22.408127639460673], [131.6151787769574, -21.918046375986595], [131.20427962438018, -21.918047201881016], [131.20428853587688, -21.77461562086686], [131.0485927999537, -21.77462379950352], [131.04861002910943, -21.861830860119174], [130.48287993053415, -21.861823506039734], [130.48290753638912, -20.998560259971896], [132.37162184292706, -20.99859736881486], [132.37160928512907, -20.86022597781142], [132.02312859911137, -20.570020501083984], [132.1839283581784, -20.39296740186427], [132.75624764230807, -20.852853173474053], [132.75562961836928, -21.07720238509867], [133.161071333238, -21.0771940418211], [133.16105636090808, -21.19472750268009], [133.32642780649334, -21.19473727562708], [133.3264372062013, -20.722863672164323], [133.65720418814826, -20.722902348397437], [133.660421722642, -21.407647143501435], [133.7715243128357, -21.40842566571486], [133.77154350916203, -21.568311206889042], [133.89076585856728, -21.56831668931892], [133.79130048442582, -21.6971908182325], [134.3720143324216, -21.69972925071848], [134.37071434872448, -21.84618124176896], [134.42569133377793, -21.845930233022887], [134.6091483118246, -22.044885198776086], [134.60041152055342, -22.120523929126172], [134.54409512484708, -22.15206936802859], [134.54082396142846, -22.289305518961175], [134.46835430790384, -22.297167257327608], [134.46585329081034, -22.570192259271472]]]}}, {"id": "54", "type": "Feature", "properties": {"SA2_CODE21": "702021055", "SA2_NAME21": "Barkly"}, "geometry": {"type": "Polygon", "coordinates": [[[132.40205336756472, -17.306318692035504], [132.40203209832512, -16.583229866612285], [132.73737426641588, -16.58319975146513], [132.73735433298762, -16.792704693045835], [132.96376990798547, -16.792702656601776], [132.96289682677062, -16.865596727138776], [133.21156354022173, -16.86553141129953], [133.21156437630123, -17.07563410289155], [133.25938356307313, -17.075634483723324], [133.28929013015755, -17.1226869446051], [133.58829657992436, -17.12241456006764], [133.58829764515423, -16.866325588118297], [134.44260931844437, -16.86645462583616], [134.44261757376105, -16.64776438415128], [134.84788949732834, -16.64763478364656], [134.8478912511273, -16.50221902251926], [135.07554228644696, -16.50220648816066], [135.07539308956785, -17.121498842962875], [135.58464043533087, -17.120713766412276], [135.58461920029745, -16.953679805109832], [135.77640022755895, -16.953727520463655], [135.77640085246787, -16.793023729206944], [135.9402312677742, -16.918972254889916], [135.88097498061882, -16.95368266344904], [135.88099545090432, -17.265666585888173], [136.0607709987168, -17.26566548113574], [136.0616482025922, -17.454704572639557], [136.826322160172, -17.454697506525406], [136.82633004856, -17.499837956881244], [137.5920504260648, -17.499814933314], [137.59205681168015, -17.611371074199653], [137.99525530389556, -17.61135978913028], [137.99760702014927, -21.929226433001098], [137.68145793843692, -21.929238021121936], [137.68145037550397, -21.998406351650033], [136.4901373928137, -21.998112900709106], [136.48993993936048, -21.544617127275618], [135.821874148239, -21.544639506998827], [135.82305171244863, -21.41397752604987], [135.72991792060745, -21.41398444337549], [135.6678343041734, -21.4721323620502], [135.33498189345283, -21.472150202882887], [135.33495401615184, -21.38402157222247], [134.94492468033152, -21.38403207208786], [134.9458342941671, -21.595856253688098], [134.28929410250728, -21.59451522807796], [134.28891336987436, -21.69878017883857], [133.79130048442582, -21.6971908182325], [133.89076585856728, -21.56831668931892], [133.77154350916203, -21.568311206889042], [133.7715243128357, -21.40842566571486], [133.660421722642, -21.407647143501435], [133.65720418814826, -20.722902348397437], [133.3264372062013, -20.722863672164323], [133.32642780649334, -21.19473727562708], [133.16105636090808, -21.19472750268009], [133.161071333238, -21.0771940418211], [132.75562961836928, -21.07720238509867], [132.75624764230807, -20.852853173474053], [132.02518454333347, -20.257424238842567], [132.0218805201442, -18.324075734639514], [131.64608271780767, -18.324377220332497], [131.646565503657, -17.818044276610006], [132.1223246797714, -17.818015982144995], [132.09228869886613, -17.30622553796132], [132.40205336756472, -17.306318692035504]], [[134.17757466914009, -19.695390501480908], [134.22847800603944, -19.65625739229716], [134.15261411286443, -19.623263660399374], [134.15395421189206, -19.659266680698533], [134.17757466914009, -19.695390501480908]]]}}, {"id": "55", "type": "Feature", "properties": {"SA2_CODE21": "702021056", "SA2_NAME21": "Tennant Creek"}, "geometry": {"type": "Polygon", "coordinates": [[[134.1526252821581, -19.652600050619803], [134.2053260185676, -19.62796257157845], [134.2283733955709, -19.675784402441533], [134.17595224926956, -19.69538238144565], [134.1526252821581, -19.652600050619803]]]}}, {"id": "56", "type": "Feature", "properties": {"SA2_CODE21": "702031057", "SA2_NAME21": "Alligator"}, "geometry": {"type": "MultiPolygon", "coordinates": [[[[130.68915166537113, -12.751480910921126], [130.72972031369187, -12.708559980843063], [130.70607054481, -12.710970160717833], [130.69020100551612, -12.719800450689347], [130.67914106608524, -12.713490450576483], [130.70271024506656, -12.695609940582218], [130.7019601651344, -12.69046987053909], [130.6740710363627, -12.707840410504215], [130.616471009351, -12.668700249879397], [130.58587196072259, -12.684430819827586], [130.5456710129212, -12.634290269234457], [130.58283009121672, -12.6229597193496], [130.58651119082853, -12.660440369651061], [130.60903928007795, -12.604409199355075], [130.6411900083165, -12.64414961983518], [130.6039490604694, -12.578378999131264], [130.56679943221073, -12.581509288951445], [130.6057686608263, -12.50143847856347], [130.5809687022106, -12.4626285081356], [130.62324822031763, -12.447747938257699], [130.57816907265658, -12.406578927699345], [130.61769865096164, -12.381358747727527], [130.76630693368386, -12.439496809044394], [130.72707775497005, -12.526217709455494], [130.7788971328661, -12.474736999388783], [130.7744077026152, -12.545577759893972], [130.72929808451588, -12.581578219885523], [130.72937816445432, -12.59071830995477], [130.73442885415187, -12.60066815006048], [130.77856775233042, -12.559127920022192], [130.76736816258318, -12.601678380272073], [130.7771381221336, -12.599578330317684], [130.77992840187105, -12.619458580484935], [130.79185842128828, -12.621888570578943], [130.8049875112188, -12.538647620036121], [130.81420785049377, -12.582008090422123], [130.8388274995188, -12.554067700372094], [130.8672078578841, -12.596608140880932], [130.84616804878635, -12.610458330845336], [130.86930798768012, -12.611628271008207], [130.86976847733052, -12.658718711366156], [130.88926874647498, -12.648222731418805], [130.8892140249842, -12.859543203010391], [131.03874510771647, -12.86037925408498], [131.03875911806134, -12.815817383748817], [131.06868557661397, -12.815863273974474], [131.2030306797333, -12.861350115377766], [131.2133356897307, -12.803081135021522], [131.28250169683037, -12.75352312522505], [131.27312670770138, -12.705667124782936], [131.36797520369822, -12.647839005166935], [131.39640990339095, -12.535724144569794], [131.32330047756935, -12.453420403299958], [131.3407132069016, -12.43736741332953], [131.30132211885407, -12.424244422889297], [131.32760441798274, -12.385004532817904], [131.2820086903675, -12.354210112193371], [131.27538471164297, -12.243117111294156], [131.22888407406282, -12.208735050645972], [131.2971345524114, -12.042595079955023], [131.334323409231, -12.211455421557941], [131.47230410224716, -12.28369792334711], [131.7545488394033, -12.273886776066265], [131.8792678043676, -12.214537116956528], [131.93941644094645, -12.272917068075927], [132.06972296460512, -12.303526059821532], [132.23820104861565, -12.16974686085549], [132.27847138607348, -12.224197511785345], [132.35317224301713, -12.198808702556205], [132.3894017408576, -12.236398853323273], [132.4420215597134, -12.146459253333111], [132.55697765540467, -12.085448134439455], [132.69203264842236, -12.147012146842075], [132.75968261545654, -12.141430137793694], [132.77975663342357, -12.21449812865886], [132.79446963305514, -12.195187148729604], [132.8746036281275, -12.276892140579848], [132.93987062510703, -12.279389141611171], [132.98048059200832, -12.355408142840297], [132.9988174837742, -13.404096561252672], [132.42113676312474, -13.402116082709025], [132.4210193713107, -13.531068633695723], [132.4811656782202, -13.531103384517321], [132.48106172422206, -13.808522486641403], [132.36524584031864, -13.808476325070295], [132.3066138456959, -13.640729123015312], [132.2081030213842, -13.597078781418297], [132.13656773501592, -13.602353980567539], [132.02577118193832, -13.506107248497754], [131.87892366332207, -13.175724144294453], [131.85455356453724, -13.175713354024126], [131.854545463707, -13.247936944574118], [131.35235906892828, -13.247931799574355], [131.35235768715606, -13.439351411021397], [131.24320451353435, -13.348502299391495], [131.24400831226092, -13.48884685045721], [131.01347480410544, -13.488841928630404], [131.0134642844664, -13.442326638280552], [130.93295981881653, -13.411271237463968], [130.91529461904548, -13.503412158031734], [130.84598671234244, -13.542110177847164], [130.80784395442464, -13.525749797471967], [130.70507193128253, -13.280548924986535], [130.23929673480902, -13.281950132641716], [130.1630636090698, -13.176904831564379], [130.1171142714109, -13.16615528131876], [130.14112229108014, -12.93344410967207], [130.19377127859156, -12.910493489695723], [130.2471306958239, -12.948363590187672], [130.3387086816048, -12.889312750135286], [130.35272727194442, -12.669533488554917], [130.40411674933338, -12.701463489029518], [130.39358643002714, -12.662273258686987], [130.46089395693218, -12.639161948836657], [130.51358305426933, -12.667751419317279], [130.50119477459432, -12.717952389629785], [130.51916522355836, -12.750122669963659], [130.5114243341448, -12.710242149624627], [130.53577399292936, -12.719011959817461], [130.55728301199213, -12.701981379804145], [130.56992409115153, -12.743762040185691], [130.6295424183789, -12.727781170396772], [130.63094281820833, -12.745291440536182], [130.62520307843593, -12.753531560565447], [130.62435379835009, -12.775091100722442], [130.64356250761108, -12.743681290596218], [130.6214619388992, -12.70519085018144], [130.68915166537113, -12.751480910921126]]], [[[132.33641272519395, -12.09351867152609], [132.4014023625129, -12.076149182247018], [132.4219819009762, -12.120569202864205], [132.38991212215862, -12.139708992584685], [132.33641272519395, -12.09351867152609]]], [[[132.3445023237706, -12.172138622237343], [132.36022229303538, -12.17386877245647], [132.35204231320145, -12.188978722465672], [132.3445023237706, -12.172138622237343]]], [[[131.34428345973862, -12.104685220832948], [131.35727318911307, -12.109045280979668], [131.34798334950156, -12.112465230924382], [131.34428345973862, -12.104685220832948]]], [[[130.8708777777471, -12.591298060865514], [130.86903777783192, -12.59163806085573], [130.8709977577501, -12.590048040856894], [130.8708777777471, -12.591298060865514]]], [[[130.62892184865956, -12.685180130073416], [130.6223613789752, -12.684850470033819], [130.62581073884016, -12.679760140015093], [130.62892184865956, -12.685180130073416]]], [[[130.60442213973903, -12.701130940055446], [130.59970220996632, -12.700910990027559], [130.59993215996442, -12.699330940016976], [130.60442213973903, -12.701130940055446]]], [[[130.51789064459322, -12.569219998600706], [130.502961815082, -12.610240708831462], [130.54225267282646, -12.681181199568034], [130.539743632789, -12.709881749769966], [130.4866527357865, -12.623641238848997], [130.48476189610258, -12.58035074851495], [130.51789064459322, -12.569219998600706]]], [[[130.46302672684428, -12.636491118827182], [130.45498373726528, -12.629037118731684], [130.45692870720677, -12.622373128691319], [130.46302672684428, -12.636491118827182]]], [[[130.4403017185203, -12.518211107829677], [130.4298327189953, -12.521841127806471], [130.43811171864775, -12.513351127782666], [130.4403017185203, -12.518211107829677]]], [[[130.41677461926565, -12.592052268270171], [130.42066376922173, -12.563561748075257], [130.43437367849202, -12.57983174826277], [130.41677461926565, -12.592052268270171]]], [[[130.42191272929202, -12.5373311178847], [130.41834273945986, -12.537451107868634], [130.42124170934588, -12.5328321278478], [130.42191272929202, -12.5373311178847]]], [[[130.40194539992066, -12.602012728274891], [130.40077492007862, -12.580872428111126], [130.41620470927822, -12.594992328289486], [130.40194539992066, -12.602012728274891]]], [[[130.3964358800637, -12.626552978432883], [130.36490652156775, -12.625773298282319], [130.37778613099783, -12.616723128273188], [130.3964358800637, -12.626552978432883]]], [[[130.3916956204132, -12.600772858217866], [130.39320577028275, -12.612982928316278], [130.3850257907217, -12.602472948199772], [130.3916956204132, -12.600772858217866]]], [[[130.36757671122106, -12.672463108643742], [130.35778672174007, -12.661503118517532], [130.37045675109624, -12.669753118636557], [130.36757671122106, -12.672463108643742]]], [[[130.0976148021905, -13.221235181660653], [130.10194469207042, -13.19399530147305], [130.1083546316418, -13.223585051715165], [130.0976148021905, -13.221235181660653]]], [[[130.01951582626597, -13.175626211067646], [130.01677559656574, -13.124776420681604], [130.01848547652384, -13.111206450586057], [130.027665555938, -13.150856220908953], [130.07501495350056, -13.171225671212717], [130.01951582626597, -13.175626211067646]]]]}}, {"id": "57", "type": "Feature", "properties": {"SA2_CODE21": "702031058", "SA2_NAME21": "Daly"}, "geometry": {"type": "MultiPolygon", "coordinates": [[[[130.23929673480902, -13.281950132641716], [130.70507193128253, -13.280548924986535], [130.80784395442464, -13.525749797471967], [130.84598671234244, -13.542110177847164], [130.91529461904548, -13.503412158031734], [130.93295981881653, -13.411271237463968], [131.0134642844664, -13.442326638280552], [131.01347480410544, -13.488841928630404], [131.24400831226092, -13.48884685045721], [131.24320451353435, -13.348502299391495], [131.35235768715606, -13.439351411021397], [131.35235906892828, -13.247931799574355], [131.854545463707, -13.247936944574118], [131.85455356453724, -13.175713354024126], [131.87892366332207, -13.175724144294453], [132.02577118193832, -13.506107248497754], [132.13656773501592, -13.602353980567539], [132.2081030213842, -13.597078781418297], [132.3066138456959, -13.640729123015312], [132.36877627029642, -13.79674813502766], [132.02141202842876, -13.808460260748971], [132.0214066156327, -14.033896562463356], [131.94591874968845, -14.033890681581394], [131.9880506168314, -14.08219912243753], [131.99789160562614, -14.136862142968097], [132.0345367230474, -14.184242103761678], [132.0381806326693, -14.198587113914096], [131.96422477677243, -14.192468372996792], [131.7891180344522, -14.355034432259385], [131.65991042106447, -14.403230751254423], [131.70766580673924, -14.5543865128933], [131.70475653576477, -14.656816173635342], [131.728370754348, -14.66395156393925], [130.64363378586378, -14.66421886494447], [130.64298827491035, -14.821782546110983], [130.27820094557165, -14.892084484744416], [130.21570174929664, -14.867383414296489], [130.15594884307066, -14.788309273475432], [129.96778806382443, -14.804581962948046], [129.88989889840224, -14.770264002472828], [129.76898947520684, -14.82801369260245], [129.74948935637147, -14.80968376242652], [129.77681923483163, -14.795363862380196], [129.7938090739181, -14.769044002225192], [129.80403907333033, -14.769404012251345], [129.8099690130052, -14.763304022220407], [129.81005898300748, -14.760304052198606], [129.7344093772731, -14.793953842280244], [129.67240946089436, -14.7634540019399], [129.58363379619792, -14.616225170724336], [129.692388790039, -14.612774740871346], [129.78429177501155, -14.53552712048956], [129.78371974543512, -14.366455119245757], [129.8079217641745, -14.331857119045495], [129.83432254268823, -14.341486489178324], [129.86504086112268, -14.290227958876809], [129.9403947467754, -14.35322811954439], [130.05129174091385, -14.271398129284673], [129.85768976212628, -14.061519117173042], [129.94796155759875, -13.941842196530404], [129.8324875742633, -13.747877274798288], [129.8841735416166, -13.71876528470958], [129.90246238080448, -13.664451934355485], [129.88378595191395, -13.614792143940026], [129.81474018551148, -13.615027773776603], [129.81733069564245, -13.501746582945392], [129.87670977257682, -13.50241311309106], [129.89743929167457, -13.440396152684812], [129.92863926982386, -13.528265473418053], [130.0192778451356, -13.528814523687085], [130.1575149883236, -13.442703143520118], [130.23929673480902, -13.281950132641716]]], [[[129.71985945806972, -14.81325371239271], [129.6713295009192, -14.78357388208536], [129.73206943738603, -14.804123792350056], [129.71985945806972, -14.81325371239271]]]]}}, {"id": "58", "type": "Feature", "properties": {"SA2_CODE21": "702031059", "SA2_NAME21": "Thamarrurr"}, "geometry": {"type": "Polygon", "coordinates": [[[129.79506175616817, -13.777865124935252], [129.81474018551148, -13.615027773776603], [129.88378595191395, -13.614792143940026], [129.8841735416166, -13.71876528470958], [129.8324875742633, -13.747877274798288], [129.94796155759875, -13.941842196530404], [129.85768976212628, -14.061519117173042], [130.0479787410562, -14.282866129358332], [129.9403947467754, -14.35322811954439], [129.86504086112268, -14.290227958876809], [129.83432254268823, -14.341486489178324], [129.8079217641745, -14.331857119045495], [129.78371974543512, -14.366455119245757], [129.78429177501155, -14.53552712048956], [129.66934875140322, -14.580474910593788], [129.52627967952395, -14.55227612018626], [129.48824383171754, -14.503325629789769], [129.52307336980306, -14.465545449548022], [129.49044354163627, -14.460155619475968], [129.48268382203224, -14.500935669767221], [129.48167354213717, -14.449635669391025], [129.454003693688, -14.446375829344234], [129.47446380250312, -14.490975719687134], [129.45319405368576, -14.505045839772645], [129.4511639238171, -14.483565859614037], [129.39785384684572, -14.416116149086749], [129.35677415913557, -14.423616369123733], [129.36702357859787, -14.338086318502514], [129.4194529757205, -14.291106008184716], [129.40930272631337, -14.235926077775098], [129.51204143077845, -14.127035497056422], [129.47899119264858, -14.047915676446152], [129.5369907794958, -14.060265116592443], [129.5419993491261, -14.14451433721613], [129.56716091783136, -14.083845106800318], [129.60929647556563, -14.069576706750754], [129.59064647662734, -14.0328469164556], [129.5988061562181, -14.01047685630213], [129.64088587388952, -14.047186426632605], [129.72131456960554, -14.013415676521573], [129.75240380805795, -13.952185506131157], [129.7211834999304, -13.85139591532823], [129.79506175616817, -13.777865124935252]]]}}, {"id": "59", "type": "Feature", "properties": {"SA2_CODE21": "702031060", "SA2_NAME21": "Tiwi Islands"}, "geometry": {"type": "MultiPolygon", "coordinates": [[[[130.65693571529064, -11.335603120065587], [130.71093673210805, -11.48868510153439], [130.7519057204363, -11.477919101698408], [130.81036170763616, -11.527370102435373], [130.7333367015381, -11.426883121200397], [130.69665373308675, -11.426610110981429], [130.70481772299348, -11.384960120714345], [130.84908772713854, -11.354747101376658], [130.89934972534877, -11.309304111363625], [131.0325467193723, -11.367234102734653], [131.04047670940562, -11.318614112423191], [131.14833544546306, -11.249861242714067], [131.20943670216212, -11.343825113912862], [131.2043096932596, -11.23653310305452], [131.27628371068985, -11.189739113285865], [131.316033708717, -11.228907113919009], [131.30330768885284, -11.273739124153144], [131.35271470701804, -11.249983124394596], [131.38248469534602, -11.29901311502871], [131.40091668494398, -11.259140104887067], [131.4371107033759, -11.266914125270409], [131.46559869107742, -11.386017126439594], [131.52297168859454, -11.39425012703553], [131.54369368715282, -11.45291012768014], [131.46144868004708, -11.514028117379317], [131.46865169883904, -11.609403128173602], [131.38027370286315, -11.583696117181294], [131.2813066957472, -11.740056117520291], [131.08233468366083, -11.835742116660198], [130.95281870860026, -11.940328106510483], [130.86245672319785, -11.85487111524965], [130.6871647212749, -11.796534113719606], [130.68277074167943, -11.761133113426915], [130.586655736273, -11.689813112351137], [130.4926340705293, -11.654914731601377], [130.49105972109547, -11.557301110858479], [130.4324197338646, -11.503459110170128], [130.41026372546273, -11.364550099021582], [130.38406475664655, -11.345995098763321], [130.4110117156687, -11.314133108645356], [130.3637857179084, -11.254030107981436], [130.37306274790592, -11.169523097385817], [130.40177973674454, -11.165647107484801], [130.5161446014606, -11.280048998893935], [130.59593070809444, -11.289453109380435], [130.6039117275866, -11.321097119662495], [130.554839739416, -11.361816119709019], [130.56927472861494, -11.398028110057941], [130.63769473586956, -11.374927110254703], [130.65693571529064, -11.335603120065587]]], [[[130.6612227151578, -11.327660110029825], [130.66087271524847, -11.31458911992906], [130.66506773500316, -11.326662100044114], [130.6612227151578, -11.327660110029825]]], [[[130.64680572289865, -11.821441113675595], [130.65229973272255, -11.810290103622668], [130.66113372230345, -11.815608113713136], [130.64680572289865, -11.821441113675595]]], [[[130.6139313448236, -11.736861962854356], [130.64077661351794, -11.7603492431809], [130.60575972467115, -11.826991113488793], [130.49949873933096, -11.829616112950571], [130.3134797377733, -11.77070412164955], [130.04950576916033, -11.823989111088512], [130.02052875058044, -11.776352110645426], [130.07355272829471, -11.764846110721173], [130.07632873848667, -11.668890110011995], [130.1511587351077, -11.706910110545975], [130.20232002310254, -11.64942052029951], [130.2104347324846, -11.718610120848547], [130.23417576136399, -11.740507101103113], [130.22048074223696, -11.670052110522368], [130.30324273840608, -11.727570111282947], [130.24630949108376, -11.678599780685907], [130.25867474055917, -11.675780120713378], [130.26416072037898, -11.661733110629756], [130.19092172362954, -11.640336120189383], [130.19528574390628, -11.517223109282103], [130.21804173295615, -11.512019119327622], [130.2253127526795, -11.50350811929124], [130.23108373234675, -11.525663109479506], [130.2545147213171, -11.533049099625735], [130.2639447507962, -11.562010109880386], [130.2613247510526, -11.526573099603947], [130.23120575245474, -11.496855109263754], [130.1482727560376, -11.481661118847883], [130.2445247524068, -11.36647310833592], [130.24149174242618, -11.393735108528979], [130.2493587320658, -11.401080108614607], [130.25669673176756, -11.398382108622997], [130.25218475216892, -11.345599108208834], [130.33863973867065, -11.317995108354193], [130.4006207555892, -11.424078109425677], [130.37622272623716, -11.507581119944152], [130.46463175213262, -11.576096110870548], [130.46896572149308, -11.666717121573727], [130.55345273770573, -11.691134122184716], [130.59230176580147, -11.730502382688313], [130.60408155525946, -11.735672132791352], [130.61072138496223, -11.737072012838285], [130.6139313448236, -11.736861962854356]]], [[[130.61360138484076, -11.736371972848845], [130.61131140494703, -11.735222012827577], [130.6140613148265, -11.735351972843688], [130.61360138484076, -11.736371972848845]]], [[[130.56825173884417, -11.363643109793088], [130.57028171877238, -11.361191109785288], [130.57032358875384, -11.364287309808871], [130.56825173884417, -11.363643109793088]]], [[[130.4098217451849, -11.42746110949317], [130.40661773532523, -11.42639110947044], [130.40846372526778, -11.422043109446161], [130.4098217451849, -11.42746110949317]]], [[[130.16806998493004, -11.554681359464771], [130.16899000489028, -11.554791339468858], [130.16830001491772, -11.555351349470609], [130.16806998493004, -11.554681359464771]]]]}}, {"id": "60", "type": "Feature", "properties": {"SA2_CODE21": "702031061", "SA2_NAME21": "West Arnhem"}, "geometry": {"type": "MultiPolygon", "coordinates": [[[[132.5417716531293, -11.593048140418373], [132.55470163311588, -11.555425130306421], [132.49571164642236, -11.498435119052507], [132.5269766355225, -11.468718129250995], [132.23788565786617, -11.455969125351194], [132.11589365196068, -11.540446124506717], [132.03482364609368, -11.482996123105925], [132.06007664564038, -11.432200123010253], [131.940265661082, -11.396936121362666], [131.98494267943875, -11.377544131719297], [131.9660826606299, -11.342915121238347], [131.91852166242631, -11.35899812082796], [131.94360669182683, -11.320269130810573], [131.86008067559263, -11.293719129683558], [131.7768606786965, -11.325623119039102], [131.7594346696882, -11.300690108665313], [131.80490566786574, -11.29489711909962], [131.79980968837376, -11.267627118836137], [131.8520546860617, -11.28143811950212], [131.81529667833271, -11.212917118580627], [131.88086267538966, -11.235199109460465], [131.87617867604382, -11.194053119092885], [131.87906166602082, -11.185570129059174], [131.88324368588843, -11.182115119078388], [131.92892766313668, -11.259173120176255], [131.9617036818536, -11.253202130498474], [131.99424967201475, -11.125095119882072], [132.04658664899512, -11.199670121061073], [132.07599064803054, -11.179797131252757], [132.0864426769608, -11.232686131784021], [132.11448865606351, -11.211830121956998], [132.1006646451871, -11.329943132702661], [132.12358266397794, -11.350762123137347], [132.1376356740602, -11.29692312289144], [132.14534166267404, -11.382745123646442], [132.1704576411486, -11.420657124244439], [132.17744568115214, -11.397092114148219], [132.20449965976823, -11.416918124634286], [132.18470965128708, -11.362309123969], [132.22302366958627, -11.370425124505383], [132.2373826493769, -11.34009713445042], [132.19815165149552, -11.30162113366611], [132.17327968225095, -11.323500113529505], [132.2002876723841, -11.224467123096833], [132.1356276663019, -11.122361121520443], [132.18762264407974, -11.131107122220081], [132.28227265836088, -11.274874124512275], [132.2657316603216, -11.176177123540146], [132.32026666820363, -11.167883134170335], [132.3339226683271, -11.116452133948263], [132.38304064509947, -11.20823512529785], [132.37347366432545, -11.295042125844194], [132.39797867324287, -11.300143126205818], [132.41989064333197, -11.227146125930918], [132.45098765218316, -11.217876126274396], [132.5069256591267, -11.272284127453696], [132.5018606585239, -11.33020512783338], [132.62243464233777, -11.411491140141843], [132.66839364886613, -11.51623112161121], [132.73414365605686, -11.518111132581556], [132.8489646231582, -11.392585143319002], [132.89574762066258, -11.427036134301373], [132.90920564077058, -11.384669134178683], [132.86506163330674, -11.340157133155543], [132.9182686312253, -11.332244133910272], [133.07564764158454, -11.520305147864164], [133.15284162515434, -11.706942140581083], [133.24926159054993, -11.732867132395732], [133.33986659733236, -11.693982133643495], [133.3535846162869, -11.719452144080712], [133.31647560778416, -11.725211153483691], [133.3165215970262, -11.767829143817615], [133.3695916145609, -11.777093144810358], [133.40189360396442, -11.732736145029424], [133.39815560347694, -11.768572135244092], [133.45621461034, -11.802470156537433], [133.53435358772177, -11.7609871376191], [133.5176915962778, -11.877037138226124], [133.56339160557144, -11.808440138520519], [133.63069760209692, -11.837138159987077], [133.66855459162832, -11.776020150214308], [133.7395515784151, -11.783130151612324], [133.79446757717992, -11.725590152213003], [133.9184895714574, -11.744416164787019], [133.94118056993165, -11.77108814544819], [133.84727859313716, -11.813572153930041], [133.8232315836268, -11.84129415367971], [133.83914657221658, -11.87696916426998], [133.9159275679613, -11.920930156125848], [134.0388965739417, -11.855303168080344], [134.07582256061397, -11.936505159475482], [134.1315625889456, -11.90004516033875], [134.1942615533898, -12.02957317267186], [134.16233956326212, -12.101045162565919], [134.1823905816189, -12.135510163258093], [134.1936355724274, -12.07514416301832], [134.2538305706391, -12.034563163972829], [134.24597256208497, -11.984570163410666], [134.49557454904385, -12.072652169551755], [134.60453554472113, -12.05047516183744], [134.68937355307497, -11.962013183086912], [134.7595935302474, -11.951359184640767], [134.76488952670135, -12.087910175850451], [134.80639728434144, -12.108875086997122], [134.76667525308636, -12.233319517047411], [134.77136691384553, -12.603228550092672], [134.69727724494876, -12.701160559131596], [134.6483878630539, -12.876627419385875], [135.0000085160003, -12.883321227825705], [135.00000851297364, -13.001606318764324], [134.93297002624772, -13.000831147117252], [134.841684837324, -13.13554352598031], [132.999001518373, -13.127765149119696], [132.98048059200832, -12.355408142840297], [132.93987062510703, -12.279389141611171], [132.8746036281275, -12.276892140579848], [132.79446963305514, -12.195187148729604], [132.77975663342357, -12.21449812865886], [132.75968261545654, -12.141430137793694], [132.57718062420233, -12.105852144880282], [132.6289686421545, -12.086891135467443], [132.65533120389716, -11.889801514319485], [132.63618462575045, -11.82112513351315], [132.58045963867, -11.787522142463724], [132.6448506367456, -11.727995132915481], [132.5442346312121, -11.719990131435333], [132.50051866364055, -11.681763130537123], [132.5057526540507, -11.636704120260115], [132.59718262987894, -11.65418013166632], [132.5417716531293, -11.593048140418373]]], [[[134.66833082505036, -11.917899372249723], [134.66671081512936, -11.917559402209626], [134.66694080512715, -11.917229402212314], [134.66833082505036, -11.917899372249723]]], [[[134.217484563791, -11.963996162644053], [134.21399056417454, -11.953457162486972], [134.22258157378195, -11.954126162673925], [134.217484563791, -11.963996162644053]]], [[[134.21290757560715, -11.889865171961828], [134.2116865756171, -11.891861171951815], [134.21136555568535, -11.88937116192537], [134.21290757560715, -11.889865171961828]]], [[[134.18501555233263, -12.097207153011093], [134.16482754314634, -12.101260152619675], [134.1824055426683, -12.087102162876532], [134.18501555233263, -12.097207153011093]]], [[[133.39108960871184, -11.495423152981804], [133.46675760609045, -11.464718144079313], [133.49251361408162, -11.515012134934844], [133.43596562662484, -11.506304153857748], [133.38484861803352, -11.547729143282137], [133.39108960871184, -11.495423152981804]]], [[[133.35951961750956, -11.636925143538322], [133.40807261637144, -11.585237133983481], [133.4814365926322, -11.618989145551206], [133.38759560635685, -11.634324154008171], [133.40169558526156, -11.661571154468943], [133.36910262628888, -11.682110154058826], [133.35951961750956, -11.636925143538322]]], [[[133.3206566186345, -11.667132143101625], [133.31580360898238, -11.659241152956337], [133.3223495886754, -11.66073915308082], [133.3206566186345, -11.667132143101625]]], [[[133.0267106435734, -10.91277213233674], [133.03194364346874, -10.906486132370803], [133.04366263300136, -10.906737142559482], [133.0267106435734, -10.91277213233674]]], [[[133.01700664143766, -11.06794514339489], [132.99044062252318, -11.06694414296729], [132.97802062338974, -11.044143132594112], [133.01700664143766, -11.06794514339489]]], [[[132.86358064649272, -11.139990131574075], [132.92041965371521, -11.169673122676546], [132.85703564663334, -11.148026121537285], [132.86358064649272, -11.139990131574075]]], [[[132.87206463739898, -11.059905131079075], [132.85910965814955, -11.045162130767233], [132.87752663736597, -11.047958131069198], [132.87206463739898, -11.059905131079075]]], [[[132.82500665028886, -10.995190129862989], [132.81846063088912, -10.973133139592901], [132.821801660853, -10.966819119593803], [132.83272764030718, -10.973992129813887], [132.82500665028886, -10.995190129862989]]], [[[132.81810964026377, -11.014771119912053], [132.82465562991896, -11.020140140052108], [132.81688963017015, -11.02404613996602], [132.81810964026377, -11.014771119912053]]], [[[132.7980926352349, -11.395576122576461], [132.77871361638637, -11.373136122113214], [132.80298962513515, -11.388771142596768], [132.7980926352349, -11.395576122576461]]], [[[132.78503063698673, -11.316637121767773], [132.7822836471083, -11.316122141722907], [132.78574764696535, -11.316095131774226], [132.78503063698673, -11.316637121767773]]], [[[132.73275362962835, -11.284890120749099], [132.71979963009048, -11.289720120597238], [132.71957063017692, -11.284578140553933], [132.73275362962835, -11.284890120749099]]], [[[132.72680364703515, -11.47375213212944], [132.7230496271773, -11.474811122082727], [132.72333965718795, -11.473291132075161], [132.72680364703515, -11.47375213212944]]], [[[132.66115964365883, -11.21173812914321], [132.6619076439964, -11.186698138959397], [132.68243064313126, -11.188531129268691], [132.66115964365883, -11.21173812914321]]], [[[132.61388864679537, -11.12883312782682], [132.58659066722115, -11.1763371378118], [132.63154365523437, -11.186834128527261], [132.603298646165, -11.202270118247728], [132.61962662426876, -11.286827129134643], [132.5883316345565, -11.356564139234653], [132.47018264222436, -11.158074116069356], [132.5081466509044, -11.14191412645961], [132.51347065140368, -11.090888126136617], [132.4620956642008, -11.038685125034842], [132.54824464069463, -11.041722126233307], [132.56461767092352, -10.979392125976243], [132.59487564984812, -10.970153136326724], [132.5796016398584, -11.012049126438502], [132.61388864679537, -11.12883312782682]]], [[[132.45947265614546, -11.628714119568874], [132.45115762666106, -11.617203129367743], [132.46383663606574, -11.621006129568201], [132.45947265614546, -11.628714119568874]]], [[[132.45866576448248, -11.028241724907756], [132.45708578460656, -11.023831734852342], [132.4591457345425, -11.022481734869546], [132.45866576448248, -11.028241724907756]]], [[[132.33818167251775, -11.54056513728251], [132.33609164277362, -11.528020137158512], [132.33522166298087, -11.515226127048399], [132.33612164294834, -11.514810117056843], [132.33818167251775, -11.54056513728251]]], [[[132.32492165253393, -11.581748127429037], [132.29634266370138, -11.58565113709193], [132.30441366364707, -11.563662127025522], [132.32492165253393, -11.581748127429037]]], [[[132.28873757031232, -11.104790863279465], [132.2882875603673, -11.101970853251933], [132.2902375403, -11.101070883269752], [132.28873757031232, -11.104790863279465]]], [[[132.19100827412268, -11.116770442150925], [132.18859825421356, -11.11732043212558], [132.19026827417122, -11.115300452130482], [132.19100827412268, -11.116770442150925]]], [[[132.1753406488631, -11.585795135577374], [132.16826165924454, -11.57949712544213], [132.17203064911263, -11.577207125470615], [132.1753406488631, -11.585795135577374]]], [[[132.15661867021998, -11.54127912500549], [132.15539866026995, -11.541428124991787], [132.1555206702763, -11.540506114986167], [132.15661867021998, -11.54127912500549]]], [[[132.1526216600839, -11.5657341251453], [132.15532167989315, -11.571782125224761], [132.15376564995495, -11.572142135208596], [132.1526216600839, -11.5657341251453]]], [[[132.1111486512849, -11.611618114997908], [132.11409266159615, -11.576193114760427], [132.1305876710292, -11.565196124874198], [132.14976764966443, -11.60901413544405], [132.1111486512849, -11.611618114997908]]], [[[131.9593996892139, -11.488712122283966], [131.95517367957459, -11.473039132115678], [131.96496965902836, -11.484428122314132], [131.9593996892139, -11.488712122283966]]]]}}, {"id": "61", "type": "Feature", "properties": {"SA2_CODE21": "702041062", "SA2_NAME21": "Anindilyakwa"}, "geometry": {"type": "MultiPolygon", "coordinates": [[[[136.98378235328738, -14.262443256285026], [136.97586335399913, -14.254265255955744], [136.984988353297, -14.260314256308007], [136.98378235328738, -14.262443256285026]]], [[[136.97149937457138, -14.244596245732808], [136.96243536508388, -14.243861265425934], [136.967974354898, -14.240663255584034], [136.97149937457138, -14.244596245732808]]], [[[136.95541637617677, -14.223316255027587], [136.96460237564898, -14.224326255340435], [136.95947536577506, -14.22859526520472], [136.95541637617677, -14.223316255027587]]], [[[136.9294733677721, -13.639471249458106], [136.9607383966928, -13.624596250371344], [136.96365339641565, -13.628312250497952], [136.95150739631666, -13.64906224026355], [136.9294733677721, -13.639471249458106]]], [[[136.95952135329946, -14.299513255777596], [136.95830035362593, -14.292042255676911], [136.9635953730503, -14.300353245919554], [136.95952135329946, -14.299513255777596]]], [[[136.40815958353866, -13.976318255548918], [136.42258044797123, -13.815629194703583], [136.49505841340803, -13.84021923714662], [136.530837033356, -13.785028437819818], [136.55223639110608, -13.819807998770024], [136.6314713980103, -13.789238251024143], [136.57504440415136, -13.691435238454135], [136.63626140111333, -13.68834125036377], [136.63148640030514, -13.720083230467903], [136.67546140862336, -13.702720241726853], [136.6785283992054, -13.68056723164623], [136.69462639935495, -13.651434251925734], [136.7312473871037, -13.662738253190922], [136.72032239584482, -13.716885253276534], [136.68113737718488, -13.737058242184638], [136.6970623250973, -13.77490660299858], [136.73536082325234, -13.770946024195437], [136.71250175366558, -13.793796283645358], [136.7268604512608, -13.843185514504158], [136.8281361957722, -13.849853767834565], [136.8372867069163, -13.802424247750261], [136.79700775792264, -13.834174476696345], [136.83938684875451, -13.74539451735865], [136.9052248447203, -13.764113579666144], [136.924414542267, -13.806513170640557], [136.85781401207254, -13.912822459310943], [136.8125958747315, -13.904123307766369], [136.77089732531653, -13.951113216793006], [136.76432937369145, -14.00924325704879], [136.80636737050716, -14.037674258639885], [136.7590193926564, -14.048059247189723], [136.75171037170094, -14.08769424727276], [136.72046137394773, -14.070235256126194], [136.69880336333117, -14.122692245853175], [136.710742370908, -14.175732246662443], [136.76298736740262, -14.196717238513946], [136.78793537633172, -14.188942249259107], [136.77630837845396, -14.144831248527488], [136.8638323714872, -14.211733251916229], [136.89576838012732, -14.201565242882655], [136.91384938138236, -14.137371262960906], [136.96319635777508, -14.165502254819659], [136.93336537800124, -14.2048322541487], [136.95073134361448, -14.304085255522965], [136.81373839132988, -14.294810260948976], [136.75384736577732, -14.259042238719791], [136.64882238016878, -14.29677724565534], [136.43735599486487, -14.19628626821316], [136.32470863931277, -14.24609746515569], [136.32446895037467, -14.213307714886007], [136.44261659694962, -14.123456837792116], [136.40815958353866, -13.976318255548918]]], [[[136.95280735180705, -14.352704255983298], [136.94774236213283, -14.351235265803613], [136.9528843719447, -14.348640245953131], [136.95280735180705, -14.352704255983298]]], [[[136.93553537287437, -14.348939265381034], [136.933047353161, -14.344576255263629], [136.94234036246021, -14.350242255616719], [136.93553537287437, -14.348939265381034]]], [[[136.93661539654286, -13.664522249896278], [136.9293523771142, -13.658722259609686], [136.93725538657964, -13.662511239901162], [136.93661539654286, -13.664522249896278]]], [[[136.9086153681997, -13.657963258920368], [136.90068037792233, -13.67782524881987], [136.88696338869326, -13.675817258353204], [136.9086153681997, -13.657963258920368]]], [[[136.82303135942362, -14.335789251581197], [136.82040937962228, -14.334136241482465], [136.81752536996197, -14.32878025134545], [136.82303135942362, -14.335789251581197]]], [[[136.7945293890096, -14.100017238757424], [136.79028735932235, -14.097447238599122], [136.7936113793905, -14.090263248649123], [136.7945293890096, -14.100017238757424]]], [[[136.7381908959543, -13.686346393604536], [136.7504804050046, -13.695836154076753], [136.73349100588106, -13.695686413528687], [136.7381908959543, -13.686346393604536]]], [[[136.7018021895394, -13.634967162022582], [136.68615263058044, -13.627707351463648], [136.70034211020405, -13.617327201833637], [136.7018021895394, -13.634967162022582]]], [[[136.68025240060925, -13.635862241340993], [136.68783740004272, -13.641232241626486], [136.6802833902257, -13.647307251434215], [136.68025240060925, -13.635862241340993]]], [[[136.6654684097364, -13.684715251263217], [136.6656364207539, -13.65391624102042], [136.68231340974592, -13.658572251589804], [136.6654684097364, -13.684715251263217]]], [[[136.66000936923993, -14.30645224608948], [136.65762836934445, -14.307175246019371], [136.6574923694554, -14.304085245990228], [136.66000936923993, -14.30645224608948]]], [[[136.64352640178942, -13.656772240340144], [136.65377939105278, -13.663155240717442], [136.64708139133793, -13.664888240518465], [136.64352640178942, -13.656772240340144]]], [[[136.64267138144376, -13.668496240407428], [136.63179241228613, -13.659890249992861], [136.64030542196747, -13.656370230234621], [136.64267138144376, -13.668496240407428]]], [[[136.62910740253076, -13.656654239881668], [136.62756538256255, -13.658074249844232], [136.62677239267126, -13.656017229802531], [136.62910740253076, -13.656654239881668]]], [[[136.62895541223654, -13.665764239950228], [136.62124939262398, -13.66597524970778], [136.62896939240832, -13.660560239908751], [136.62895541223654, -13.665764239950228]]], [[[136.6257194021967, -13.671964229897597], [136.62439240228414, -13.671377249850824], [136.6262683922078, -13.670781229905465], [136.6257194021967, -13.671964229897597]]], [[[136.61116342306082, -13.668377249407948], [136.61032341312904, -13.667614239375249], [136.61076739311687, -13.667295239386714], [136.61116342306082, -13.668377249407948]]], [[[136.61001841326097, -13.664097239337277], [136.60408139363167, -13.662074239133345], [136.60749940349697, -13.660856239231551], [136.61001841326097, -13.664097239337277]]], [[[136.60910339318553, -13.667795239338126], [136.6076224032305, -13.668729249298833], [136.60910339320895, -13.667086249332419], [136.60910339318553, -13.667795239338126]]], [[[136.59126540410793, -13.667518308772646], [136.58630557481408, -13.653798448505826], [136.60256511387723, -13.656988239044498], [136.59126540410793, -13.667518308772646]]], [[[136.59207538366732, -13.679618258895601], [136.5915454038624, -13.674528278837911], [136.594425283703, -13.674888248931655], [136.59207538366732, -13.679618258895601]]], [[[136.56972040329896, -13.725646238561945], [136.58507041259475, -13.72304624902428], [136.57879839270882, -13.72937723887765], [136.56972040329896, -13.725646238561945]]], [[[136.57429842103693, -13.78716824920092], [136.5720958215929, -13.773748029023652], [136.57854041121337, -13.775158229237864], [136.57429842103693, -13.78716824920092]]], [[[136.54672639438326, -13.728669247864234], [136.5450473945089, -13.727474237801987], [136.54748840440698, -13.726752237872704], [136.54672639438326, -13.728669247864234]]], [[[136.53798139580203, -13.699105227352424], [136.5295444265938, -13.688147237000258], [136.53979840610916, -13.686882237310993], [136.53798139580203, -13.699105227352424]]], [[[136.46680040808573, -13.741406235474525], [136.53093711602168, -13.703448877166903], [136.5191073937381, -13.791904247508391], [136.46680040808573, -13.741406235474525]]], [[[136.41601048417456, -13.633650803039428], [136.4170804445016, -13.621790802977046], [136.4200603840073, -13.632420733154236], [136.41601048417456, -13.633650803039428]]], [[[136.38618841372585, -13.69517523261758], [136.4004554223367, -13.715595233219428], [136.38025132405082, -13.694550822430616], [136.38618841372585, -13.69517523261758]]], [[[136.3808954032721, -13.717816232637173], [136.3773244235522, -13.71480922250365], [136.37906339359702, -13.710619232523262], [136.3808954032721, -13.717816232637173]]], [[[136.37306122022372, -13.825550003262023], [136.33394180182097, -13.839210332177297], [136.35704170157425, -13.809350272642194], [136.37306122022372, -13.825550003262023]]], [[[136.32359742024963, -13.59104521987116], [136.31760142055384, -13.59107822968934], [136.31918742058681, -13.587495239708721], [136.32359742024963, -13.59104521987116]]], [[[136.3019164177834, -13.70376722011817], [136.29936740791067, -13.703887230041923], [136.3002524179203, -13.70214623005476], [136.3019164177834, -13.70376722011817]]], [[[136.19201434077146, -13.789152177498591], [136.1499854333293, -13.776940226150845], [136.16847943058966, -13.834180227158225], [136.1183864333257, -13.83001722564086], [136.11292504665875, -13.731253124689315], [136.17182042306644, -13.749059236575967], [136.18134141481178, -13.677247226283965], [136.24225443201485, -13.666756228021516], [136.29300442810805, -13.707990239882221], [136.30165741676672, -13.736261230371007], [136.252188418791, -13.753008229011716], [136.284063426048, -13.787665240250817], [136.25969540739416, -13.785014229494273], [136.24826740594432, -13.849849229669879], [136.2050694379693, -13.85705621843227], [136.19201434077146, -13.789152177498591]]], [[[136.29781140797476, -13.704391229998846], [136.2937674281857, -13.704296229875677], [136.29797941802994, -13.702375229987764], [136.29781140797476, -13.704391229998846]]], [[[136.29071540575427, -13.786058240439097], [136.28887040596123, -13.782540220355076], [136.2926384057856, -13.781925230464145], [136.29071540575427, -13.786058240439097]]], [[[136.27243541266333, -13.597121228371273], [136.27063541296673, -13.590405228263096], [136.27557941266093, -13.592118218425972], [136.27243541266333, -13.597121228371273]]], [[[136.26715640523926, -13.841018220168026], [136.26399842564297, -13.833436240012038], [136.26505141563965, -13.831807240030733], [136.26715640523926, -13.841018220168026]]], [[[136.22565241494155, -13.600500216992113], [136.24564141443503, -13.584179227460883], [136.2477174238457, -13.599578237646808], [136.22565241494155, -13.600500216992113]]], [[[136.18279141504325, -13.667426226248441], [136.18288342517369, -13.663087236216414], [136.18472843501672, -13.665089226287407], [136.18279141504325, -13.667426226248441]]], [[[136.17066143031425, -13.839377237264719], [136.1682194404766, -13.838246237183046], [136.17099742033733, -13.83807421726428], [136.17066143031425, -13.839377237264719]]], [[[136.08832576550256, -13.810113134596259], [136.0856657856063, -13.811233144527069], [136.08902575550434, -13.808873134606914], [136.08832576550256, -13.810113134596259]]]]}}, {"id": "62", "type": "Feature", "properties": {"SA2_CODE21": "702041063", "SA2_NAME21": "East Arnhem"}, "geometry": {"type": "MultiPolygon", "coordinates": [[[[135.35291351671492, -12.23100220157229], [135.31426150814772, -12.242490200659542], [135.2228014936556, -12.190008197889119], [135.30533551071358, -12.161551179781618], [135.305456511691, -12.12475819949062], [135.3670095300231, -12.084922180771716], [135.45273451540152, -12.11484619326639], [135.51956751393064, -12.060525204611185], [135.56953951060245, -12.100640196276382], [135.65434648857018, -12.039296198088751], [135.91047749982542, -11.952537194537907], [135.83149949234476, -11.984629202562596], [135.65419450526122, -12.15665619902676], [135.65764349350175, -12.213400199576554], [135.7216524786724, -12.281813201887596], [135.70767648850455, -12.309809191726018], [135.7699624968117, -12.270653203139632], [135.8039284773509, -12.199124193514072], [135.8858814951285, -12.149718205426927], [135.89288547362267, -12.19040820595314], [136.04507448063666, -12.063069209298177], [135.92859047111867, -12.221137197217185], [135.96893547773843, -12.274005208798386], [136.01347548693857, -12.233588199756873], [136.06295845424853, -12.24913422131857], [136.008881485447, -12.290404200081674], [136.02324047391923, -12.31975321073358], [135.97607648456307, -12.369892209775507], [135.9665704637286, -12.41250621984505], [136.01481846199954, -12.396607211108524], [136.01648244901716, -12.493561211937003], [136.06424047873375, -12.430100222813914], [136.08537546693086, -12.457688213653343], [136.15113945458194, -12.435825215410137], [136.22023147008645, -12.478977227808995], [136.30412244869402, -12.400204229690928], [136.3435964712336, -12.26200922976902], [136.37913345000197, -12.250397220756224], [136.33916946323114, -12.204632219170788], [136.22892646786087, -12.21437721593289], [136.21627746931253, -12.185623225323479], [136.16998247118136, -12.192116224001333], [136.16715946218085, -12.16354021368714], [136.21635346030055, -12.153410205065562], [136.26463146083046, -12.066933215809666], [136.34147344773254, -12.057628218051455], [136.41546146762988, -11.95777120949753], [136.56162447255, -11.917743233695337], [136.562326483841, -11.876736223384384], [136.58077445178392, -11.91573722427835], [136.44536945504004, -11.998297220743925], [136.48994044183513, -12.03755822243753], [136.53101546151487, -11.991355233337927], [136.64881543725326, -12.270125219297594], [136.7417704630062, -12.272261232276552], [136.76201843339507, -12.233188242609216], [136.6807364385735, -12.186306239630115], [136.7820834349813, -12.158596242648882], [136.9268044244107, -12.28067624835101], [136.93381443225945, -12.33466124902067], [136.87777142369404, -12.367130237447983], [136.87070644352005, -12.381769237336371], [136.92156342253617, -12.34280323868425], [136.97937843984064, -12.345211240609705], [136.90249042179803, -12.390012248442517], [136.77265543217405, -12.555569245568583], [136.79377342466884, -12.451870225408321], [136.72572045678754, -12.481826243463113], [136.73852242380994, -12.553782234456868], [136.69647260539355, -12.564631073199983], [136.66927298579765, -12.590551352544132], [136.74728041349746, -12.551017244715494], [136.76220344193106, -12.57733323540859], [136.6929144334693, -12.627839233598738], [136.69445542065986, -12.710604234318334], [136.60630643440416, -12.722528241619894], [136.62168843984662, -12.839477233051317], [136.55061243645088, -12.740064220012982], [136.52513141706436, -12.75816422936362], [136.54261743467043, -12.806550230300449], [136.46552943915404, -12.78061022769463], [136.4825274463407, -12.843071218725227], [136.55287141199727, -12.873846231164972], [136.5468134309116, -12.916135231317059], [136.63810642542586, -12.950128234465433], [136.66821243219098, -13.004275235858838], [136.62936343364495, -13.017007224729209], [136.62080341567665, -12.967762224060527], [136.5816344358936, -13.018711223237553], [136.5562904388989, -12.964029242000565], [136.53186142916843, -12.99189024146157], [136.4539644433297, -12.979208228940221], [136.5670634152772, -13.059152223106462], [136.5316944339012, -13.154228242766436], [136.48385841602723, -13.16084824133054], [136.464205424079, -13.25111324144894], [136.43959343636155, -13.217896230420832], [136.33081442835157, -13.324154227945725], [136.32809744082866, -13.250181217268205], [136.3882624386178, -13.226367228911393], [136.35626442268597, -13.147889227301922], [136.37228642428659, -13.072898217186827], [136.33284142748548, -13.032308215658539], [136.29146042713367, -13.107269215008868], [136.32141444527565, -13.119870216016773], [136.31619443428374, -13.159380226176504], [136.2566094273494, -13.15468823434045], [136.25395543852866, -13.121135223990853], [136.2190584497314, -13.137240213074731], [136.24467844606642, -13.214440214462604], [136.16220542927746, -13.241979222223705], [136.18117242711108, -13.281658223105575], [136.13414444173415, -13.207174231113866], [136.14525245385482, -13.12055421074644], [136.09744745494814, -13.161171219663869], [136.08441644340894, -13.23250421985399], [136.05007045490055, -13.23920721890334], [136.04637746292437, -13.310233209365144], [135.99823545826956, -13.212402217182204], [135.96440744744987, -13.295258216869334], [135.94699745959485, -13.252503216026025], [135.88788644048705, -13.32098021488347], [135.87990545966377, -13.362128224985511], [135.9209664570051, -13.38243721631981], [135.50114946292143, -13.565233206136206], [135.50216056153346, -14.32256614217675], [135.00000848725307, -13.999986226664047], [135.0000085160003, -12.883321227825705], [134.6483878630539, -12.876627419385875], [134.69727724494876, -12.701160559131596], [134.77136691384553, -12.603228550092672], [134.76667525308636, -12.233319517047411], [134.80639728434144, -12.108875086997122], [134.76488952670135, -12.087910175850451], [134.7642775389715, -11.995495165101659], [134.79851854614515, -12.049429176337995], [134.84345552386287, -12.06124117749963], [134.85575452156573, -12.132172168357528], [134.97057552577124, -12.158570171342431], [135.05584250929684, -12.262296184266514], [135.14451053594513, -12.237045186280513], [135.2127935213144, -12.29598318847992], [135.16220952546877, -12.224719186628414], [135.26630453077695, -12.224913179281689], [135.30506252813402, -12.25851220054942], [135.35291351671492, -12.23100220157229]], [[136.76333845468466, -12.19259611232187], [136.7962337533665, -12.188164793345647], [136.77878317503365, -12.161428722565574], [136.76850886539063, -12.164422662259192], [136.76333845468466, -12.19259611232187]]], [[[136.91059142585596, -12.259531247646834], [136.90770744607477, -12.25688923753081], [136.91382743576148, -12.258038237740806], [136.91059142585596, -12.259531247646834]]], [[[136.86925445345045, -12.089090244908656], [136.86777444346598, -12.090566224872436], [136.86858445349046, -12.088777244884273], [136.86925445345045, -12.089090244908656]]], [[[136.809912469885, -11.67436822960596], [136.83286045948813, -11.65718924020831], [136.8377434690138, -11.665231220432112], [136.809912469885, -11.67436822960596]]], [[[136.82784344373823, -12.135033233936328], [136.79699043665914, -12.088422242559158], [136.8237234360121, -12.072523233294355], [136.82784344373823, -12.135033233936328]]], [[[136.7867824486084, -12.043375241863528], [136.78446243873313, -12.04268722178316], [136.78765245860322, -12.042382231883497], [136.7867824486084, -12.043375241863528]]], [[[136.74716549401916, -11.020690222257631], [136.75703848427653, -11.000988212412611], [136.7627144938979, -11.005729232633108], [136.74716549401916, -11.020690222257631]]], [[[136.4740224812361, -11.449144217170005], [136.57747648074366, -11.331412219424983], [136.62613547280162, -11.20626720993222], [136.705862490774, -11.170139232160077], [136.6942494729062, -11.11894521137344], [136.72220347208903, -11.109884232188817], [136.70024649351146, -11.093035221352572], [136.73740050252923, -11.077972232413225], [136.73439447317688, -11.061819212185403], [136.72955749334253, -11.062607222037492], [136.71332247424195, -11.054729221455869], [136.76021146357937, -11.018436212656695], [136.7198534894115, -11.194679222805693], [136.66705949054457, -11.225087221377008], [136.68440745905616, -11.249336232124325], [136.49323349005215, -11.461417207862912], [136.4740224812361, -11.449144217170005]]], [[[136.7514124462293, -12.162045231690577], [136.74936844631787, -12.162112231625535], [136.75211445624336, -12.160680221702021], [136.7514124462293, -12.162045231690577]]], [[[136.72917646309338, -11.070688222091288], [136.72546847337222, -11.066649231940069], [136.73097650308614, -11.068731222132744], [136.72917646309338, -11.070688222091288]]], [[[136.73078642310278, -12.88645724690421], [136.7241954334714, -12.884823236679713], [136.72932142332414, -12.881909246820415], [136.73078642310278, -12.88645724690421]]], [[[136.7270095029538, -11.077585232078462], [136.71658747332913, -11.078741221755772], [136.7161294734377, -11.075973231718597], [136.7270095029538, -11.077585232078462]]], [[[136.70142044617546, -12.231116240652408], [136.70918245675142, -12.203125240672748], [136.71146345640003, -12.210690240806986], [136.70142044617546, -12.231116240652408]]], [[[136.69432849614861, -12.241571230511266], [136.700078416006, -12.238081150666165], [136.69443850613249, -12.241911230517529], [136.69432849614861, -12.241571230511266]]], [[[136.68597948279321, -11.13254723122193], [136.68904647244904, -11.139365221374835], [136.6818744728503, -11.135828221118516], [136.68597948279321, -11.13254723122193]]], [[[136.64283047157613, -11.8394962256117], [136.6773154606225, -11.823294226572125], [136.688484460191, -11.82182422691498], [136.66793145054896, -11.837881226393028], [136.64592746140966, -11.840515225717857], [136.64283047157613, -11.8394962256117]]], [[[136.68729146967303, -11.226814222032223], [136.68497346982053, -11.225152221945129], [136.68524746983803, -11.22427522194667], [136.68729146967303, -11.226814222032223]]], [[[136.68303447971283, -11.23086222193018], [136.68182946973332, -11.231727231899013], [136.68170747976967, -11.230761211887273], [136.68303447971283, -11.23086222193018]]], [[[136.67655742596875, -12.877972235102856], [136.6750154062967, -12.87027723499151], [136.67792942594332, -12.876765245136776], [136.67655742596875, -12.877972235102856]]], [[[136.67549843715315, -12.236671469872451], [136.67549847712363, -12.237571479879756], [136.67480843716933, -12.237121469854186], [136.67549843715315, -12.236671469872451]]], [[[136.6750285369591, -12.243221469910678], [136.67364854702492, -12.243101499865869], [136.67376851702673, -12.242881499867886], [136.6750285369591, -12.243221469910678]]], [[[136.67458443894137, -12.183450229411436], [136.67247944907027, -12.182379229335892], [136.67280042907538, -12.181787229341278], [136.67458443894137, -12.183450229411436]]], [[[136.63058242859196, -12.864809223537376], [136.61799343940743, -12.858217233086153], [136.62664542912228, -12.854367233328412], [136.63058242859196, -12.864809223537376]]], [[[136.51616847837929, -11.797246221301233], [136.53418844877368, -11.76085422156591], [136.55903045704713, -11.78155322250848], [136.62787745542474, -11.740814224337655], [136.58460345578771, -11.78667322335015], [136.51616847837929, -11.797246221301233]]], [[[136.57935446335705, -11.868939233853869], [136.56997045388331, -11.86518223352959], [136.57966047345965, -11.865352233834322], [136.57935446335705, -11.868939233853869]]], [[[136.46383145721632, -11.904467220551862], [136.47736645992117, -11.801065230130767], [136.49764545926922, -11.79423922070248], [136.48586547684258, -11.886231211084338], [136.46383145721632, -11.904467220551862]]], [[[136.3727364818282, -11.56416021500234], [136.36660247302, -11.534234204573108], [136.47358047068536, -11.46710022730228], [136.45031145959348, -11.53215021711431], [136.3727364818282, -11.56416021500234]]], [[[136.4539754672233, -11.91770423035552], [136.44543044804004, -11.903646229978603], [136.45821647769466, -11.897070220318833], [136.4539754672233, -11.91770423035552]]], [[[136.4106704808919, -11.86101720856675], [136.4312244689541, -11.894224209465795], [136.38352547060887, -11.907311228112828], [136.3668784814322, -11.904087207579808], [136.4106704808919, -11.86101720856675]]], [[[136.38157942605517, -13.317038229436585], [136.3695864367732, -13.313197239038955], [136.38315140609686, -13.3132852194545], [136.38157942605517, -13.317038229436585]]], [[[136.3133654732708, -11.597787223477146], [136.29546748457764, -11.57985922279281], [136.3421124722985, -11.590224214284492], [136.36837247221217, -11.55772021481743], [136.37664249095755, -11.58675620530446], [136.3325914816673, -11.623361214265062], [136.29651948261954, -11.641694213325579], [136.27251847442773, -11.615932222395985], [136.26314946337664, -11.6628472024953], [136.22398048534703, -11.652645211243076], [136.1591464768532, -11.693339219650852], [136.16621149803805, -11.6444812194641], [136.23077050527036, -11.645785211389812], [136.2644454761136, -11.572242211800114], [136.28077247442147, -11.604880212554045], [136.3133654732708, -11.597787223477146]]], [[[136.33553848101988, -11.960816217088045], [136.33276149130802, -11.955468216960666], [136.3327144816253, -11.945372216877512], [136.33553848101988, -11.960816217088045]]], [[[136.3212714709685, -11.982427216831327], [136.31663247115554, -11.982934206695266], [136.32030948111387, -11.979113216775433], [136.3212714709685, -11.982427216831327]]], [[[136.3167084617947, -11.962315216530685], [136.318677451413, -11.971805216666974], [136.31478546184965, -11.963245216480143], [136.3167084617947, -11.962315216530685]]], [[[136.12818946662296, -12.074457221818829], [136.13326946787856, -12.02572320157478], [136.19268646519495, -12.02807822334938], [136.18937547616173, -12.001248203034361], [136.21797048383203, -12.03626521416723], [136.3135654815611, -11.97421920653212], [136.30863583057933, -12.01267578669452], [136.1936784636489, -12.077117203775014], [136.12818946662296, -12.074457221818829]]], [[[136.26814742696726, -13.46733823720016], [136.24664743903162, -13.436038236302053], [136.27295341688475, -13.462269237304303], [136.26814742696726, -13.46733823720016]]], [[[136.22922244871677, -13.474095226084845], [136.22838341880967, -13.47247721604673], [136.22993941871468, -13.473006226097588], [136.22922244871677, -13.474095226084845]]], [[[136.22848941984947, -13.439058225781642], [136.22450740996908, -13.441633225683061], [136.22307344008502, -13.440229225628864], [136.22848941984947, -13.439058225781642]]], [[[136.1925474878533, -11.614051209996887], [136.2105374964361, -11.635621210705379], [136.20763848639237, -11.641054200663236], [136.1925474878533, -11.614051209996887]]], [[[136.14081445037698, -13.56461822417839], [136.12134443389482, -13.482581212945586], [136.1414394348416, -13.419080223029995], [136.0921844491848, -13.358002211088548], [136.205083430639, -13.451467235181248], [136.16509041159924, -13.485415234262911], [136.14174443322665, -13.470882223454458], [136.16809743068063, -13.510138224550479], [136.14081445037698, -13.56461822417839]]], [[[136.16786247575013, -12.372711225395692], [136.17358447561833, -12.368519215531323], [136.17469746548136, -12.371335215587006], [136.16786247575013, -12.372711225395692]]], [[[136.15751546219389, -12.177196213512328], [136.15466248222143, -12.180467213454474], [136.15310648235865, -12.178245213390605], [136.15751546219389, -12.177196213512328]]], [[[136.120757484103, -12.168347212358123], [136.15058846194643, -12.195451213455149], [136.10441548415466, -12.19070720205897], [136.120757484103, -12.168347212358123]]], [[[136.13758647808837, -11.682790198930526], [136.14185847679315, -11.719559209353536], [136.13093449707847, -11.725508219080428], [136.13758647808837, -11.682790198930526]]], [[[136.11443847258803, -11.566127197307518], [136.1113864933232, -11.545963197055015], [136.12244949291252, -11.544236207365232], [136.11443847258803, -11.566127197307518]]], [[[136.1109224455736, -13.445090222337841], [136.10570444591735, -13.442446222163033], [136.10901543579428, -13.441032232249155], [136.1109224455736, -13.445090222337841]]], [[[136.07634544609712, -13.484839231640596], [136.08220545705774, -13.443803211483552], [136.10890844505465, -13.465272222440323], [136.07634544609712, -13.484839231640596]]], [[[136.10328549754917, -11.748998208459556], [136.07647547858429, -11.752684217706308], [136.10099646786384, -11.741800208334414], [136.10328549754917, -11.748998208459556]]], [[[136.0968014781239, -12.070675210867577], [136.09910546811915, -12.067464220909107], [136.09683147797472, -12.075568220907947], [136.0968014781239, -12.070675210867577]]], [[[136.0924584510498, -13.296641230604466], [136.09152745033222, -13.321596230777294], [136.077672451752, -13.297684220179207], [136.0924584510498, -13.296641230604466]]], [[[136.0855235027452, -11.601285206746518], [136.07678048355586, -11.586513196372184], [136.08907849317438, -11.582008206694384], [136.0855235027452, -11.601285206746518]]], [[[136.07456045740005, -13.44518622127056], [136.07073142768817, -13.442062221133384], [136.071722437665, -13.441189221155405], [136.07456045740005, -13.44518622127056]]], [[[136.05095046293704, -12.310692211465032], [136.04759246384347, -12.285597221165188], [136.07057348307924, -12.276551221761553], [136.05095046293704, -12.310692211465032]]], [[[136.06275750232743, -11.647267196455095], [136.0543655029196, -11.639328206147058], [136.06202447295092, -11.627466206273759], [136.06275750232743, -11.647267196455095]]], [[[136.05397643172847, -13.337107219802311], [136.05307543186262, -13.334177229752516], [136.0552894417539, -13.334125219816741], [136.05397643172847, -13.337107219802311]]], [[[135.9923234932805, -11.715655204969709], [135.95306350602002, -11.679448203550827], [136.0493144829722, -11.644715196043943], [136.029264482585, -11.686178215797849], [135.9923234932805, -11.715655204969709]]], [[[136.02688649884584, -12.149774209469683], [136.0259404902626, -12.103825209071875], [136.03521846016744, -12.09327021925568], [136.04693546935857, -12.102940209673775], [136.02688649884584, -12.149774209469683]]], [[[136.04064849920633, -11.783148206910758], [136.0426924985595, -11.801857217121107], [136.0278164888772, -11.812645216777156], [136.04064849920633, -11.783148206910758]]], [[[136.02606246837905, -12.166599199581421], [136.024277477715, -12.191450219729996], [136.02027948775205, -12.1961872196524], [136.02606246837905, -12.166599199581421]]], [[[136.02455347921185, -12.474696212019051], [136.02112046946883, -12.471391221892954], [136.0243094794121, -12.46839821196129], [136.02455347921185, -12.474696212019051]]], [[[136.01467946731134, -12.219313219676687], [136.01773148747498, -12.209265219684028], [136.01791446738392, -12.212036199711653], [136.01467946731134, -12.219313219676687]]], [[[135.9462444996671, -11.904952205174729], [135.94169649059353, -11.88021919484529], [135.982940509749, -11.848400195771033], [135.99220248927733, -11.850811216056996], [135.9462444996671, -11.904952205174729]]], [[[135.95869451334474, -11.762062194378661], [135.9534604844257, -11.732990203994246], [135.97718749341863, -11.732795194672887], [135.95869451334474, -11.762062194378661]]], [[[135.96849744639277, -13.323673217214784], [135.97672144538154, -13.343665227612133], [135.96190543679512, -13.32120520700509], [135.96849744639277, -13.323673217214784]]], [[[135.56660951153972, -12.071667195964931], [135.59401451371068, -11.950618205734441], [135.63100051141095, -11.974900196934236], [135.66551549098588, -11.936413197568093], [135.73361448792903, -11.939375199467419], [135.87086551500462, -11.834229192461244], [135.8757484870555, -11.756628211973927], [135.92834450424803, -11.775560203620216], [135.93840051296723, -11.80443520414004], [135.7978224744099, -11.964221201454034], [135.56660951153972, -12.071667195964931]]], [[[135.51680551413645, -12.057498194512979], [135.5154775042221, -12.056522194469618], [135.51823949410777, -12.056241194541288], [135.51680551413645, -12.057498194512979]]], [[[135.50678886550753, -12.023842493975309], [135.50632877568387, -12.01818251391764], [135.50746881549026, -12.02338249398979], [135.50678886550753, -12.023842493975309]]], [[[135.30904151206798, -11.729588186421152], [135.30771452212755, -11.72948317638603], [135.3084925221189, -11.728557176398711], [135.30904151206798, -11.729588186421152]]], [[[135.16124553894898, -11.708267192479248], [135.15671453972317, -11.685867182186016], [135.16943952872845, -11.703278182645954], [135.16124553894898, -11.708267192479248]]], [[[135.05568852719392, -11.953947191804561], [135.05568753809192, -11.918788181524041], [135.12213852497655, -11.927016183244652], [135.10909250519842, -11.940534193026147], [135.05568852719392, -11.953947191804561]]], [[[135.0006195164601, -12.078322191438648], [134.9762055377374, -12.070670180779913], [134.9779605277706, -12.066269180787737], [135.0006195164601, -12.078322191438648]]], [[[134.90944952162852, -12.033432178862133], [134.95482753007113, -12.015538179819474], [134.99065552795776, -12.036589190861855], [134.9585055186376, -12.066111190311835], [134.90944952162852, -12.033432178862133]]], [[[134.95055651830378, -12.093448180336052], [134.9545385186202, -12.073809190276554], [134.95717852795033, -12.095789190515857], [134.95055651830378, -12.093448180336052]]], [[[134.92525753013726, -12.06513118949666], [134.9267075303472, -12.054158169444412], [134.93078051984202, -12.067137179646414], [134.92525753013726, -12.06513118949666]]], [[[134.92861351918492, -12.09724918983363], [134.90153051932043, -12.140214179520889], [134.86895354110513, -12.126959188632139], [134.84710252409286, -12.045342177460206], [134.92861351918492, -12.09724918983363]]], [[[134.83542953550923, -12.008759166890862], [134.86298652373495, -12.03135517772865], [134.82908152529112, -12.029052166901153], [134.83542953550923, -12.008759166890862]]], [[[134.79633752669733, -12.03077117613807], [134.81547151582677, -12.031758186599253], [134.83161451473242, -12.047234177106041], [134.79633752669733, -12.03077117613807]]]]}}, {"id": "63", "type": "Feature", "properties": {"SA2_CODE21": "702041064", "SA2_NAME21": "Nhulunbuy"}, "geometry": {"type": "Polygon", "coordinates": [[[136.7688092241568, -12.20113976256722], [136.77878317503365, -12.161428722565574], [136.7962337533665, -12.188164793345647], [136.7688092241568, -12.20113976256722]]]}}, {"id": "64", "type": "Feature", "properties": {"SA2_CODE21": "702051065", "SA2_NAME21": "Elsey"}, "geometry": {"type": "Polygon", "coordinates": [[[132.02141202842876, -13.808460260748971], [132.48106172422206, -13.808522486641403], [132.4811656782202, -13.531103384517321], [132.4210193713107, -13.531068633695723], [132.42113676312474, -13.402116082709025], [132.9988174837742, -13.404096561252672], [132.999001518373, -13.127765149119696], [134.841684837324, -13.13554352598031], [134.93297002624772, -13.000831147117252], [135.00000851297364, -13.001606318764324], [135.00000848725307, -13.999986226664047], [134.67026863474584, -14.000265588751095], [134.66817706783874, -14.287121500955418], [134.28609950859416, -14.289130192379481], [134.28619360143153, -14.602686484828759], [134.35715711756572, -14.59831046634485], [134.37522811451987, -14.68572209742528], [134.40384331273503, -14.693172578117144], [134.4038376897866, -14.818867959097691], [134.52792680273097, -14.81885087188809], [134.52780546890702, -14.978006193127841], [134.01425750850066, -14.978037182003357], [134.01523392142275, -14.841002020960321], [133.9517495136581, -14.905710170166415], [133.8601955091894, -14.89243630822521], [133.8599733181511, -15.416186592270222], [134.32420650044872, -15.416310181988466], [134.32418837149564, -16.64764736150896], [134.44261757376105, -16.64776438415128], [134.44260931844437, -16.86645462583616], [133.58829764515423, -16.866325588118297], [133.58829657992436, -17.12241456006764], [133.28929013015755, -17.1226869446051], [133.25938356307313, -17.075634483723324], [133.21156437630123, -17.07563410289155], [133.21156354022173, -16.86553141129953], [132.96289682677062, -16.865596727138776], [132.96376990798547, -16.792702656601776], [132.73735433298762, -16.792704693045835], [132.73737426641588, -16.58319975146513], [132.52288695042603, -16.583276918305657], [132.5203145483466, -16.075436724438028], [132.08966465561468, -16.06593896864848], [132.09191313794162, -15.114332071503522], [132.60496459787876, -15.114317148362925], [132.6049803342679, -14.696394725178237], [132.63630153325857, -14.646659145252864], [132.68851210977815, -14.680953376281385], [132.6884777325552, -14.502987924920653], [132.58503848832257, -14.502986703414964], [132.58471140966492, -14.415228802739914], [132.45744088640086, -14.436721011116084], [132.43232420820203, -14.408389350555465], [132.44574661813726, -14.361408340380862], [132.40532363081115, -14.330185319591866], [132.40494429019486, -14.374915839927818], [132.21953423014736, -14.39630812765434], [132.13556280542505, -14.347899196231975], [132.07553567948543, -14.288948115049436], [131.94591874968845, -14.033890681581394], [132.0214066156327, -14.033896562463356], [132.02141202842876, -13.808460260748971]]]}}, {"id": "65", "type": "Feature", "properties": {"SA2_CODE21": "702051066", "SA2_NAME21": "Gulf"}, "geometry": {"type": "MultiPolygon", "coordinates": [[[[134.32420650044872, -15.416310181988466], [133.8599733181511, -15.416186592270222], [133.8601955091894, -14.89243630822521], [133.9517495136581, -14.905710170166415], [134.01523392142275, -14.841002020960321], [134.01425750850066, -14.978037182003357], [134.52780546890702, -14.978006193127841], [134.52792680273097, -14.81885087188809], [134.4038376897866, -14.818867959097691], [134.40384331273503, -14.693172578117144], [134.37522811451987, -14.68572209742528], [134.35715711756572, -14.59831046634485], [134.28619360143153, -14.602686484828759], [134.28609950859416, -14.289130192379481], [134.66817706783874, -14.287121500955418], [134.67026863474584, -14.000265588751095], [135.00000848725307, -13.999986226664047], [135.50216056153346, -14.32256614217675], [135.50114946292143, -13.565233206136206], [135.9209664570051, -13.38243721631981], [135.92646368567463, -13.417735696759708], [135.97299340380232, -13.402315277974198], [135.93125416396526, -13.46680540728963], [135.89433379706756, -13.425155985900618], [135.85973398836052, -13.44022628503701], [135.86928526427434, -13.561725556279283], [135.83529562514434, -13.590815735548077], [135.8806361005015, -13.669075087459774], [135.92164600818884, -13.675964728686402], [135.87939630928585, -13.712025087767456], [135.9562463543803, -13.743344340219007], [136.03360533223912, -13.682463831973816], [136.02591515356025, -13.652043951506492], [136.08306473052713, -13.655443533204005], [136.0134960608301, -13.762803862031138], [135.9890868980503, -13.89611354238817], [135.90974790937483, -13.990423840855838], [135.87877856573243, -14.166813151376713], [135.90359816368962, -14.190502802274548], [135.7940398085236, -14.226053609446986], [135.74709962950655, -14.278696238548468], [135.7025407321337, -14.271353907248539], [135.73015049989738, -14.296663678217953], [135.67033119942823, -14.424363517570947], [135.61962164224508, -14.423093736164654], [135.53662250285953, -14.561123764996351], [135.51842269203706, -14.625463585013327], [135.54106242999575, -14.652703395841403], [135.46501315359438, -14.675773633974742], [135.41634361465873, -14.735013663144294], [135.38208391684634, -14.725723872162948], [135.41094369108714, -14.873123034090952], [135.53099262012793, -15.017171658448918], [135.6559310919289, -15.051731082141119], [135.98153551591682, -15.286977333233077], [136.23971996663852, -15.416074361904387], [136.3174995552186, -15.625975015931433], [136.32644924546184, -15.601965236014335], [136.41207819952564, -15.62614437883986], [136.55546588672902, -15.750384564308478], [136.64407518400913, -15.672432706502079], [136.72413496836194, -15.696331509263423], [136.6826754980725, -15.77790270857789], [136.64629558064374, -15.767313207328119], [136.64279560079493, -15.769113277230609], [136.7137754634686, -15.856793180206678], [136.70638578135933, -15.931214080560421], [136.7714952788095, -15.889432712335497], [136.76074547853813, -15.916253132199767], [136.8229551653163, -15.899222044091937], [136.95325460594464, -15.938320138704627], [136.91271460980167, -15.899670597050468], [136.97799383754088, -15.850939218832398], [137.08358357773145, -15.944148343126336], [137.25442262472347, -16.012336319517157], [137.37261264289236, -16.133334884603375], [137.3569326045322, -16.115615103911725], [137.73072922672114, -16.233027868249966], [137.86202909093825, -16.422696794621608], [137.9946539678389, -16.538296570524707], [137.99525530389556, -17.61135978913028], [137.59205681168015, -17.611371074199653], [137.5920504260648, -17.499814933314], [136.82633004856, -17.499837956881244], [136.826322160172, -17.454697506525406], [136.0616482025922, -17.454704572639557], [136.0607709987168, -17.26566548113574], [135.88099545090432, -17.265666585888173], [135.88097498061882, -16.95368266344904], [135.9402312677742, -16.918972254889916], [135.77640085246787, -16.793023729206944], [135.77640022755895, -16.953727520463655], [135.58461920029745, -16.953679805109832], [135.58464043533087, -17.120713766412276], [135.07539308956785, -17.121498842962875], [135.07554228644696, -16.50220648816066], [134.8478912511273, -16.50221902251926], [134.84788949732834, -16.64763478364656], [134.32418837149564, -16.64764736150896], [134.32420650044872, -15.416310181988466]]], [[[137.10274221356744, -15.750457062227795], [137.10584216350063, -15.747117012306246], [137.10676218330354, -15.751027012368734], [137.10274221356744, -15.750457062227795]]], [[[136.9485734533989, -15.736408966937876], [136.91901356710983, -15.681949035522054], [136.96103298606312, -15.640088366583175], [136.99073278311252, -15.67286818783599], [136.97677280531798, -15.634458187062826], [137.0088623350949, -15.58671760775401], [137.08167197825597, -15.65575698075682], [137.07344242550718, -15.745837421198988], [137.10624231250426, -15.77398714253468], [137.07496301179899, -15.846137932051933], [136.99262332874756, -15.792118688851748], [136.97838307244962, -15.712408477739356], [136.9485734533989, -15.736408966937876]]], [[[137.10401212398892, -15.736676982160676], [137.10244211413914, -15.735147012095188], [137.1035521540782, -15.734976982131478], [137.10401212398892, -15.736676982160676]]], [[[137.1026721041867, -15.733446992089393], [137.10116213429856, -15.732877012033626], [137.10215215426948, -15.732026992060401], [137.1026721041867, -15.733446992089393]]], [[[137.08249190847107, -15.648416960725827], [137.07969199852548, -15.651576980656436], [137.0789919985877, -15.651017010628289], [137.08249190847107, -15.648416960725827]]], [[[137.07934228905881, -15.63734726053078], [137.07550230927308, -15.6377972804046], [137.07713232931744, -15.63384727042808], [137.07934228905881, -15.63734726053078]]], [[[137.06737317183456, -15.857988091890144], [137.07449311151805, -15.854717992104591], [137.06889321144433, -15.866238132007386], [137.06737317183456, -15.857988091890144]]], [[[136.97936266614946, -15.606688046927305], [136.9776127065232, -15.599118026808398], [136.98193262629658, -15.59821798694538], [136.97936266614946, -15.606688046927305]]], [[[136.97547340485414, -15.649708257141342], [136.9712829151223, -15.649248296997904], [136.9720929251539, -15.646988277006852], [136.97547340485414, -15.649708257141342]]], [[[136.95956276811646, -15.584648126091198], [136.962832767861, -15.586338096213577], [136.9615427878541, -15.588708116189565], [136.95956276811646, -15.584648126091198]]], [[[136.96031364090373, -15.786669107729825], [136.9579836310811, -15.785659137644167], [136.95914363103483, -15.784979107677367], [136.96031364090373, -15.786669107729825]]], [[[136.95546236138367, -15.499267625272177], [136.94986242156895, -15.503437725119317], [136.94951246160988, -15.502867725103133], [136.95546236138367, -15.499267625272177]]], [[[136.94003376280804, -15.76767926690367], [136.94994362203823, -15.772439147271074], [136.94667374206853, -15.777179237200162], [136.94003376280804, -15.76767926690367]]], [[[136.9335331981146, -15.628768605578685], [136.92933324843054, -15.626958645424915], [136.9346931680807, -15.627758595609105], [136.9335331981146, -15.628768605578685]]], [[[136.9213326735361, -15.495728024111152], [136.9177226737309, -15.49628807399611], [136.91912267378294, -15.49244804401176], [136.9213326735361, -15.495728024111152]]], [[[136.91046337005272, -15.613048764688838], [136.9033533903878, -15.615638844474441], [136.9082633704272, -15.606158734561047], [136.91046337005272, -15.613048764688838]]], [[[136.87189371245768, -15.610399123395032], [136.88083377099792, -15.636729213899665], [136.84549414275537, -15.647179652821151], [136.82956404473336, -15.617909672065599], [136.85584371441934, -15.58180914263909], [136.8415735666487, -15.542369161855996], [136.8806630656061, -15.505608552846851], [136.87375328509188, -15.532028752830392], [136.9049032911929, -15.590118684321848], [136.87189371245768, -15.610399123395032]]], [[[136.8995139174148, -15.70665941507424], [136.8971839375319, -15.707329445002621], [136.89858389751072, -15.705529415034498], [136.8995139174148, -15.70665941507424]]], [[[136.88398411792858, -15.718719674657885], [136.88177411818512, -15.715219664557099], [136.88725411781004, -15.716469614747776], [136.88398411792858, -15.718719674657885]]], [[[136.88481318426216, -15.536898643233581], [136.88399321434258, -15.535998673199371], [136.8851632242571, -15.536448643241531], [136.88481318426216, -15.536898643233581]]], [[[136.85056370508164, -15.57188917238655], [136.84894372512434, -15.573439192345758], [136.84879374517106, -15.57235918233222], [136.85056370508164, -15.57188917238655]]], [[[136.75035459849283, -15.646680929715723], [136.79466435588824, -15.644960321141616], [136.83715440185753, -15.687260032867485], [136.78782461485073, -15.686730641251906], [136.80444474255924, -15.723800662089191], [136.7384652352098, -15.762651770254843], [136.75035459849283, -15.646680929715723]]], [[[136.79306397893018, -15.560019830411882], [136.83568385551987, -15.584829402001981], [136.77357414945112, -15.578620209926287], [136.79306397893018, -15.560019830411882]]], [[[136.83497426282872, -15.663199892604117], [136.83182431303402, -15.66274994249736], [136.83083428316965, -15.660569932447547], [136.83497426282872, -15.663199892604117]]], [[[136.83116457122972, -15.715600292897298], [136.82801458134924, -15.717630352810353], [136.83069459127384, -15.715150302878314], [136.83116457122972, -15.715600292897298]]], [[[136.82962463079477, -15.730730412967526], [136.8007948921398, -15.742210822116869], [136.79965474269213, -15.728310761968874], [136.81878468169103, -15.723830502557838], [136.82962463079477, -15.730730412967526]]], [[[136.80649411635002, -15.611209941258164], [136.7893941180731, -15.591080070540196], [136.81910398587237, -15.60320972160616], [136.80649411635002, -15.611209941258164]]], [[[136.79962488209316, -15.745590872105646], [136.79798490214557, -15.74694088206292], [136.7979949022075, -15.745140892048903], [136.79962488209316, -15.745590872105646]]], [[[136.77406503329837, -15.755491251352304], [136.77242501337838, -15.756051281303451], [136.77289502342822, -15.753791251300727], [136.77406503329837, -15.755491251352304]]], [[[136.73179500723404, -15.715651519664773], [136.72900505745338, -15.714181549562909], [136.73075548742503, -15.711931299601543], [136.73179500723404, -15.715651519664773]]], [[[136.72655476961108, -15.655781269018464], [136.72878466971738, -15.648791229034783], [136.73179470924063, -15.657381219200492], [136.72655476961108, -15.655781269018464]]], [[[136.7235353061359, -15.762061929767581], [136.7163153167105, -15.758091999502945], [136.7180652766859, -15.755721949540536], [136.7235353061359, -15.762061929767581]]], [[[136.7156945318477, -15.609681188300634], [136.72023451146654, -15.612851148472329], [136.71557455173854, -15.613071198323784], [136.7156945318477, -15.609681188300634]]], [[[136.64680479608867, -15.60648238606415], [136.6694646552752, -15.590491816661762], [136.6813146740587, -15.605321737159942], [136.67395470426553, -15.612191896978567], [136.64680479608867, -15.60648238606415]]], [[[136.67785421476415, -15.59074125693273], [136.6770346448518, -15.589611686897436], [136.67855443474136, -15.590181256950729], [136.67785421476415, -15.59074125693273]]], [[[136.65594472612045, -15.589452046220657], [136.6550247064179, -15.582331966134518], [136.65887469615646, -15.583241906264927], [136.65594472612045, -15.589452046220657]]], [[[136.61733491958793, -15.555352194717392], [136.5896951882037, -15.645303584555625], [136.494756503976, -15.643534371550892], [136.52533591590222, -15.530932881614246], [136.5786552933972, -15.510861913135745], [136.61733491958793, -15.555352194717392]]], [[[136.51125632697742, -15.523883251116215], [136.5076363371109, -15.526353261022383], [136.51523636691297, -15.518702251199826], [136.51125632697742, -15.523883251116215]]], [[[135.87950844800503, -14.423062103437047], [135.88215838802165, -14.417682123469909], [135.88118839795902, -14.421532123472833], [135.87950844800503, -14.423062103437047]]], [[[135.87851842800669, -14.424812113422709], [135.87724847805248, -14.425602143392748], [135.87816846804955, -14.424022123406445], [135.87851842800669, -14.424812113422709]]], [[[135.87562849801873, -14.429682133378986], [135.86821863822433, -14.436362163220837], [135.87574851805624, -14.428212133370717], [135.87562849801873, -14.429682133378986]]], [[[135.83900940607188, -14.22700323072513], [135.83622942623833, -14.226443220641878], [135.8364594062361, -14.226103220645685], [135.83900940607188, -14.22700323072513]]], [[[135.78729936297728, -15.09781999617375], [135.78111940343516, -15.094460055972924], [135.79063933298016, -15.091260026216077], [135.78729936297728, -15.09781999617375]]], [[[135.68959077426737, -14.90613164192212], [135.72589034430536, -14.834751762367743], [135.7593299720281, -14.84764151340588], [135.76409986015048, -14.90176130396853], [135.68959077426737, -14.90613164192212]]], [[[135.7298005001419, -14.28897369814709], [135.7329304797933, -14.295073678282867], [135.7280605101699, -14.291233688116527], [135.7298005001419, -14.28897369814709]]], [[[135.61204178991508, -14.51824356671115], [135.60309185121446, -14.490323676244833], [135.630011579636, -14.493583547008747], [135.61204178991508, -14.51824356671115]]], [[[135.61170179942772, -14.535773556840743], [135.61042180954098, -14.534303546794032], [135.61124181951206, -14.533733556811978], [135.61170179942772, -14.535773556840743]]], [[[135.50459641118164, -14.682668215092745], [135.50068843136955, -14.683758214996065], [135.4998494414829, -14.681426214955026], [135.50459641118164, -14.682668215092745]]]]}}, {"id": "66", "type": "Feature", "properties": {"SA2_CODE21": "702051067", "SA2_NAME21": "Katherine"}, "geometry": {"type": "Polygon", "coordinates": [[[131.66432582061145, -14.422354071444369], [131.71974325821324, -14.361315041562925], [131.84892036166548, -14.31104212258436], [131.96108555692268, -14.19416846297326], [132.02635893347335, -14.185761033675893], [132.0781676492943, -14.292616145109177], [132.21953423014736, -14.39630812765434], [132.40494429019486, -14.374915839927818], [132.40532363081115, -14.330185319591866], [132.44574661813726, -14.361408340380862], [132.43232420820203, -14.408389350555465], [132.46015622622775, -14.438265241165277], [132.58471140966492, -14.415228802739914], [132.58503848832257, -14.502986703414964], [132.6884777325552, -14.502987924920653], [132.68851210977815, -14.680953376281385], [132.63630153325857, -14.646659145252864], [132.6049803342679, -14.696394725178237], [132.60496459787876, -15.114317148362925], [132.09191313794162, -15.114332071503522], [132.0924969185178, -15.067333101155315], [131.89166065024958, -15.06772864878362], [131.89166784510869, -14.66338653573048], [131.70475653576477, -14.656816173635342], [131.70766580673924, -14.5543865128933], [131.66432582061145, -14.422354071444369]]]}}, {"id": "67", "type": "Feature", "properties": {"SA2_CODE21": "702051068", "SA2_NAME21": "Victoria River"}, "geometry": {"type": "MultiPolygon", "coordinates": [[[[129.62624170292082, -15.138012594602044], [129.68567147942343, -15.131012694653], [129.63972104224243, -15.070292694129146], [129.66334067093212, -15.028082803860535], [129.63526074256873, -15.032842753848216], [129.6230202934175, -14.953242953246985], [129.59325589513003, -14.967055163303522], [129.50134572068106, -14.789195091892083], [129.5921258553101, -14.89099517274607], [129.61839990381233, -14.875593232672115], [129.57755483628657, -14.798285172048178], [129.63205966307487, -14.843853382461191], [129.80254962319876, -14.858003602897828], [129.93722785566968, -14.77600098264727], [129.96778806382443, -14.804581962948046], [130.09188977676908, -14.782994153198766], [130.1599628128367, -14.789164293497214], [130.163550112529, -14.813975283694072], [130.17572782192252, -14.791322313574582], [130.21570174929664, -14.867383414296489], [130.27820094557165, -14.892084484744416], [130.64298827491035, -14.821782546110983], [130.64363378586378, -14.66421886494447], [131.89166784510869, -14.66338653573048], [131.89166065024958, -15.06772864878362], [132.0924969185178, -15.067333101155315], [132.08966465561468, -16.06593896864848], [132.5203145483466, -16.075436724438028], [132.52288695042603, -16.583276918305657], [132.40203209832512, -16.583229866612285], [132.40205336756472, -17.306318692035504], [132.09228869886613, -17.30622553796132], [132.1223246797714, -17.818015982144995], [131.646565503657, -17.818044276610006], [131.64608271780767, -18.324377220332497], [130.63035480257736, -18.342207621866446], [130.63543447492575, -17.94523619901821], [130.12345653181288, -17.945239356384253], [130.1234548085175, -18.682662731688126], [129.0004937234607, -18.682580719790895], [129.0014933995453, -14.879594592583096], [129.10129932378703, -14.915049262747726], [129.10842839342556, -14.989220013280875], [129.1306989020992, -14.948959422974886], [129.1889276787194, -14.987159093226058], [129.16951788988106, -15.05151863370025], [129.20055810807747, -15.122595724205912], [129.17467862961558, -15.147439104394186], [129.17492879960884, -15.168358664545813], [129.15752910064757, -15.18434797466869], [129.15642917071509, -15.189197834704327], [129.15819921061384, -15.197587644764383], [129.18774883885578, -15.189398344694135], [129.18662872891719, -15.173898724582063], [129.19960834814017, -15.146669354380842], [129.1956385283787, -15.159289274473458], [129.23120828627415, -15.175919554587196], [129.21548824720202, -15.153829854429272], [129.2380977758611, -15.128726664243874], [129.2494173751905, -15.091521663972891], [129.23649757594904, -15.067775883801403], [129.25604748479861, -15.033938933554287], [129.25634755478166, -15.061976923758017], [129.27820729349935, -15.02927891352092], [129.29297731263173, -15.041748993613103], [129.30162722212512, -15.036518963576407], [129.23349738611773, -15.008278803369528], [129.228436666386, -14.83935863214235], [129.48248646161497, -14.941045752982141], [129.6039115542876, -15.107992584348459], [129.56020215679922, -15.155122444631326], [129.56359241656392, -15.179902424816538], [129.62624170292082, -15.138012594602044]]], [[[129.57519726590465, -15.160185284688332], [129.57149721612709, -15.157785304665778], [129.5741872359695, -15.15667528466134], [129.57519726590465, -15.160185284688332]]], [[[129.23708759591923, -15.113673774134675], [129.23381763611226, -15.114213934138942], [129.2365375459513, -15.110283124110111], [129.23708759591923, -15.113673774134675]]], [[[129.23690765593042, -15.1194449041766], [129.23386771611013, -15.121105224188977], [129.235287676026, -15.118744764171682], [129.23690765593042, -15.1194449041766]]], [[[129.23343781613647, -15.129126744247259], [129.23228777620417, -15.127196364233383], [129.2344877760743, -15.128006534239015], [129.23343781613647, -15.129126744247259]]], [[[129.2318878462284, -15.131827244267047], [129.23026786632403, -15.131137104262239], [129.23131786626192, -15.130697044258914], [129.2318878462284, -15.131827244267047]]], [[[129.2188081470042, -15.147199844380554], [129.21940802696645, -15.134647664289345], [129.22312799674657, -15.134907734290614], [129.2188081470042, -15.147199844380554]]], [[[129.20286841795007, -15.157549444458976], [129.20150838802985, -15.1545995044379], [129.20357837790777, -15.156539494451476], [129.20286841795007, -15.157549444458976]]], [[[129.18629887894159, -15.188588334688715], [129.1837488790921, -15.18609834467146], [129.18397882907814, -15.18518838466479], [129.18629887894159, -15.188588334688715]]], [[[129.16079917045627, -15.190567874712382], [129.15894910056383, -15.185587974677063], [129.162679070341, -15.182318114651789], [129.16079917045627, -15.190567874712382]]]]}}], "crs": {"type": "name", "properties": {"name": "urn:ogc:def:crs:EPSG::7844"}}}