Year,MNO,Latitude,Longitude,WCDMA850,WCDMA2100,LTE700,LTE900,LTE1800,LTE2100,LTE2600
2018,Telstra,-43.377812,146.993813,Y,,Y,,,,
2018,Telstra,-43.31534,147.0148,Y,,,,,,
2018,Telstra,-43.24061,147.10115,Y,,Y,,,,
2018,Telstra,-43.24033,146.99213,,,Y,,,,
2018,Telstra,-43.168543,147.065955,Y,,Y,,Y,,
2018,Telstra,-43.1653,147.0306,Y,,Y,,,,
2018,Telstra,-43.16354,146.92619,Y,,,,,,
2018,Telstra,-43.154677,147.317294,Y,,Y,,Y,,
2018,Telstra,-43.1503,147.8192,Y,,Y,,Y,,
2018,Telstra,-43.14361111,147.9622222,Y,,,,,,
2018,Telstra,-43.104235,147.730092,Y,,Y,,,,
2018,Telstra,-43.09238,147.03286,Y,,Y,,,,
2018,Telstra,-43.06076,147.84958,Y,,,,,,
2018,Telstra,-43.04279,147.32236,Y,,Y,,Y,,
2018,Telstra,-43.0342,147.0286,Y,,Y,,Y,,
2018,Telstra,-43.00828,147.92249,Y,,Y,,,,
2018,Telstra,-43.0069,147.1397,Y,,Y,,Y,,
2018,Telstra,-42.99459,146.9284,,,Y,,,,
2018,Telstra,-42.9886,147.3139,Y,Y,,,Y,,
2018,Telstra,-42.971592,147.286648,Y,,Y,,Y,,
2018,Telstra,-42.94701,147.3505,,,Y,,,,
2018,Telstra,-42.9281,147.4739,Y,Y,Y,,Y,,
2018,Telstra,-42.9189,147.2778,Y,,Y,,,,
2018,Telstra,-42.91211,147.30299,Y,Y,Y,,Y,,
2018,Telstra,-42.911022,147.354642,Y,,Y,,Y,,
2018,Telstra,-42.90297,147.33703,Y,Y,Y,,Y,,
2018,Telstra,-42.8986,147.4178,Y,,Y,,,,
2018,Telstra,-42.896889,147.45959,Y,,Y,,Y,,
2018,Telstra,-42.89622,147.28949,Y,,Y,,Y,,
2018,Telstra,-42.88979,147.80576,Y,,Y,,,,
2018,Telstra,-42.8875,147.323056,Y,,Y,,Y,,
2018,Telstra,-42.887422,147.332229,Y,,,,,,
2018,Telstra,-42.8867,147.3269,Y,Y,Y,,Y,,
2018,Telstra,-42.88481,147.32748,Y,,Y,,Y,,
2018,Telstra,-42.883424,147.332601,Y,,Y,,Y,,
2018,Telstra,-42.883051,147.326372,Y,,,,Y,,
2018,Telstra,-42.882607,147.414531,Y,Y,Y,,Y,,
2018,Telstra,-42.88194,147.32893,Y,,Y,,Y,,
2018,Telstra,-42.881739,147.329727,,,,,Y,,
2018,Telstra,-42.8817,147.3256,Y,Y,Y,,Y,,
2018,Telstra,-42.88101,147.33346,Y,Y,Y,,Y,,
2018,Telstra,-42.88071,147.33053,Y,,,,,,
2018,Telstra,-42.88029,147.32808,Y,,Y,,Y,,
2018,Telstra,-42.879737,147.669203,Y,,Y,,,,
2018,Telstra,-42.87627,147.32306,Y,,Y,,Y,,
2018,Telstra,-42.87479,147.36843,Y,Y,Y,,Y,,Y
2018,Telstra,-42.87457,147.31788,Y,Y,Y,,Y,,
2018,Telstra,-42.87323,147.50031,Y,,Y,,Y,,
2018,Telstra,-42.87059,147.32923,Y,,Y,,Y,,
2018,Telstra,-42.86661,147.36869,Y,,,,Y,,
2018,Telstra,-42.8617,147.7928,Y,,Y,,,,
2018,Telstra,-42.8606,147.4542,Y,,Y,,Y,,
2018,Telstra,-42.85984,147.29215,Y,Y,Y,,Y,,
2018,Telstra,-42.85602,147.41836,Y,,Y,,,,
2018,Telstra,-42.8539,147.3747,Y,Y,Y,,Y,,
2018,Telstra,-42.85307,147.31532,Y,,Y,,Y,,
2018,Telstra,-42.84338,147.29569,Y,Y,Y,,Y,,
2018,Telstra,-42.8433,147.3489,Y,Y,Y,,Y,,
2018,Telstra,-42.83762,147.50575,Y,,,,Y,,
2018,Telstra,-42.8361,147.2858,Y,Y,Y,,Y,,
2018,Telstra,-42.83589,147.254114,Y,Y,Y,,Y,,
2018,Telstra,-42.83580563,147.205347,Y,,Y,,,,
2018,Telstra,-42.83005,147.43253,Y,,Y,,Y,,
2018,Telstra,-42.82842,147.30784,Y,,Y,,Y,,
2018,Telstra,-42.82044,147.24108,Y,Y,Y,,Y,,
2018,Telstra,-42.815048,147.348855,Y,,Y,,,,
2018,Telstra,-42.8044,147.3028,Y,Y,Y,,Y,,
2018,Telstra,-42.799738,147.851819,Y,Y,Y,,Y,,Y
2018,Telstra,-42.7983,147.2325,Y,Y,Y,,Y,,
2018,Telstra,-42.79096,147.26359,Y,,Y,,Y,,
2018,Telstra,-42.78566,147.05321,Y,,Y,,Y,,
2018,Telstra,-42.78274,147.56656,Y,,Y,,Y,,
2018,Telstra,-42.77815,147.24501,Y,,Y,,Y,,
2018,Telstra,-42.7775,147.1872,Y,,Y,,,,
2018,Telstra,-42.770937,147.052096,Y,,Y,,Y,,
2018,Telstra,-42.763193,147.556083,Y,Y,Y,,Y,,
2018,Telstra,-42.75775,146.62939,Y,,,,,,
2018,Telstra,-42.75207,147.43,Y,,Y,,,,
2018,Telstra,-42.73842,147.27833,Y,Y,Y,,Y,,
2018,Telstra,-42.7194,147.2147,Y,,Y,,,,
2018,Telstra,-42.701899,147.248616,Y,,Y,,Y,,
2018,Telstra,-42.66137,146.73683,Y,,Y,,Y,,
2018,Telstra,-42.6611,147.5197,Y,,Y,,,,
2018,Telstra,-42.66042,147.12852,Y,,,,,,
2018,Telstra,-42.642152,147.260342,Y,,Y,,Y,,
2018,Telstra,-42.6139,147.2217,Y,,Y,,,,
2018,Telstra,-42.5964,147.8544,Y,,Y,,,,
2018,Telstra,-42.56702,147.8659,Y,,Y,,Y,,
2018,Telstra,-42.56037,146.77998,Y,,,,,,
2018,Telstra,-42.5471495,147.2105612,Y,,Y,,Y,,
2018,Telstra,-42.54689,147.94859,Y,,Y,,,,
2018,Telstra,-42.54386,147.9343,Y,,,,,,
2018,Telstra,-42.53535,147.365283,,,,,Y,,
2018,Telstra,-42.50848,147.9122,Y,,,,,,
2018,Telstra,-42.48586,146.7221,Y,,,,,,
2018,Telstra,-42.4581,147.2106,Y,,,,,,
2018,Telstra,-42.44562,147.2555,Y,,,,,,
2018,Telstra,-42.437577,146.948613,Y,,Y,,,,
2018,Telstra,-42.42773,147.49075,Y,,Y,,,,
2018,Telstra,-42.4147,147.2639,Y,,Y,,,,
2018,Telstra,-42.390714,147.286675,Y,,,,,,
2018,Telstra,-42.35233,147.981131,Y,,Y,,,,
2018,Telstra,-42.3294,147.3389,Y,,Y,,,,
2018,Telstra,-42.30069,147.3714,,,Y,,,,
2018,Telstra,-42.2458,147.42,Y,,Y,,,,
2018,Telstra,-42.24113,147.86617,Y,,,,,,
2018,Telstra,-42.167308,148.064718,,,Y,,,,
2018,Telstra,-42.1669,148.0647,Y,,Y,,Y,,
2018,Telstra,-42.1486,145.3353,Y,,Y,,,,
2018,Telstra,-42.13972,146.25845,Y,,,,,,
2018,Telstra,-42.137073,146.571303,Y,,Y,,,,
2018,Telstra,-42.122047,148.291388,Y,,Y,,Y,,
2018,Telstra,-42.09653,148.25308,Y,,Y,,,,
2018,Telstra,-42.083913,145.608282,Y,,Y,,,,
2018,Telstra,-42.07392,145.55377,Y,,Y,,,,
2018,Telstra,-42.061388,147.4736,Y,,Y,,,,
2018,Telstra,-42.01972,146.75389,Y,,,,,,
2018,Telstra,-42.003978,147.847715,Y,,Y,,,,
2018,Telstra,-41.9836,147.4961,Y,,Y,,,,
2018,Telstra,-41.8819,145.3417,Y,,,,,,
2018,Telstra,-41.8811,148.2958,Y,,Y,,Y,,
2018,Telstra,-41.87413,148.30581,,,Y,,,,
2018,Telstra,-41.8439,145.5417,Y,,Y,,,,
2018,Telstra,-41.8128,146.8881,Y,,Y,,,,
2018,Telstra,-41.805,147.6086,Y,,,,,,
2018,Telstra,-41.782436,147.722448,,,,,Y,,
2018,Telstra,-41.7769,147.4231,Y,,Y,,,,
2018,Telstra,-41.77488,145.53675,Y,,Y,,,,
2018,Telstra,-41.7439,147.7622,Y,,,,,,
2018,Telstra,-41.68722,147.2575,Y,,Y,,,,
2018,Telstra,-41.65557,147.750748,Y,,Y,,,,
2018,Telstra,-41.6455,147.96489,Y,,,,,,
2018,Telstra,-41.64542,147.328331,,,,,Y,,
2018,Telstra,-41.5952468,147.1245254,Y,,Y,,Y,,Y
2018,Telstra,-41.594915,145.927568,Y,,,,,,
2018,Telstra,-41.58076,145.93099,Y,,Y,,,,
2018,Telstra,-41.58048,148.18474,,,Y,,,,
2018,Telstra,-41.573718,145.931109,Y,,,,,,
2018,Telstra,-41.56237,147.2443,Y,,Y,,,,
2018,Telstra,-41.5583,147.1461,Y,,Y,,Y,,
2018,Telstra,-41.55083,146.9552777,Y,,Y,,,,
2018,Telstra,-41.546133,146.410087,Y,,Y,,,,
2018,Telstra,-41.5403,146.5361,Y,,Y,,,,
2018,Telstra,-41.53917,147.19462,Y,,Y,,Y,,
2018,Telstra,-41.5342,148.1739,Y,,Y,,,,
2018,Telstra,-41.52051,146.8117,Y,,Y,,Y,,
2018,Telstra,-41.51242,146.649572,Y,,Y,,Y,,
2018,Telstra,-41.510738,147.0749559,Y,,Y,,,,
2018,Telstra,-41.4906,146.1836,Y,,Y,,,,
2018,Telstra,-41.489437,147.10065,Y,,Y,,Y,,
2018,Telstra,-41.48472,145.21522,Y,,,,,,
2018,Telstra,-41.4809,147.12568,Y,,Y,,Y,,
2018,Telstra,-41.478684,147.888795,,,Y,,,,
2018,Telstra,-41.47829,147.16363,Y,Y,Y,,,,
2018,Telstra,-41.47674,147.14279,Y,,Y,,Y,,
2018,Telstra,-41.47195,147.19177,Y,,Y,,Y,,
2018,Telstra,-41.46748,147.1586,Y,,,,,,
2018,Telstra,-41.45533,147.16177,Y,Y,Y,,Y,,
2018,Telstra,-41.4553,147.1272,Y,Y,Y,,Y,,
2018,Telstra,-41.4514,147.2144,Y,Y,Y,,,,
2018,Telstra,-41.44992,145.37708,Y,,,,,,
2018,Telstra,-41.44838,148.25439,Y,,Y,,,,
2018,Telstra,-41.44715,147.14128,Y,Y,Y,,Y,,
2018,Telstra,-41.445827,147.120468,Y,,,,Y,,
2018,Telstra,-41.44434,145.52272,Y,,,,,,
2018,Telstra,-41.439111,147.139278,Y,,Y,,Y,,
2018,Telstra,-41.43523,147.1375,Y,Y,Y,,Y,,
2018,Telstra,-41.42854,147.15561,Y,Y,Y,,Y,,
2018,Telstra,-41.42788,147.10628,Y,,,,Y,,
2018,Telstra,-41.426761,147.139478,Y,,Y,,Y,,Y
2018,Telstra,-41.42455,146.18169,,,Y,,,,
2018,Telstra,-41.421111,146.5491,Y,,Y,,,,
2018,Telstra,-41.42002,147.12328,Y,Y,Y,,Y,,
2018,Telstra,-41.41488,147.19009,Y,,Y,,Y,,
2018,Telstra,-41.403789,147.121695,Y,,Y,,Y,,
2018,Telstra,-41.40019,147.12964,Y,,Y,,Y,,
2018,Telstra,-41.3922,147.1658,Y,Y,Y,,,,
2018,Telstra,-41.38938,147.295233,Y,,Y,,,,
2018,Telstra,-41.38049,147.12992,Y,,Y,,Y,,
2018,Telstra,-41.374946,147.122285,Y,Y,Y,,Y,,
2018,Telstra,-41.3727182,146.3287393,Y,,Y,,,,
2018,Telstra,-41.358053,147.037985,Y,,Y,,,,
2018,Telstra,-41.335,145.7333,Y,,Y,,,,
2018,Telstra,-41.33445,147.34822,Y,,Y,,,,
2018,Telstra,-41.3331,148.2831,Y,,Y,,Y,,
2018,Telstra,-41.3317,146.415274,Y,,Y,,,,
2018,Telstra,-41.3239,146.5139,Y,,Y,,,,
2018,Telstra,-41.3218,148.2487,,,Y,,,,
2018,Telstra,-41.3039,146.7756,Y,,,,,,
2018,Telstra,-41.3023,146.9641,Y,,Y,,Y,,
2018,Telstra,-41.28521,145.95939,Y,,Y,,,,
2018,Telstra,-41.27652,146.144556,,,,,Y,,
2018,Telstra,-41.271438,146.318376,Y,,Y,,,,
2018,Telstra,-41.26539142,148.2672361,Y,,Y,,,,
2018,Telstra,-41.261857,147.10787,Y,,Y,,,,
2018,Telstra,-41.25305,147.21622,,,,,Y,,
2018,Telstra,-41.2489,146.4656,Y,,Y,,,,
2018,Telstra,-41.239283,145.971972,Y,,Y,,,,
2018,Telstra,-41.236326,146.420422,Y,,Y,,Y,,
2018,Telstra,-41.23425,147.01045,Y,,Y,,Y,,
2018,Telstra,-41.220393,147.18629,Y,,Y,,,,
2018,Telstra,-41.210799,146.327278,Y,Y,Y,,Y,,
2018,Telstra,-41.2056,146.3222,Y,,Y,,,,
2018,Telstra,-41.20238,146.16561,Y,,Y,,,,
2018,Telstra,-41.20056,147.67294,Y,,Y,,,,
2018,Telstra,-41.19857,144.728,Y,,Y,,,,
2018,Telstra,-41.19304,146.335209,Y,,Y,,Y,,
2018,Telstra,-41.19206,146.8214,Y,,Y,,,,
2018,Telstra,-41.1888,147.4076,Y,,Y,,,,
2018,Telstra,-41.182689,146.330882,Y,Y,Y,,Y,,
2018,Telstra,-41.18253,146.36262,Y,,Y,,Y,,
2018,Telstra,-41.18211,146.45071,Y,,Y,,,,
2018,Telstra,-41.179971,146.261154,Y,,Y,,,,
2018,Telstra,-41.17953,146.36457,Y,,,,,,
2018,Telstra,-41.17953,146.36457,Y,,,,,,
2018,Telstra,-41.17719,147.22766,,,Y,,,,
2018,Telstra,-41.1767,146.5275,Y,,Y,,Y,,
2018,Telstra,-41.17627,146.35563,Y,,Y,,Y,,
2018,Telstra,-41.16939,146.344366,Y,,Y,,Y,,
2018,Telstra,-41.16622,146.35966,Y,Y,Y,,Y,,
2018,Telstra,-41.16606,146.20532,Y,Y,Y,,Y,,
2018,Telstra,-41.1614,147.5167,Y,,Y,,Y,,
2018,Telstra,-41.15776,146.92995,Y,,,,,,
2018,Telstra,-41.15675,146.17452,Y,,Y,,Y,,
2018,Telstra,-41.151642,146.818495,,,Y,,,,
2018,Telstra,-41.1456,146.136333,Y,,Y,,Y,,
2018,Telstra,-41.14404,145.83889,Y,,Y,,,,
2018,Telstra,-41.14133,146.90441,Y,,,,,,
2018,Telstra,-41.14011,145.726755,Y,,Y,,,,
2018,Telstra,-41.13743,147.7925,Y,,Y,,,,
2018,Telstra,-41.13500561,146.0817606,Y,,Y,,,,
2018,Telstra,-41.12535,145.71788,,,,,Y,,
2018,Telstra,-41.118608,146.058428,Y,,Y,,,,
2018,Telstra,-41.107,146.82448,Y,,Y,,,,
2018,Telstra,-41.1033,146.8619,Y,,Y,,Y,,
2018,Telstra,-41.095117,145.888231,Y,,Y,,Y,,
2018,Telstra,-41.07595,145.91427,Y,,Y,,Y,,
2018,Telstra,-41.07,145.9514,Y,,Y,,,,
2018,Telstra,-41.0681,147.1761,Y,,Y,,,,
2018,Telstra,-41.0667,147.7339,Y,,Y,,,,
2018,Telstra,-41.06359,145.87787,Y,Y,Y,,Y,,
2018,Telstra,-41.05312,145.90731,Y,,Y,,Y,,
2018,Telstra,-41.05101,145.90264,Y,,,,,,
2018,Telstra,-41.046629,145.881667,Y,,,,Y,,
2018,Telstra,-41.04377,145.85653,Y,,,,,,
2018,Telstra,-41.041268,145.831884,,,Y,,,,
2018,Telstra,-41.04045,144.67312,Y,,,,,,
2018,Telstra,-41.02976,146.98293,Y,,Y,,Y,,
2018,Telstra,-41.0281,148.2408,Y,,,,,,
2018,Telstra,-41.01515,147.14506,,,,,,,Y
2018,Telstra,-41.00664,147.38662,Y,,Y,,Y,,
2018,Telstra,-41.00195,147.06887,Y,,Y,,,,
2018,Telstra,-40.988993,145.724139,Y,,Y,,Y,,
2018,Telstra,-40.98245,148.009956,Y,,,,,,
2018,Telstra,-40.959207,145.193002,Y,,Y,,,,
2018,Telstra,-40.95854048,144.9782487,Y,,Y,,,,
2018,Telstra,-40.9564,145.5292,Y,,Y,,,,
2018,Telstra,-40.9539,145.7222,Y,,Y,,Y,,
2018,Telstra,-40.9241,145.55364,Y,,Y,,,,
2018,Telstra,-40.923297,145.153032,Y,,,,,,
2018,Telstra,-40.92157276,144.7165216,Y,,Y,,,,
2018,Telstra,-40.88675,145.46825,,,Y,,,,
2018,Telstra,-40.8431,145.1297,Y,,Y,,Y,,
2018,Telstra,-40.78334,144.90104,Y,,Y,,,,
2018,Telstra,-40.7686,145.2772,Y,,Y,,Y,,
2018,Telstra,-40.68292,144.69028,Y,,,,,,
2018,Telstra,-40.20103,148.25271,Y,,,,,,
2018,Telstra,-40.116648,148.045554,Y,,,,,,
2018,Telstra,-40.038265,144.070657,Y,,,,,,
2018,Telstra,-40.0361,144.0164,Y,,Y,,,,
2018,Telstra,-39.98625,148.18955,Y,,,,,,
2018,Telstra,-39.9158,143.8539,Y,,Y,,,,
2018,Telstra,-39.88199,147.82426,Y,,,,,,
2018,Telstra,-39.857742,143.872023,Y,,,,,,
2018,Telstra,-39.76514,144.06194,Y,,,,,,
2018,Telstra,-39.5936,143.9503,Y,,,,,,
2018,Telstra,-39.0389,146.3456,Y,,Y,,Y,,
2018,Telstra,-38.813352,146.10196,Y,,Y,,,,
2018,Telstra,-38.78081,143.65309,Y,,Y,,,,
2018,Telstra,-38.775277,143.500833,Y,,Y,,,,
2018,Telstra,-38.75649,143.66732,Y,Y,Y,,Y,,Y
2018,Telstra,-38.741573,143.289702,Y,,Y,,,,
2018,Telstra,-38.73889,143.41139,Y,,,,,,
2018,Telstra,-38.71244,146.135837,Y,,Y,,Y,,
2018,Telstra,-38.697469,145.809266,Y,,Y,,Y,,Y
2018,Telstra,-38.695578,143.355454,Y,,,,,,
2018,Telstra,-38.682795,143.386585,Y,,,,,,
2018,Telstra,-38.6711,145.8611,Y,,Y,,,,
2018,Telstra,-38.66191,145.612967,Y,,Y,,Y,,
2018,Telstra,-38.655175,146.344788,Y,,Y,,,,
2018,Telstra,-38.653281,146.202019,Y,,Y,,Y,,
2018,Telstra,-38.64151,143.89344,Y,,,,Y,,
2018,Telstra,-38.636251,146.703103,Y,,Y,,,,
2018,Telstra,-38.632975,143.564192,Y,,Y,,,,
2018,Telstra,-38.63225,145.72607,Y,,Y,,Y,,
2018,Telstra,-38.630449,145.718722,Y,,Y,,Y,,Y
2018,Telstra,-38.63018,143.11086,Y,,Y,,,,
2018,Telstra,-38.6267,145.8072,Y,,Y,,,,
2018,Telstra,-38.6186,146.1736,Y,,Y,,,,
2018,Telstra,-38.61283,146.48912,Y,,Y,,,,
2018,Telstra,-38.60440816,145.5939194,Y,Y,Y,,Y,,
2018,Telstra,-38.6022,143.0113,Y,,Y,,,,
2018,Telstra,-38.5956,142.9396,Y,,Y,,,,
2018,Telstra,-38.588039,145.52528,Y,,,,Y,,
2018,Telstra,-38.56471,145.54104,Y,,Y,,,,
2018,Telstra,-38.56217,146.67471,Y,,Y,,Y,,
2018,Telstra,-38.5619444,143.3919444,Y,,Y,,,,
2018,Telstra,-38.555965,145.965843,Y,,Y,,,,
2018,Telstra,-38.548041,143.975556,Y,Y,Y,,Y,,Y
2018,Telstra,-38.5476,143.85968,Y,Y,Y,,,,
2018,Telstra,-38.54281,143.97466,Y,,Y,,Y,,
2018,Telstra,-38.53774,142.80219,Y,,Y,,,,
2018,Telstra,-38.5321085,146.8640418,Y,,Y,,,,
2018,Telstra,-38.52868,146.09633,Y,,Y,,,,
2018,Telstra,-38.52452,145.458743,Y,,Y,,,,
2018,Telstra,-38.52418,145.70375,Y,,Y,,,,
2018,Telstra,-38.52327,143.539957,,,,,Y,,
2018,Telstra,-38.52069,145.37277,Y,,,,Y,,
2018,Telstra,-38.52065,143.52809,Y,,Y,,,,
2018,Telstra,-38.51762,146.17542,Y,,Y,,,,
2018,Telstra,-38.51496,145.70903,,,,,Y,,
2018,Telstra,-38.51348,145.350732,Y,Y,Y,,Y,,
2018,Telstra,-38.509056,145.147732,Y,,,,,,
2018,Telstra,-38.50393,143.71083,Y,,Y,,,,
2018,Telstra,-38.50306,145.23139,Y,Y,Y,,Y,,
2018,Telstra,-38.496688,145.236749,Y,Y,Y,,Y,,Y
2018,Telstra,-38.49409,143.58146,Y,,Y,,,,
2018,Telstra,-38.49298,143.216196,Y,,Y,,,,
2018,Telstra,-38.48857,145.55143,Y,,Y,,,,
2018,Telstra,-38.48609,145.76364,Y,,Y,,,,
2018,Telstra,-38.477925,146.285193,Y,,Y,,,,
2018,Telstra,-38.476563,145.944892,Y,,Y,,Y,,
2018,Telstra,-38.47617,142.96364,Y,,Y,,Y,,
2018,Telstra,-38.47251042,146.9256133,Y,,Y,,,,
2018,Telstra,-38.46859,145.01487,Y,,Y,,,,
2018,Telstra,-38.466124,145.183937,Y,,Y,,Y,,
2018,Telstra,-38.464731,145.307996,Y,,,,,,
2018,Telstra,-38.46374,145.24402,Y,Y,Y,,Y,,
2018,Telstra,-38.45931,144.90928,Y,,Y,,,,
2018,Telstra,-38.45844,144.0893,Y,Y,Y,,Y,,Y
2018,Telstra,-38.45036,145.23766,Y,,Y,,Y,,Y
2018,Telstra,-38.43993,145.91609,Y,,Y,,,,
2018,Telstra,-38.43628,145.822953,Y,,Y,,Y,,
2018,Telstra,-38.430869,144.970766,Y,,Y,,,,
2018,Telstra,-38.43015,144.85883,Y,,Y,,,,
2018,Telstra,-38.42468,143.54415,Y,,Y,,,,
2018,Telstra,-38.42322,145.04619,Y,,Y,,,,
2018,Telstra,-38.42065,145.52971,Y,,Y,,,,
2018,Telstra,-38.416857,145.809262,Y,,Y,,,,
2018,Telstra,-38.415958,145.441495,Y,,Y,,Y,,
2018,Telstra,-38.4131,144.1636,Y,Y,Y,,Y,,Y
2018,Telstra,-38.40869,143.890618,Y,,Y,,,,
2018,Telstra,-38.40383,141.54383,Y,,Y,,,,
2018,Telstra,-38.40319,145.0734,Y,,Y,,,,
2018,Telstra,-38.40215,144.85496,Y,,Y,,Y,,Y
2018,Telstra,-38.40208,145.6741,Y,,,,,,
2018,Telstra,-38.399542,146.56489,Y,,Y,,,,
2018,Telstra,-38.3994,144.20146,Y,Y,Y,,Y,,Y
2018,Telstra,-38.39489,143.68782,Y,,Y,,,,
2018,Telstra,-38.39437,145.87506,Y,,Y,,,,
2018,Telstra,-38.39406,145.01751,Y,,Y,,,,
2018,Telstra,-38.3938,144.82895,Y,Y,Y,,Y,,
2018,Telstra,-38.39,145.18083,Y,Y,Y,,Y,,
2018,Telstra,-38.38929,142.62963,Y,,Y,,,,
2018,Telstra,-38.389,142.5408,Y,,Y,,Y,,
2018,Telstra,-38.38629,141.636042,Y,,Y,,,,
2018,Telstra,-38.383563,142.485396,Y,Y,Y,Y,Y,,
2018,Telstra,-38.38339,142.23222,Y,,Y,,Y,,
2018,Telstra,-38.38283,144.92505,,,Y,,,,
2018,Telstra,-38.382761,144.883951,Y,Y,Y,,Y,,Y
2018,Telstra,-38.38024,145.026159,,,Y,,,,
2018,Telstra,-38.38,142.5042,Y,Y,Y,,Y,,Y
2018,Telstra,-38.379622,145.708207,Y,,Y,,Y,,
2018,Telstra,-38.37936,144.78547,Y,,Y,,,,
2018,Telstra,-38.3791,142.50816,Y,,Y,,Y,,
2018,Telstra,-38.37886,144.84207,Y,,Y,,,,
2018,Telstra,-38.37876,144.86038,Y,,Y,,Y,,Y
2018,Telstra,-38.37608,146.98812,Y,,Y,,,,
2018,Telstra,-38.37556,144.8066,Y,Y,Y,,Y,,Y
2018,Telstra,-38.375064,146.263291,Y,,Y,,Y,,
2018,Telstra,-38.374984,146.146525,Y,,Y,,,,
2018,Telstra,-38.37451,142.4694,Y,,,,,,
2018,Telstra,-38.374102,142.20609,Y,,Y,,Y,,
2018,Telstra,-38.37213,145.12474,Y,,Y,,Y,,
2018,Telstra,-38.37135,145.97798,Y,,Y,,,,
2018,Telstra,-38.37114,144.8251,Y,Y,Y,,Y,,Y
2018,Telstra,-38.37036,144.79468,Y,,,,Y,,
2018,Telstra,-38.37017,144.20579,Y,,Y,,,,
2018,Telstra,-38.36931,144.08482,Y,,,,,,
2018,Telstra,-38.36894,145.01397,Y,,Y,,,,
2018,Telstra,-38.36879,144.9205,Y,Y,,,Y,,
2018,Telstra,-38.3687,144.770974,Y,,Y,,Y,,
2018,Telstra,-38.3672,145.18268,Y,,Y,,Y,,
2018,Telstra,-38.361862,142.111413,Y,,Y,,,,
2018,Telstra,-38.361296,142.501697,Y,Y,Y,Y,Y,,
2018,Telstra,-38.36104,144.77998,Y,,,,,,
2018,Telstra,-38.360545,147.177336,Y,,Y,,,,
2018,Telstra,-38.35929,144.8955,Y,Y,Y,,Y,,Y
2018,Telstra,-38.35525,144.75265,Y,Y,Y,,Y,,
2018,Telstra,-38.355015,142.453043,Y,Y,Y,,Y,,
2018,Telstra,-38.35425,144.9511,Y,,Y,,,,
2018,Telstra,-38.35315,145.19201,Y,Y,Y,,Y,,
2018,Telstra,-38.3503,144.25856,Y,,Y,,,,
2018,Telstra,-38.349479,143.39833,Y,,,,,,
2018,Telstra,-38.34938,144.29876,Y,,Y,,Y,,
2018,Telstra,-38.34901,144.93672,Y,,Y,,Y,,
2018,Telstra,-38.34604,144.73215,Y,Y,Y,,Y,,Y
2018,Telstra,-38.34601,144.94519,Y,,Y,,Y,,
2018,Telstra,-38.34589,146.4746,Y,,,,,,
2018,Telstra,-38.3446,141.60277,Y,,Y,,Y,,
2018,Telstra,-38.343705,143.591675,Y,Y,Y,,Y,,
2018,Telstra,-38.341159,143.098031,Y,,Y,,,,
2018,Telstra,-38.33907,144.74424,Y,,,,,,
2018,Telstra,-38.33895,144.74169,Y,,,,,,
2018,Telstra,-38.33886,145.56203,Y,,Y,,,,
2018,Telstra,-38.33866,144.29047,Y,Y,Y,,Y,,
2018,Telstra,-38.33755,143.783984,Y,,,,Y,,
2018,Telstra,-38.335432,145.076288,Y,,Y,,,,
2018,Telstra,-38.33501,145.7672,Y,,Y,,,,
2018,Telstra,-38.33445,144.72891,Y,,Y,,Y,,
2018,Telstra,-38.33439,144.96372,Y,,Y,,Y,Y,
2018,Telstra,-38.33191,144.3248,Y,,Y,,Y,,
2018,Telstra,-38.3306,144.3161,Y,Y,Y,,Y,,
2018,Telstra,-38.32849,145.90241,Y,,Y,,,,
2018,Telstra,-38.32798,145.96468,Y,,Y,,,,
2018,Telstra,-38.327514,143.064875,Y,,,,,,
2018,Telstra,-38.32735,144.73667,Y,,,,,,
2018,Telstra,-38.32624,144.70388,Y,,,,Y,,
2018,Telstra,-38.32461,144.73493,Y,,,,Y,,
2018,Telstra,-38.32297,144.72615,Y,,,,,,
2018,Telstra,-38.32169,145.526606,Y,,Y,,,,
2018,Telstra,-38.320644,143.686284,Y,,,,,,
2018,Telstra,-38.3206,144.72134,Y,,,,,,
2018,Telstra,-38.32011,144.713352,Y,,,,,,
2018,Telstra,-38.32005,145.0072,Y,Y,Y,,Y,,Y
2018,Telstra,-38.3172,142.37784,Y,,Y,,Y,,
2018,Telstra,-38.316409,141.470695,Y,,,,,,
2018,Telstra,-38.31441,145.18163,Y,,Y,,Y,,
2018,Telstra,-38.313774,144.690847,,,,,,,Y
2018,Telstra,-38.313649,143.287633,Y,,Y,,,,
2018,Telstra,-38.31362,146.42206,Y,,Y,,Y,,
2018,Telstra,-38.313475,142.92563,Y,,Y,,,,
2018,Telstra,-38.31316,144.69628,Y,,,,,,
2018,Telstra,-38.312267,141.57262,Y,,Y,,,,
2018,Telstra,-38.31076,144.28067,Y,,Y,,,,
2018,Telstra,-38.309216,146.543515,,,,,Y,,
2018,Telstra,-38.307479,145.190949,,,,,,,Y
2018,Telstra,-38.30494,142.73786,Y,,Y,,,,
2018,Telstra,-38.30041,144.31668,Y,,Y,,,,
2018,Telstra,-38.30032,145.21158,Y,Y,Y,,Y,,
2018,Telstra,-38.29944,147.0329,Y,,Y,,,,
2018,Telstra,-38.297811,144.992516,,,Y,,,,
2018,Telstra,-38.29689,144.35125,Y,Y,Y,,Y,,
2018,Telstra,-38.294938,146.70167,Y,,Y,,,,
2018,Telstra,-38.29254,145.00983,Y,,Y,,,,
2018,Telstra,-38.29145,145.18506,Y,Y,Y,,Y,,
2018,Telstra,-38.28462,145.03198,Y,Y,Y,,Y,,
2018,Telstra,-38.28314,144.99605,Y,,,,,,
2018,Telstra,-38.28031,144.59893,Y,Y,Y,,Y,,
2018,Telstra,-38.27636,144.48758,Y,Y,Y,,Y,,Y
2018,Telstra,-38.27491,144.62103,Y,,Y,,Y,,Y
2018,Telstra,-38.270987,144.661884,Y,,Y,,Y,,
2018,Telstra,-38.270868,145.568594,Y,,Y,,,,
2018,Telstra,-38.26752,144.52584,Y,Y,Y,,Y,,Y
2018,Telstra,-38.26723,145.01343,Y,,Y,,Y,,
2018,Telstra,-38.26689,144.54868,Y,,Y,,,,
2018,Telstra,-38.265451,144.454847,Y,,Y,,,,
2018,Telstra,-38.25983,145.0765,Y,Y,Y,,Y,,
2018,Telstra,-38.258111,145.198321,Y,Y,Y,,Y,,
2018,Telstra,-38.25185,146.57833,Y,,Y,,,,
2018,Telstra,-38.251805,141.907207,Y,,,,,,
2018,Telstra,-38.25092,144.54106,Y,Y,Y,,Y,,Y
2018,Telstra,-38.2483,144.69447,Y,,Y,,,,
2018,Telstra,-38.24758086,146.4140864,Y,,Y,,Y,,
2018,Telstra,-38.24694,145.10404,Y,,Y,,,,
2018,Telstra,-38.24599,145.0479,Y,Y,Y,,Y,,
2018,Telstra,-38.24499,144.60552,Y,Y,Y,,,,
2018,Telstra,-38.24496,145.03075,Y,Y,Y,,Y,,
2018,Telstra,-38.24288,143.98848,Y,,Y,,,,
2018,Telstra,-38.240999,146.102092,Y,,Y,,Y,,
2018,Telstra,-38.24075,142.91904,Y,,Y,,,,
2018,Telstra,-38.24,144.3158,Y,,Y,,,,
2018,Telstra,-38.23579,145.0625,Y,Y,Y,,,,
2018,Telstra,-38.235302,143.11641,Y,,Y,,,,
2018,Telstra,-38.23371,146.40083,Y,,Y,,Y,,
2018,Telstra,-38.233498,143.791744,Y,,Y,,,,
2018,Telstra,-38.23327,144.34117,Y,,Y,,Y,,
2018,Telstra,-38.23169,143.14658,Y,,Y,,Y,,
2018,Telstra,-38.231358,146.414873,Y,,Y,,Y,,Y
2018,Telstra,-38.23053,145.16266,Y,Y,Y,,Y,,
2018,Telstra,-38.22705,144.50116,Y,,Y,,,,
2018,Telstra,-38.22528,145.03966,Y,Y,Y,,Y,,
2018,Telstra,-38.2241,145.17338,Y,Y,,,Y,,
2018,Telstra,-38.22383,145.51011,Y,,Y,,,,
2018,Telstra,-38.22227,145.3351,Y,,Y,,,,
2018,Telstra,-38.218857,147.379363,Y,,Y,,,,
2018,Telstra,-38.21814,141.7795,Y,,,,,,
2018,Telstra,-38.21766,145.06258,Y,,Y,,,,
2018,Telstra,-38.21748,145.38838,Y,,,,,,
2018,Telstra,-38.21734,145.03636,Y,,Y,,Y,,
2018,Telstra,-38.217193,146.247655,Y,,Y,,,,
2018,Telstra,-38.21716,146.4741,Y,,,,,,
2018,Telstra,-38.2168,141.7034,Y,,Y,,,,
2018,Telstra,-38.2133,144.18,Y,,Y,,,,
2018,Telstra,-38.21318,145.03376,Y,,,,,,
2018,Telstra,-38.2131,146.52033,Y,Y,Y,,Y,,
2018,Telstra,-38.2089592,145.0719732,Y,,Y,,Y,,
2018,Telstra,-38.20796,144.26559,Y,,Y,,,,
2018,Telstra,-38.20569,146.15875,Y,,Y,,,,
2018,Telstra,-38.20543776,145.0978914,Y,,Y,,Y,,
2018,Telstra,-38.2039,145.22896,Y,,Y,,Y,,
2018,Telstra,-38.2036,144.3417,Y,Y,Y,,Y,,
2018,Telstra,-38.20008,144.32013,Y,,Y,,Y,,
2018,Telstra,-38.19995,144.38631,Y,,Y,,,,
2018,Telstra,-38.197196,145.161708,Y,,Y,,Y,,
2018,Telstra,-38.19707,145.08848,Y,,Y,,Y,,
2018,Telstra,-38.19579,145.12159,Y,,Y,,Y,,
2018,Telstra,-38.19536,144.476702,Y,,Y,,Y,,
2018,Telstra,-38.19508,146.53697,Y,Y,Y,,Y,,
2018,Telstra,-38.19414,144.29635,Y,,Y,,Y,,
2018,Telstra,-38.19326,144.30175,Y,,,,Y,,
2018,Telstra,-38.19164,146.51465,Y,,Y,,Y,,
2018,Telstra,-38.19036,145.25283,Y,Y,Y,,Y,,
2018,Telstra,-38.189828,145.493987,Y,,Y,,,,
2018,Telstra,-38.1893,145.07486,Y,,,,,,
2018,Telstra,-38.186888,147.147247,Y,,Y,,,,
2018,Telstra,-38.1865,144.562,Y,,Y,,,,
2018,Telstra,-38.18568,146.01039,Y,,,,,,
2018,Telstra,-38.184772,146.322631,Y,,Y,,Y,,
2018,Telstra,-38.184284,145.929138,Y,,Y,,Y,,
2018,Telstra,-38.18365,145.08994,Y,,Y,,Y,,
2018,Telstra,-38.18268,141.37137,Y,,Y,,,,
2018,Telstra,-38.18261522,146.5655793,Y,Y,Y,,Y,,
2018,Telstra,-38.18242,144.46589,Y,,Y,,Y,,
2018,Telstra,-38.18149,144.38115,Y,Y,Y,,Y,,
2018,Telstra,-38.18076,146.27933,Y,,,,,,
2018,Telstra,-38.18031,146.44645,Y,,Y,,,,
2018,Telstra,-38.17828,144.60734,Y,,Y,,,,
2018,Telstra,-38.17693,146.26461,Y,Y,Y,,Y,,
2018,Telstra,-38.17625,144.34238,Y,,Y,,Y,,Y
2018,Telstra,-38.1762,144.22539,Y,,Y,,,,
2018,Telstra,-38.175042,145.142714,Y,,Y,,Y,,
2018,Telstra,-38.17442,144.29824,Y,Y,,,Y,,
2018,Telstra,-38.17367,144.07425,Y,,Y,,,,
2018,Telstra,-38.173,145.081093,Y,,Y,,Y,,
2018,Telstra,-38.17284,144.57421,Y,,Y,,,,
2018,Telstra,-38.1726,144.40047,Y,Y,Y,,Y,,
2018,Telstra,-38.17243,144.44448,Y,,Y,,Y,,
2018,Telstra,-38.17064,145.106938,Y,,Y,,Y,,
2018,Telstra,-38.16856,144.41966,Y,,Y,,Y,,
2018,Telstra,-38.168403,145.334776,Y,,Y,,,,
2018,Telstra,-38.1671,144.38368,Y,,Y,,Y,,Y
2018,Telstra,-38.16706,144.70229,Y,Y,Y,,,,
2018,Telstra,-38.16633,145.13704,Y,,Y,,Y,,
2018,Telstra,-38.16625,145.20369,Y,,,,Y,,
2018,Telstra,-38.16453,145.1693,Y,,Y,,Y,,
2018,Telstra,-38.16319,144.35205,Y,Y,Y,,Y,,Y
2018,Telstra,-38.1605,144.30703,Y,,Y,,Y,,
2018,Telstra,-38.15902,144.33576,Y,,Y,,Y,,
2018,Telstra,-38.15784,145.1042,Y,,Y,,,,
2018,Telstra,-38.1574,145.30324,Y,,Y,,,,
2018,Telstra,-38.157398,145.169505,Y,,,,Y,,
2018,Telstra,-38.15727,145.93086,Y,Y,Y,,Y,,
2018,Telstra,-38.15434,144.56402,Y,,,,Y,,
2018,Telstra,-38.15378,144.35948,,Y,,,,,
2018,Telstra,-38.153516,145.162073,Y,Y,Y,,Y,,
2018,Telstra,-38.152193,145.135822,Y,Y,Y,,Y,,
2018,Telstra,-38.15205,144.36535,Y,,,,Y,,
2018,Telstra,-38.151328,145.128457,Y,,Y,,Y,,
2018,Telstra,-38.15129,144.35267,Y,,,,,,
2018,Telstra,-38.151095,145.128648,Y,,,,,,
2018,Telstra,-38.15063,144.36623,Y,,,,,,
2018,Telstra,-38.1501023,145.1473088,Y,Y,Y,,,,
2018,Telstra,-38.1496,145.25813,Y,,Y,,Y,,
2018,Telstra,-38.14947,145.19066,Y,,Y,,Y,,
2018,Telstra,-38.14901,144.35559,Y,Y,Y,,Y,,Y
2018,Telstra,-38.14901,144.35559,Y,,,,,,
2018,Telstra,-38.14809,144.32088,Y,,,,,,
2018,Telstra,-38.14703,144.36291,Y,,,,,,
2018,Telstra,-38.144977,145.228084,Y,,Y,,Y,,
2018,Telstra,-38.14416,144.36396,Y,,,,Y,,
2018,Telstra,-38.14369,144.36022,Y,Y,Y,,Y,,Y
2018,Telstra,-38.14369,144.36022,Y,,,,,,
2018,Telstra,-38.14321,144.60022,Y,,Y,,,,
2018,Telstra,-38.142856,145.125652,Y,,Y,,Y,,Y
2018,Telstra,-38.14285,145.20906,Y,,Y,,Y,,
2018,Telstra,-38.14272,144.30312,Y,,Y,,Y,,
2018,Telstra,-38.142515,145.121937,Y,Y,Y,,Y,,
2018,Telstra,-38.14222,144.31608,Y,Y,Y,,Y,,
2018,Telstra,-38.14081,145.12473,Y,,,,,,
2018,Telstra,-38.1376,144.71047,Y,,Y,,Y,,
2018,Telstra,-38.13744,145.17613,Y,,Y,,Y,,
2018,Telstra,-38.13743,145.85703,Y,,Y,,Y,,
2018,Telstra,-38.13679,144.32714,Y,,Y,,Y,,
2018,Telstra,-38.13589,145.15515,Y,,Y,,Y,,
2018,Telstra,-38.1321,144.3514,Y,,,,,,
2018,Telstra,-38.13203,145.226557,Y,,Y,,Y,,
2018,Telstra,-38.130813,146.471643,Y,,Y,,,,
2018,Telstra,-38.1291,144.2611,Y,,Y,,,,
2018,Telstra,-38.1244,144.6422,Y,,Y,,Y,,Y
2018,Telstra,-38.12433,146.803945,Y,,Y,,,,
2018,Telstra,-38.123,145.2663,Y,Y,Y,,Y,,
2018,Telstra,-38.1229,144.3418,Y,Y,Y,,Y,,Y
2018,Telstra,-38.118046,145.144984,Y,Y,Y,,Y,,
2018,Telstra,-38.11784,144.31778,Y,,Y,,Y,,
2018,Telstra,-38.11614,145.19406,Y,Y,Y,,Y,,
2018,Telstra,-38.11536,145.81869,Y,Y,Y,,Y,,
2018,Telstra,-38.11529,144.65386,Y,,Y,,,,
2018,Telstra,-38.11501,145.17332,Y,,,,,,
2018,Telstra,-38.112581,145.898661,Y,Y,Y,,,,
2018,Telstra,-38.111074,145.292108,Y,Y,Y,,Y,,Y
2018,Telstra,-38.10998,144.35759,Y,,Y,,Y,,
2018,Telstra,-38.10984,145.71317,Y,,Y,,Y,,
2018,Telstra,-38.108946,145.282346,Y,,Y,,Y,,
2018,Telstra,-38.10759,147.064789,Y,Y,Y,,Y,,
2018,Telstra,-38.10715,145.23296,Y,,Y,,Y,,
2018,Telstra,-38.10493,144.04805,Y,,Y,,,,
2018,Telstra,-38.104278,145.165787,Y,,Y,,Y,,
2018,Telstra,-38.10314,147.12357,Y,,Y,,,,
2018,Telstra,-38.10213,147.09014,Y,,Y,,Y,,
2018,Telstra,-38.102058,145.186642,Y,,Y,,Y,,
2018,Telstra,-38.10128198,145.1288249,Y,,Y,,Y,,
2018,Telstra,-38.09767,146.96398,Y,,,,,,
2018,Telstra,-38.097257,145.147305,Y,Y,Y,,Y,,
2018,Telstra,-38.0969,145.2646,Y,,Y,,Y,,
2018,Telstra,-38.096235,141.641325,Y,,Y,,,,
2018,Telstra,-38.09527,145.32934,Y,,Y,,Y,,
2018,Telstra,-38.0933,144.3664,Y,,Y,,Y,,
2018,Telstra,-38.09263,144.32163,Y,Y,Y,,Y,,
2018,Telstra,-38.09027,145.29391,Y,Y,Y,,Y,,
2018,Telstra,-38.08818,145.5038,Y,,Y,,Y,,
2018,Telstra,-38.08778,145.44285,Y,Y,Y,,Y,,
2018,Telstra,-38.08647,145.78181,Y,,Y,,,,
2018,Telstra,-38.0857,145.47148,Y,,Y,,Y,,Y
2018,Telstra,-38.08545,145.189087,Y,,Y,,Y,,
2018,Telstra,-38.08471188,145.2400967,Y,,Y,,,,
2018,Telstra,-38.08432,145.57274,Y,,Y,,,,
2018,Telstra,-38.08122,145.26347,Y,,Y,,Y,,
2018,Telstra,-38.08051,145.48867,Y,Y,,,Y,,
2018,Telstra,-38.0783,145.124,Y,,,,,,
2018,Telstra,-38.0764,144.3581,Y,Y,Y,,Y,,
2018,Telstra,-38.07556,145.15334,Y,,Y,,Y,,
2018,Telstra,-38.0751,144.33957,Y,Y,Y,,Y,,
2018,Telstra,-38.07429,145.337566,Y,,Y,,Y,,
2018,Telstra,-38.07346,145.20827,Y,,Y,,Y,,
2018,Telstra,-38.073426,145.653303,Y,,Y,,Y,,
2018,Telstra,-38.07,142.69,Y,,,,,,
2018,Telstra,-38.0695,145.136295,Y,,Y,,Y,,
2018,Telstra,-38.06809,145.28036,Y,,Y,,Y,,
2018,Telstra,-38.06623,145.30081,Y,Y,Y,,Y,,
2018,Telstra,-38.065404,147.554631,Y,,Y,,,,
2018,Telstra,-38.06508,145.26407,Y,,Y,,Y,,
2018,Telstra,-38.06251,145.11938,Y,Y,,,,,
2018,Telstra,-38.061277,145.41743,Y,,Y,,Y,,Y
2018,Telstra,-38.06124,145.33931,Y,Y,Y,,Y,,Y
2018,Telstra,-38.06118,146.62162,,,,,Y,,
2018,Telstra,-38.06113,144.37939,Y,Y,Y,,Y,,
2018,Telstra,-38.05956,145.22387,Y,,Y,,Y,,
2018,Telstra,-38.05792,145.37606,Y,,Y,,Y,,
2018,Telstra,-38.05577,142.8119,Y,,Y,,Y,,
2018,Telstra,-38.055,140.66639,Y,,Y,,Y,,
2018,Telstra,-38.05376,145.50768,Y,,Y,,,,
2018,Telstra,-38.05276,145.48429,Y,Y,Y,,Y,,
2018,Telstra,-38.05274,140.69908,,,,,Y,,
2018,Telstra,-38.05266,145.2664,Y,,Y,,Y,,
2018,Telstra,-38.0517,145.15311,Y,Y,Y,,Y,,
2018,Telstra,-38.05154,144.37779,Y,,,,,,
2018,Telstra,-38.051412,145.115285,Y,,Y,,Y,,
2018,Telstra,-38.051169,145.450242,Y,Y,Y,,Y,,
2018,Telstra,-38.05072,145.28169,,Y,Y,,Y,,
2018,Telstra,-38.04779,145.36965,Y,,Y,,Y,,
2018,Telstra,-38.04776,147.58391,Y,,Y,,Y,,
2018,Telstra,-38.04658,141.013,Y,,Y,,,,
2018,Telstra,-38.04492,145.34737,Y,,,,,,
2018,Telstra,-38.04489,145.34508,Y,,,,Y,,
2018,Telstra,-38.04337,145.3921,Y,Y,Y,,Y,,
2018,Telstra,-38.0406,145.34,Y,Y,Y,,Y,,
2018,Telstra,-38.03944435,145.2475022,Y,,,,,,
2018,Telstra,-38.0389,144.4156,Y,,Y,,Y,,
2018,Telstra,-38.03865,145.13902,Y,,Y,,Y,,
2018,Telstra,-38.038499,145.23433,Y,,,,,,
2018,Telstra,-38.03597,141.91347,Y,,,,,,
2018,Telstra,-38.03569,145.21063,Y,,Y,,Y,,
2018,Telstra,-38.03389,145.2853,Y,,Y,,Y,,
2018,Telstra,-38.03365632,145.267397,Y,,Y,,Y,,
2018,Telstra,-38.03222,145.3463,Y,,,,,,
2018,Telstra,-38.03208,145.30468,Y,,Y,,Y,,
2018,Telstra,-38.0312,145.108,Y,Y,Y,,Y,,
2018,Telstra,-38.03104,145.347054,Y,Y,Y,,Y,,
2018,Telstra,-38.03053,145.95381,Y,,,,,,
2018,Telstra,-38.029728,145.246101,Y,,Y,,Y,,
2018,Telstra,-38.02912862,145.1783788,Y,,Y,,Y,,
2018,Telstra,-38.0286,144.3461,Y,,Y,,Y,,
2018,Telstra,-38.0278,144.1581,Y,Y,Y,,Y,,
2018,Telstra,-38.0254,145.135,Y,,Y,,Y,,
2018,Telstra,-38.025054,145.225645,Y,,Y,,Y,,
2018,Telstra,-38.02458,145.20611,Y,,Y,,Y,,
2018,Telstra,-38.02286,144.38108,Y,,Y,,Y,,
2018,Telstra,-38.02166,144.47888,Y,,Y,,Y,,
2018,Telstra,-38.021335,145.303538,Y,,Y,,Y,,Y
2018,Telstra,-38.01961,145.273274,Y,,Y,,Y,,
2018,Telstra,-38.01933,144.41494,Y,Y,Y,,Y,,
2018,Telstra,-38.0189,143.6586,Y,,Y,,,,
2018,Telstra,-38.0182,145.3034,Y,,,,,,
2018,Telstra,-38.01715,145.30387,Y,Y,,,Y,,
2018,Telstra,-38.01512,146.15096,,,,,Y,,
2018,Telstra,-38.013802,145.347708,Y,,Y,,Y,,Y
2018,Telstra,-38.013637,145.220136,Y,,Y,,Y,,
2018,Telstra,-38.01352,144.49132,Y,,Y,,,,
2018,Telstra,-38.012125,145.154217,Y,,Y,,Y,,
2018,Telstra,-38.011234,145.203721,Y,,Y,,Y,,
2018,Telstra,-38.0108,145.264,Y,,Y,,Y,,
2018,Telstra,-38.00979,145.11765,Y,,Y,,Y,,
2018,Telstra,-38.008725,145.088854,Y,,Y,,Y,,Y
2018,Telstra,-38.00868,145.22859,,,Y,,Y,,
2018,Telstra,-38.0076,145.27204,Y,,Y,,Y,,
2018,Telstra,-38.00506394,145.1394363,Y,,Y,,Y,,
2018,Telstra,-38.0047,145.253,Y,,Y,,Y,,
2018,Telstra,-38.004319,145.084472,Y,,,,,,
2018,Telstra,-38.003842,145.328783,Y,Y,Y,,Y,,Y
2018,Telstra,-38.003479,145.499698,Y,,,,,,
2018,Telstra,-38.00318,145.109586,Y,,Y,,Y,,
2018,Telstra,-38.000225,145.219623,Y,,Y,,Y,,Y
2018,Telstra,-37.9992,145.23295,Y,,Y,,Y,,Y
2018,Telstra,-37.998048,145.428457,Y,,Y,,,,
2018,Telstra,-37.99735,145.195613,Y,,Y,,Y,,Y
2018,Telstra,-37.996816,145.275553,Y,,,,,,
2018,Telstra,-37.99659748,145.2867993,Y,,Y,,Y,,
2018,Telstra,-37.9952,145.173,Y,,Y,,Y,,
2018,Telstra,-37.993847,145.076489,Y,,Y,,Y,,
2018,Telstra,-37.993109,143.054,Y,,,,,,
2018,Telstra,-37.9927,145.215773,,,,,,,Y
2018,Telstra,-37.992462,145.03091,Y,,,,,,
2018,Telstra,-37.9923,145.042,Y,,,,,,
2018,Telstra,-37.99218,141.425671,Y,,,,,,
2018,Telstra,-37.99205,145.04148,Y,,,,Y,,
2018,Telstra,-37.99189,145.35007,Y,,Y,,Y,,
2018,Telstra,-37.99133,145.2101,,,,,,,Y
2018,Telstra,-37.990421,145.113799,Y,,Y,,Y,,
2018,Telstra,-37.98960333,145.0665317,Y,,Y,,,,
2018,Telstra,-37.98846,145.31385,Y,,Y,,Y,,
2018,Telstra,-37.98841,145.21246,Y,,,,,,
2018,Telstra,-37.988,145.2484,Y,,,,Y,,
2018,Telstra,-37.987355,145.151586,Y,,Y,,Y,,
2018,Telstra,-37.986803,145.146209,Y,,Y,,,,
2018,Telstra,-37.98676,145.04146,Y,,,,,,
2018,Telstra,-37.98658,145.03345,,,Y,,Y,,
2018,Telstra,-37.98648,145.2169,Y,,,,Y,,
2018,Telstra,-37.98592,145.212818,Y,,Y,,Y,,
2018,Telstra,-37.985678,145.220396,Y,,,,Y,,
2018,Telstra,-37.9846,145.024,Y,,Y,,,,
2018,Telstra,-37.984228,145.19088,Y,,Y,,Y,,Y
2018,Telstra,-37.98369,145.13409,Y,,Y,,Y,,
2018,Telstra,-37.98300335,145.0768519,Y,,Y,,Y,,
2018,Telstra,-37.9823,145.211,Y,,,,Y,,
2018,Telstra,-37.981955,145.114428,Y,,Y,,,,
2018,Telstra,-37.9819,145.033,Y,,Y,,,,
2018,Telstra,-37.98141,146.78634,Y,,Y,,,,
2018,Telstra,-37.981307,145.064072,Y,,Y,,Y,,
2018,Telstra,-37.9797,145.053,Y,,Y,,,,
2018,Telstra,-37.9793,145.091,Y,,Y,,Y,,
2018,Telstra,-37.97929,145.04582,Y,,Y,,Y,,
2018,Telstra,-37.97827471,145.1661898,Y,,Y,,Y,,
2018,Telstra,-37.97749,145.11349,Y,,,,,,
2018,Telstra,-37.9774,145.28481,Y,,Y,,Y,,
2018,Telstra,-37.97585864,145.0328208,Y,,Y,,Y,,
2018,Telstra,-37.97573,145.22056,Y,,,,,,
2018,Telstra,-37.97571,145.065464,Y,,Y,,Y,,
2018,Telstra,-37.9756,145.257,Y,,Y,,Y,,
2018,Telstra,-37.9752,145.016,Y,,,,,,
2018,Telstra,-37.975138,145.218872,Y,,Y,,Y,,Y
2018,Telstra,-37.9744,145.134,Y,,Y,,Y,,
2018,Telstra,-37.9740292,144.3519725,Y,,Y,,,,
2018,Telstra,-37.9727,144.69075,Y,,Y,,,,
2018,Telstra,-37.971114,145.182654,Y,,Y,,Y,,
2018,Telstra,-37.97064,145.10557,Y,,Y,,Y,,
2018,Telstra,-37.9699165,145.3111733,Y,,,,,,
2018,Telstra,-37.9698,145.086,Y,,Y,,Y,,
2018,Telstra,-37.969018,145.19806,Y,,Y,,Y,,
2018,Telstra,-37.96876,145.07454,Y,,Y,,,,
2018,Telstra,-37.96697,145.025659,Y,,Y,,,,
2018,Telstra,-37.966849,146.980191,Y,Y,Y,,,,
2018,Telstra,-37.96615,145.01232,,,,,,,Y
2018,Telstra,-37.9661,145.048,Y,,Y,,Y,,
2018,Telstra,-37.96589,145.05754,Y,,Y,,Y,,
2018,Telstra,-37.96589,147.0809,Y,,Y,,Y,,
2018,Telstra,-37.963892,145.53805,Y,,Y,,,,
2018,Telstra,-37.963,145.149,Y,,Y,,,,
2018,Telstra,-37.962878,145.226354,Y,,Y,,Y,,
2018,Telstra,-37.9622,145.361,Y,,Y,,Y,,
2018,Telstra,-37.96111,145.17151,Y,,Y,,,,
2018,Telstra,-37.961,145.018,Y,,Y,,Y,,
2018,Telstra,-37.96063,144.50096,Y,,Y,,,,
2018,Telstra,-37.96046,145.18848,Y,,,,,,
2018,Telstra,-37.95952407,145.1884679,Y,,Y,,,,
2018,Telstra,-37.9587,145.05595,Y,,,,Y,,
2018,Telstra,-37.95807,145.00899,,,,,,,Y
2018,Telstra,-37.957353,145.03652,Y,,Y,,Y,,Y
2018,Telstra,-37.955062,145.49264,Y,,Y,,Y,,
2018,Telstra,-37.955,145.091,Y,,Y,,Y,,
2018,Telstra,-37.954413,146.388282,Y,,Y,,,,
2018,Telstra,-37.95410858,145.1122502,Y,,Y,,Y,,
2018,Telstra,-37.95407,143.3318,Y,,Y,,Y,,
2018,Telstra,-37.9532,145.021,Y,,Y,,,,
2018,Telstra,-37.95213,145.17889,Y,,,,,,
2018,Telstra,-37.95199823,145.0056771,Y,,Y,,Y,,
2018,Telstra,-37.95116,145.06506,Y,Y,Y,,Y,,Y
2018,Telstra,-37.9511,145.153,Y,,Y,,Y,,
2018,Telstra,-37.951,145.08049,Y,,,,,,
2018,Telstra,-37.95052,145.2465,Y,,Y,,Y,,
2018,Telstra,-37.9498,145.20974,Y,,Y,,Y,,
2018,Telstra,-37.949792,144.706689,Y,,Y,,Y,,
2018,Telstra,-37.949698,145.079208,Y,,Y,,Y,,
2018,Telstra,-37.948377,145.186322,Y,,Y,,Y,,
2018,Telstra,-37.948091,145.003768,Y,,,,,,
2018,Telstra,-37.947168,145.047282,Y,,Y,,Y,,Y
2018,Telstra,-37.9459,145.023,Y,,Y,,,,
2018,Telstra,-37.9457,144.99985,Y,,Y,,Y,,
2018,Telstra,-37.944838,147.248017,Y,,Y,,,,
2018,Telstra,-37.94481,145.171215,Y,,Y,,Y,,Y
2018,Telstra,-37.94443,145.09249,,,Y,,Y,,
2018,Telstra,-37.94431,145.31718,Y,,Y,,Y,,
2018,Telstra,-37.94261,143.20672,Y,,Y,,,,
2018,Telstra,-37.9407,145.141,Y,,Y,,Y,,
2018,Telstra,-37.93983,145.17135,Y,,,,,,
2018,Telstra,-37.939783,145.017658,Y,,Y,,Y,,
2018,Telstra,-37.938941,145.063403,Y,,Y,,Y,,
2018,Telstra,-37.93864,145.21305,Y,,,,Y,,
2018,Telstra,-37.93785,144.67285,Y,,Y,,Y,Y,
2018,Telstra,-37.9378,145.08,Y,,Y,,Y,,
2018,Telstra,-37.937074,145.118395,Y,,Y,,Y,,
2018,Telstra,-37.936646,145.191131,Y,,Y,,Y,,
2018,Telstra,-37.93591,145.00296,Y,,,,,,
2018,Telstra,-37.935905,145.037239,Y,Y,Y,,Y,,
2018,Telstra,-37.93427,145.23129,Y,,Y,,Y,,
2018,Telstra,-37.93236,145.44378,Y,Y,Y,,Y,,
2018,Telstra,-37.93226,145.09775,Y,,Y,,Y,,
2018,Telstra,-37.93206,145.1562,Y,,Y,,,,
2018,Telstra,-37.9314,145.0773,Y,,Y,,Y,,
2018,Telstra,-37.93101,145.20366,Y,,Y,,Y,,
2018,Telstra,-37.930522,144.742329,Y,,Y,,Y,,
2018,Telstra,-37.9299,145.281,Y,,,,,,
2018,Telstra,-37.92944,145.00383,Y,,Y,,Y,,
2018,Telstra,-37.92868,145.2322,Y,,Y,,Y,,
2018,Telstra,-37.928509,144.990117,Y,,Y,,Y,,
2018,Telstra,-37.927619,145.252277,Y,,,,Y,,
2018,Telstra,-37.9267,145.149,Y,,Y,,Y,,
2018,Telstra,-37.92664075,145.1646503,Y,,Y,,Y,,
2018,Telstra,-37.92635,144.6465,Y,Y,Y,,Y,,
2018,Telstra,-37.92477,145.18779,Y,,Y,,Y,,
2018,Telstra,-37.923115,145.084219,Y,,Y,,Y,,
2018,Telstra,-37.92292,145.215045,Y,,Y,,Y,,
2018,Telstra,-37.922727,145.138738,Y,Y,Y,,Y,,
2018,Telstra,-37.92217,145.11701,Y,,Y,,Y,,
2018,Telstra,-37.92183,145.02604,Y,,Y,,Y,,Y
2018,Telstra,-37.921762,141.261825,Y,,Y,,,,
2018,Telstra,-37.92111111,145.1236111,Y,,,,,,
2018,Telstra,-37.92108,145.150553,Y,,,,,,
2018,Telstra,-37.92083333,145.1236111,Y,,,,,,
2018,Telstra,-37.9208,145.006,Y,,Y,,,,
2018,Telstra,-37.9206,145.064,Y,,Y,,Y,,
2018,Telstra,-37.92043,145.05117,Y,,Y,,,,
2018,Telstra,-37.92037,145.12347,Y,,,,Y,,
2018,Telstra,-37.9202,145.159,Y,Y,Y,,Y,,
2018,Telstra,-37.92009,145.36751,Y,,Y,,Y,,
2018,Telstra,-37.91978,145.23751,Y,,,,Y,,
2018,Telstra,-37.9196,146.01247,Y,,Y,,,,
2018,Telstra,-37.9189,145.043,Y,,Y,,Y,,
2018,Telstra,-37.91667,145.151389,Y,,,,Y,,
2018,Telstra,-37.91616,144.76625,Y,,,,,,
2018,Telstra,-37.916095,140.405923,Y,,Y,,,,
2018,Telstra,-37.91609,145.018,,,Y,,,,
2018,Telstra,-37.91536,144.73249,Y,,Y,,Y,Y,
2018,Telstra,-37.91337026,145.1556145,Y,,,,,,
2018,Telstra,-37.91313,145.2728,Y,,Y,,,,
2018,Telstra,-37.91300866,144.9957742,Y,Y,Y,,Y,,
2018,Telstra,-37.913008,144.995777,Y,,,,,,
2018,Telstra,-37.9128,145.13208,Y,,Y,,Y,,
2018,Telstra,-37.91267,145.144983,,,Y,,,,Y
2018,Telstra,-37.91236,145.14419,Y,,,,Y,,
2018,Telstra,-37.91226,141.15706,Y,,,,,,
2018,Telstra,-37.91176,145.14469,Y,Y,Y,,Y,,
2018,Telstra,-37.911699,145.033528,Y,,Y,,Y,,
2018,Telstra,-37.911671,145.121593,Y,,Y,,Y,,
2018,Telstra,-37.910563,145.105295,Y,,Y,,Y,,
2018,Telstra,-37.90978,145.12865,Y,,,,,,
2018,Telstra,-37.90932,145.189147,Y,,Y,,Y,,
2018,Telstra,-37.9093,145.0617,Y,Y,Y,,Y,,
2018,Telstra,-37.909295,145.35353,Y,,Y,,,,
2018,Telstra,-37.9092,145.086,Y,,Y,,Y,,
2018,Telstra,-37.909099,145.131176,Y,,Y,,Y,,
2018,Telstra,-37.90879873,145.0120275,Y,,Y,,Y,,
2018,Telstra,-37.90696,147.69703,Y,Y,Y,,Y,,Y
2018,Telstra,-37.90660596,144.9802888,Y,,Y,,Y,,
2018,Telstra,-37.906501,145.231099,Y,,Y,,Y,,
2018,Telstra,-37.906,145.163,Y,,Y,,Y,,
2018,Telstra,-37.905795,145.0019,Y,,Y,,Y,,
2018,Telstra,-37.90548,145.1415,Y,,,,,,
2018,Telstra,-37.905435,145.220682,Y,,,,,,
2018,Telstra,-37.905242,145.052821,Y,,,,Y,,
2018,Telstra,-37.9051,144.99361,Y,,Y,,Y,,
2018,Telstra,-37.905062,145.333316,Y,,,,,,
2018,Telstra,-37.90462,145.24555,Y,,Y,,Y,,
2018,Telstra,-37.90454,145.25591,Y,Y,Y,,Y,,
2018,Telstra,-37.9038,145.131,Y,,Y,,Y,,
2018,Telstra,-37.90377,145.49222,Y,,,,,,
2018,Telstra,-37.9037,145.317,Y,Y,Y,,Y,,
2018,Telstra,-37.90365,144.70163,Y,Y,Y,,Y,,
2018,Telstra,-37.903056,145.035244,Y,Y,Y,,Y,,
2018,Telstra,-37.90279,144.64047,Y,Y,Y,,Y,,
2018,Telstra,-37.902344,145.352283,Y,,Y,,Y,,
2018,Telstra,-37.9013,145.142242,Y,,Y,,,,
2018,Telstra,-37.900828,145.216098,Y,,Y,,Y,,
2018,Telstra,-37.90020087,144.659657,Y,Y,Y,,Y,,
2018,Telstra,-37.899448,144.404114,Y,,,,,,
2018,Telstra,-37.89943,145.15137,Y,,Y,,Y,,
2018,Telstra,-37.89917,145.1925,Y,,Y,,,,
2018,Telstra,-37.899007,145.111722,Y,,Y,,Y,,
2018,Telstra,-37.899,145.08766,Y,,Y,,Y,,Y
2018,Telstra,-37.899,145.2389,Y,,,,,,
2018,Telstra,-37.8986,144.72883,Y,Y,Y,,Y,,
2018,Telstra,-37.89827,145.07095,Y,,Y,,Y,,
2018,Telstra,-37.89821,145.00682,Y,,Y,,Y,,
2018,Telstra,-37.89791,144.98962,,,,,,,Y
2018,Telstra,-37.8972,145.18,Y,,Y,,Y,,
2018,Telstra,-37.89707,145.01366,Y,,Y,,Y,,
2018,Telstra,-37.8969,145.138,Y,Y,Y,,Y,,
2018,Telstra,-37.89632,145.14379,Y,,,,,,
2018,Telstra,-37.89539,146.79345,Y,,Y,,,,
2018,Telstra,-37.895004,144.622339,Y,,Y,,Y,,
2018,Telstra,-37.894363,145.02525,Y,,Y,,Y,,
2018,Telstra,-37.893755,145.997146,Y,,,,,,
2018,Telstra,-37.89325,145.31221,Y,,Y,,,,
2018,Telstra,-37.89325,145.08851,Y,,Y,,,,
2018,Telstra,-37.893184,145.126011,Y,,Y,,Y,,
2018,Telstra,-37.8926,145.095,Y,,Y,,Y,,Y
2018,Telstra,-37.89222,145.14214,Y,,Y,,Y,,
2018,Telstra,-37.89202,145.142983,Y,,,,,,
2018,Telstra,-37.8918,145.14335,Y,,,,,,
2018,Telstra,-37.891458,144.990581,Y,,,,,,
2018,Telstra,-37.89055,145.0519,Y,,Y,,Y,,
2018,Telstra,-37.89044,144.76412,Y,,Y,,Y,,Y
2018,Telstra,-37.889378,145.295882,Y,,Y,,Y,,
2018,Telstra,-37.8889,145.042,Y,,,,Y,,
2018,Telstra,-37.88842,144.60845,Y,,Y,,Y,,
2018,Telstra,-37.887998,145.164116,Y,,,,Y,,
2018,Telstra,-37.88765,145.233579,Y,,Y,,Y,,Y
2018,Telstra,-37.8871,145.146,Y,,Y,,Y,,
2018,Telstra,-37.886934,145.059497,Y,Y,Y,,Y,,
2018,Telstra,-37.88691,144.26954,Y,,,,,,
2018,Telstra,-37.88654,145.083381,Y,Y,Y,,Y,,Y
2018,Telstra,-37.88623,144.69886,Y,,,,Y,,
2018,Telstra,-37.88579,145.06636,,,,,,,Y
2018,Telstra,-37.88555,145.10445,Y,,Y,,Y,,
2018,Telstra,-37.885129,145.000141,Y,Y,Y,,Y,,
2018,Telstra,-37.88506,145.08265,Y,,,,Y,,
2018,Telstra,-37.884985,145.005133,,,,,,,Y
2018,Telstra,-37.884811,144.196003,Y,,Y,,,,
2018,Telstra,-37.884718,145.126941,Y,,,,Y,,
2018,Telstra,-37.88457,145.19087,Y,,Y,,Y,,
2018,Telstra,-37.88412,145.27956,Y,,Y,,Y,,
2018,Telstra,-37.88379,144.63299,Y,Y,Y,,Y,,
2018,Telstra,-37.883063,144.735491,Y,Y,Y,,Y,,
2018,Telstra,-37.88252,145.1097,Y,,Y,,,,
2018,Telstra,-37.882397,142.300546,Y,,,,,,
2018,Telstra,-37.882235,144.988771,Y,,Y,,Y,,
2018,Telstra,-37.881589,145.109362,,,,,,,Y
2018,Telstra,-37.881589,147.982415,Y,,Y,,Y,,
2018,Telstra,-37.88151,145.29088,Y,Y,,,Y,,
2018,Telstra,-37.881398,145.363046,Y,,Y,,Y,,
2018,Telstra,-37.8812,145.40172,Y,,,,,,
2018,Telstra,-37.881183,145.04935,,,,,,,Y
2018,Telstra,-37.880504,145.693677,Y,,Y,,Y,,
2018,Telstra,-37.8804,145.023,Y,,Y,,Y,,
2018,Telstra,-37.8803,145.087,Y,,Y,,Y,,
2018,Telstra,-37.87958,145.26495,Y,Y,Y,,Y,,
2018,Telstra,-37.8792,145.166,Y,,Y,,Y,,
2018,Telstra,-37.879173,145.334149,Y,,Y,,,,
2018,Telstra,-37.87844,147.96435,Y,,Y,,Y,,
2018,Telstra,-37.8784,144.978,Y,,,,,,
2018,Telstra,-37.87814,145.00706,,,,,,,Y
2018,Telstra,-37.878,145.157,Y,,Y,,Y,,
2018,Telstra,-37.877894,145.038419,Y,Y,Y,,Y,,
2018,Telstra,-37.8775,145.069,Y,,Y,,Y,,
2018,Telstra,-37.8774,145.046,Y,Y,Y,,Y,,
2018,Telstra,-37.87724006,145.1998265,Y,,Y,,Y,,
2018,Telstra,-37.8769444,144.99866,Y,,Y,,Y,,
2018,Telstra,-37.87675,145.12893,,,Y,,,,
2018,Telstra,-37.8766,145.129,Y,,,,,,
2018,Telstra,-37.87588,145.04243,,,,,,,Y
2018,Telstra,-37.87566,144.68069,Y,Y,Y,,Y,,Y
2018,Telstra,-37.87563,144.61533,Y,,Y,,Y,,
2018,Telstra,-37.875279,145.090686,Y,,Y,,Y,,Y
2018,Telstra,-37.87461,145.01456,,,,,,,Y
2018,Telstra,-37.874504,145.166624,Y,,Y,,,,
2018,Telstra,-37.87381,144.78897,Y,Y,Y,,Y,,Y
2018,Telstra,-37.87379,144.71581,Y,Y,Y,,Y,,Y
2018,Telstra,-37.8735,145.13662,Y,,Y,,Y,,
2018,Telstra,-37.87336,144.74007,Y,,Y,,,,
2018,Telstra,-37.8729,144.991,Y,,Y,,Y,,
2018,Telstra,-37.872796,145.116156,Y,,Y,,Y,,
2018,Telstra,-37.872795,145.02439,Y,,Y,,Y,,
2018,Telstra,-37.87232,145.42655,Y,Y,Y,,,,
2018,Telstra,-37.8707,145.048,Y,,Y,,,,
2018,Telstra,-37.870529,147.851451,Y,,Y,,Y,,
2018,Telstra,-37.870171,145.017829,Y,,,,Y,,
2018,Telstra,-37.87015337,145.2479854,Y,Y,Y,,Y,,
2018,Telstra,-37.86948,144.90768,Y,,Y,,Y,,Y
2018,Telstra,-37.86904,147.42454,Y,,,,,,
2018,Telstra,-37.868882,145.234692,Y,,,,,,
2018,Telstra,-37.86875,144.75507,Y,Y,Y,,Y,,
2018,Telstra,-37.8686809,145.0605525,Y,,Y,,Y,,
2018,Telstra,-37.86863,145.20478,Y,,Y,,Y,,
2018,Telstra,-37.86852,145.23901,Y,,,,Y,,
2018,Telstra,-37.86795,144.9866,,,,,,,Y
2018,Telstra,-37.867891,144.829755,Y,,Y,,Y,,
2018,Telstra,-37.8675,143.46419,Y,,Y,,,,
2018,Telstra,-37.867069,148.023708,Y,,Y,,Y,,
2018,Telstra,-37.86695,144.97823,,,,,,,Y
2018,Telstra,-37.8667,145.028,Y,Y,Y,,Y,,
2018,Telstra,-37.8664,144.999,Y,Y,Y,,Y,,Y
2018,Telstra,-37.86585,144.973376,Y,Y,Y,,Y,,Y
2018,Telstra,-37.86575,145.09286,Y,,Y,,Y,,
2018,Telstra,-37.86571,144.84703,Y,,Y,,Y,,
2018,Telstra,-37.86457,144.97331,Y,Y,Y,,Y,,Y
2018,Telstra,-37.86417,144.98414,Y,Y,Y,,Y,,Y
2018,Telstra,-37.86383,144.90767,Y,Y,Y,,Y,,
2018,Telstra,-37.86382,145.04024,Y,,Y,,Y,,
2018,Telstra,-37.8634,145.08096,Y,,Y,,Y,,
2018,Telstra,-37.86312,147.99222,Y,,Y,,Y,,
2018,Telstra,-37.8625,145.033333,Y,,,,,,
2018,Telstra,-37.86221187,144.8015212,Y,,Y,,Y,,
2018,Telstra,-37.8621,145.35303,Y,,Y,,,,
2018,Telstra,-37.86177598,144.9747046,Y,,Y,,Y,,Y
2018,Telstra,-37.861746,145.066831,Y,,Y,,,,
2018,Telstra,-37.86106,145.28789,Y,Y,Y,,Y,,
2018,Telstra,-37.861025,144.6496,Y,Y,Y,,Y,,
2018,Telstra,-37.860988,145.027547,Y,,,,,,
2018,Telstra,-37.8609,141.05401,Y,,,,,,
2018,Telstra,-37.86087,144.68611,Y,,Y,,Y,,
2018,Telstra,-37.860256,145.225631,Y,,,,,,
2018,Telstra,-37.86015,144.66621,Y,,Y,,Y,,
2018,Telstra,-37.85984,145.26733,Y,,Y,,,,
2018,Telstra,-37.85974,144.902,,,,,,,Y
2018,Telstra,-37.85951,144.78006,Y,Y,Y,,Y,,
2018,Telstra,-37.8591,145.051,Y,,,,,,
2018,Telstra,-37.8589,145.005,Y,,Y,,Y,,Y
2018,Telstra,-37.85882,144.89886,Y,,Y,,Y,,
2018,Telstra,-37.85853,145.168,Y,,,,,,
2018,Telstra,-37.858281,145.163652,,Y,,,Y,,
2018,Telstra,-37.857877,145.131838,Y,,,,Y,,
2018,Telstra,-37.85773,141.79068,Y,,,,,,
2018,Telstra,-37.85759,145.02847,Y,Y,Y,,Y,,Y
2018,Telstra,-37.85749,145.19934,Y,,Y,,Y,,
2018,Telstra,-37.857116,144.888452,Y,Y,Y,,Y,,
2018,Telstra,-37.85699,145.35984,Y,,,,,,
2018,Telstra,-37.85636,144.96694,Y,,Y,,Y,,Y
2018,Telstra,-37.856342,145.365049,Y,,Y,,Y,,
2018,Telstra,-37.85626888,144.9909067,,,,,Y,,
2018,Telstra,-37.8561,144.9909,Y,Y,Y,,Y,,Y
2018,Telstra,-37.856,145.113,Y,,Y,,Y,,
2018,Telstra,-37.8549,144.984,Y,,Y,,Y,,
2018,Telstra,-37.85453,147.06937,Y,,Y,,Y,,
2018,Telstra,-37.8544,145.184,Y,,Y,,Y,,
2018,Telstra,-37.854037,145.051513,Y,,Y,,Y,,
2018,Telstra,-37.8537,145.013,Y,,Y,,Y,,
2018,Telstra,-37.8531,145.1525,Y,,Y,,Y,,
2018,Telstra,-37.85295,145.00258,,,,,,,Y
2018,Telstra,-37.85246,145.31379,Y,,Y,,Y,,
2018,Telstra,-37.85222,145.132238,,,,,,,Y
2018,Telstra,-37.8522,145.0366,Y,,Y,,Y,,
2018,Telstra,-37.8518,144.866,Y,,Y,,Y,,
2018,Telstra,-37.8518,145.03,Y,,Y,,Y,,
2018,Telstra,-37.85153893,144.9931351,Y,Y,Y,,Y,,
2018,Telstra,-37.851519,144.957265,Y,,Y,,Y,,Y
2018,Telstra,-37.85117975,144.9816737,Y,,Y,,Y,,Y
2018,Telstra,-37.85091,145.28433,Y,Y,Y,,Y,,
2018,Telstra,-37.85075,145.13522,Y,,Y,,Y,,
2018,Telstra,-37.8501,145.096,Y,,Y,,Y,,
2018,Telstra,-37.84981474,144.8773736,,,,,Y,,
2018,Telstra,-37.849778,144.96926,Y,,,,,,
2018,Telstra,-37.84971,144.97869,Y,Y,Y,,Y,,Y
2018,Telstra,-37.84959,145.12121,Y,Y,Y,,Y,,
2018,Telstra,-37.84951,145.228247,Y,,,,,,
2018,Telstra,-37.849319,144.705461,Y,Y,Y,,Y,,
2018,Telstra,-37.84914,144.95172,,,,,,,Y
2018,Telstra,-37.848606,144.844797,Y,,Y,,Y,,
2018,Telstra,-37.848125,145.16731,Y,Y,Y,,Y,,
2018,Telstra,-37.84807,145.02466,Y,,Y,,,,
2018,Telstra,-37.84793,144.81336,Y,,,,,,
2018,Telstra,-37.84765,145.07654,Y,,Y,,Y,,
2018,Telstra,-37.8468,144.994,Y,Y,Y,,Y,,Y
2018,Telstra,-37.846505,145.226196,Y,,Y,,Y,,
2018,Telstra,-37.84645,145.06224,Y,,Y,,Y,,
2018,Telstra,-37.84645,144.96157,Y,Y,Y,,Y,,Y
2018,Telstra,-37.8461,145.0548,Y,,,,,,
2018,Telstra,-37.8461,145.04823,Y,Y,,,,,
2018,Telstra,-37.84598,145.05413,,,Y,,,,
2018,Telstra,-37.84593,144.98193,Y,Y,,,Y,,
2018,Telstra,-37.84589,145.24912,Y,,Y,,Y,,
2018,Telstra,-37.84571,144.98155,Y,,,,,,
2018,Telstra,-37.84564,145.0447,Y,,Y,,Y,,
2018,Telstra,-37.845354,145.038791,Y,,Y,,Y,,Y
2018,Telstra,-37.84506,144.95083,Y,,Y,,Y,,Y
2018,Telstra,-37.844282,144.881736,Y,,Y,,Y,,Y
2018,Telstra,-37.84379,144.942957,Y,,Y,,Y,,
2018,Telstra,-37.843,144.979,Y,Y,Y,,Y,,Y
2018,Telstra,-37.84281,144.85846,Y,,Y,,Y,,
2018,Telstra,-37.8426,145.022,Y,,Y,,Y,,
2018,Telstra,-37.84234,145.01536,Y,,Y,,Y,,Y
2018,Telstra,-37.842333,144.786408,Y,,Y,,Y,,
2018,Telstra,-37.84202,144.93891,Y,Y,,,Y,,
2018,Telstra,-37.84125,145.02847,Y,,,,,,
2018,Telstra,-37.84111,144.975277,,,,,,,Y
2018,Telstra,-37.84098,144.91291,Y,,Y,,Y,,
2018,Telstra,-37.8408,144.872,,,,,Y,,
2018,Telstra,-37.84075,144.9612,,,,,,,Y
2018,Telstra,-37.84074,145.203096,Y,,Y,,,,
2018,Telstra,-37.84065,145.26415,Y,,Y,,Y,,
2018,Telstra,-37.84051,144.93246,Y,,,,,,
2018,Telstra,-37.84041,146.26341,Y,,Y,,,,
2018,Telstra,-37.840404,144.820549,Y,,Y,,Y,,
2018,Telstra,-37.8404,145.04477,Y,,Y,,Y,,
2018,Telstra,-37.8404,144.957,Y,Y,,,Y,,
2018,Telstra,-37.8403,145.008,Y,Y,Y,,Y,,Y
2018,Telstra,-37.839638,145.08881,Y,,Y,,,,
2018,Telstra,-37.839324,144.99133,Y,Y,Y,,Y,,Y
2018,Telstra,-37.83904,145.08735,Y,,,,,,
2018,Telstra,-37.83904,144.99621,Y,Y,Y,,Y,,Y
2018,Telstra,-37.83892059,144.6693268,Y,Y,Y,,Y,,
2018,Telstra,-37.83889,140.77222,Y,Y,Y,,Y,,
2018,Telstra,-37.83849,145.27076,,,,,,,Y
2018,Telstra,-37.83777778,144.9936111,Y,,,,,,
2018,Telstra,-37.83776,144.83961,Y,,Y,,Y,,
2018,Telstra,-37.83774,145.03705,Y,,Y,,Y,,
2018,Telstra,-37.837647,144.986369,Y,,Y,,Y,,Y
2018,Telstra,-37.8376,145.295,Y,Y,Y,,Y,,
2018,Telstra,-37.837566,145.34712,Y,,Y,,Y,,
2018,Telstra,-37.837529,145.111567,Y,,Y,,,,
2018,Telstra,-37.83744,144.96611,Y,,,,,,
2018,Telstra,-37.83724,144.96658,Y,,Y,,Y,,Y
2018,Telstra,-37.83718,144.89364,Y,,Y,,Y,,Y
2018,Telstra,-37.837167,144.996593,Y,,,,,,
2018,Telstra,-37.836972,144.997766,,,,,,,Y
2018,Telstra,-37.83676,140.79994,Y,,,,Y,,Y
2018,Telstra,-37.83657,145.18471,Y,,Y,,,,
2018,Telstra,-37.836445,145.195343,Y,,,,Y,,
2018,Telstra,-37.83643,144.99676,Y,,,,,,
2018,Telstra,-37.83624,144.80995,,,,,,,Y
2018,Telstra,-37.83622,145.09784,Y,,Y,,Y,,
2018,Telstra,-37.83615,144.97385,Y,,,,,,
2018,Telstra,-37.83611,147.59972,Y,,,,,,
2018,Telstra,-37.8358,145.014,Y,,Y,,Y,,
2018,Telstra,-37.83558,144.82775,Y,,,,,,
2018,Telstra,-37.8354,145.16506,Y,,Y,,Y,,
2018,Telstra,-37.83526,144.97348,,,,,,,Y
2018,Telstra,-37.83517,144.972817,Y,,,,,,
2018,Telstra,-37.83502,145.06177,Y,,,,Y,,
2018,Telstra,-37.834774,145.282367,Y,,Y,,Y,,
2018,Telstra,-37.8347,144.981,Y,Y,Y,,Y,,Y
2018,Telstra,-37.8343,144.972033,Y,,,,,,
2018,Telstra,-37.834282,144.719963,Y,,Y,,Y,,Y
2018,Telstra,-37.8342,144.924,Y,,Y,,Y,,Y
2018,Telstra,-37.834151,145.134393,,,Y,,,,
2018,Telstra,-37.834151,145.134393,Y,Y,Y,Y,Y,Y,Y
2018,Telstra,-37.83384,144.94828,Y,,,,Y,,
2018,Telstra,-37.83372,145.18722,Y,,,,,,
2018,Telstra,-37.83352417,144.9648972,Y,,Y,,Y,,Y
2018,Telstra,-37.83344,144.9909,,,,,,,Y
2018,Telstra,-37.8334,145.077,Y,,Y,,Y,,
2018,Telstra,-37.833105,144.960734,,,,,,,Y
2018,Telstra,-37.833052,144.970095,Y,,Y,,Y,,Y
2018,Telstra,-37.83277556,144.9553753,Y,Y,Y,,Y,,
2018,Telstra,-37.8327,144.988,Y,,Y,,Y,,Y
2018,Telstra,-37.8326,144.99547,Y,,Y,,Y,,Y
2018,Telstra,-37.83243,144.74835,Y,Y,Y,,Y,,
2018,Telstra,-37.832365,145.193508,Y,,Y,,Y,,
2018,Telstra,-37.83224,145.14781,Y,,,,Y,,
2018,Telstra,-37.832089,145.220349,Y,,Y,,Y,,
2018,Telstra,-37.832061,144.935122,Y,Y,Y,,Y,,Y
2018,Telstra,-37.8315,144.945,Y,,Y,,Y,,Y
2018,Telstra,-37.831487,144.971034,Y,,,,Y,,
2018,Telstra,-37.83131,144.8309,Y,,,,,,
2018,Telstra,-37.8312,144.966,Y,Y,Y,,Y,,
2018,Telstra,-37.8309,144.687219,Y,,Y,,Y,,
2018,Telstra,-37.8308,145.03429,Y,,,,,,
2018,Telstra,-37.83059,144.95997,Y,,Y,,Y,,Y
2018,Telstra,-37.830484,145.054277,Y,Y,Y,,Y,,
2018,Telstra,-37.83006,145.04393,Y,,Y,,Y,,
2018,Telstra,-37.829724,145.43734,Y,,Y,,,,
2018,Telstra,-37.829672,144.912077,Y,Y,Y,,Y,,Y
2018,Telstra,-37.829364,140.778422,Y,,,,Y,,
2018,Telstra,-37.82923,145.02004,Y,,Y,,Y,,
2018,Telstra,-37.829151,144.970832,Y,,Y,,Y,,Y
2018,Telstra,-37.829018,144.858514,Y,,Y,,Y,,
2018,Telstra,-37.82882,145.12082,Y,,Y,,Y,,
2018,Telstra,-37.828555,144.99703,Y,Y,Y,,Y,,Y
2018,Telstra,-37.82838,144.888,Y,Y,Y,,Y,,Y
2018,Telstra,-37.8283,145.247,Y,,Y,,,,
2018,Telstra,-37.828154,145.354429,Y,,Y,,Y,,
2018,Telstra,-37.827963,146.175072,Y,,,,,,
2018,Telstra,-37.827933,144.950569,Y,Y,Y,,Y,,Y
2018,Telstra,-37.827565,144.847763,Y,,Y,,Y,,
2018,Telstra,-37.82749,143.19305,Y,,,,,,
2018,Telstra,-37.82742,145.0115,Y,,Y,,Y,,
2018,Telstra,-37.827412,145.106459,Y,,Y,,Y,,
2018,Telstra,-37.82728,144.96108,Y,Y,Y,,Y,,Y
2018,Telstra,-37.82715,144.97704,Y,,,,,,
2018,Telstra,-37.82701,145.05698,Y,,Y,,Y,,
2018,Telstra,-37.827,145.004,Y,,Y,,Y,,Y
2018,Telstra,-37.8267,144.813,Y,,Y,,Y,,Y
2018,Telstra,-37.8262,144.9528,Y,Y,Y,,Y,,Y
2018,Telstra,-37.8261,147.6214,Y,,Y,,Y,,Y
2018,Telstra,-37.82605751,144.8006138,Y,,,,,,
2018,Telstra,-37.82605588,144.967737,Y,,,,,,
2018,Telstra,-37.825844,144.957873,Y,,,,Y,,
2018,Telstra,-37.825809,144.962089,Y,,,,,,
2018,Telstra,-37.82555556,144.9708333,Y,,,,,,
2018,Telstra,-37.8254,145.269,Y,,Y,,Y,,
2018,Telstra,-37.82539,144.9816,Y,Y,Y,,Y,,Y
2018,Telstra,-37.825132,144.983782,Y,Y,,,Y,,
2018,Telstra,-37.82483,144.95133,Y,Y,,,Y,,
2018,Telstra,-37.82462,144.94908,Y,,,,Y,,
2018,Telstra,-37.82449,145.05773,Y,,Y,,Y,,
2018,Telstra,-37.82445,140.79012,Y,,,,Y,,Y
2018,Telstra,-37.82429,145.16781,Y,,Y,,Y,,
2018,Telstra,-37.82398777,145.0860997,Y,,Y,,Y,,
2018,Telstra,-37.8239,144.93273,Y,Y,Y,,Y,,Y
2018,Telstra,-37.82384,145.28886,Y,,Y,,Y,,
2018,Telstra,-37.82382,144.99119,Y,,Y,,Y,,Y
2018,Telstra,-37.82371,144.96066,Y,,,,Y,,Y
2018,Telstra,-37.8234906,145.3741619,Y,,,,,,
2018,Telstra,-37.8233,144.963,Y,,Y,,Y,,
2018,Telstra,-37.82319,145.0714,Y,,Y,,Y,,
2018,Telstra,-37.8231,144.967,Y,Y,Y,,Y,,Y
2018,Telstra,-37.823056,144.978333,,,,,Y,,
2018,Telstra,-37.82287,144.96209,Y,,,,Y,,
2018,Telstra,-37.822807,144.974747,Y,Y,Y,,Y,,Y
2018,Telstra,-37.82265,144.95371,Y,,,,Y,,
2018,Telstra,-37.822527,145.183351,Y,,Y,,Y,,
2018,Telstra,-37.82247421,144.9552469,Y,Y,Y,,Y,,Y
2018,Telstra,-37.8224,144.8536,Y,,Y,,Y,,Y
2018,Telstra,-37.82236,145.03649,Y,Y,Y,,Y,,
2018,Telstra,-37.82235,144.96013,Y,Y,,,Y,,
2018,Telstra,-37.822324,144.924274,Y,Y,Y,,Y,,Y
2018,Telstra,-37.8223,144.83,Y,,Y,,,,
2018,Telstra,-37.82225,144.951837,Y,,Y,,Y,,
2018,Telstra,-37.82214,144.92205,Y,,,,,,
2018,Telstra,-37.82209,144.96304,Y,,,,Y,,
2018,Telstra,-37.82209,145.03939,Y,Y,Y,,Y,,Y
2018,Telstra,-37.82192,144.96127,Y,,,,,,
2018,Telstra,-37.821741,145.237758,Y,,Y,,Y,,
2018,Telstra,-37.82173,144.96188,Y,,,,Y,,
2018,Telstra,-37.82172,145.40272,Y,,,,,,
2018,Telstra,-37.821625,144.978132,Y,Y,Y,,Y,,Y
2018,Telstra,-37.82153,144.96481,Y,,,,,,
2018,Telstra,-37.82153,144.96481,Y,,,,,,
2018,Telstra,-37.82151931,144.9682943,Y,,,,,,
2018,Telstra,-37.821505,140.755844,Y,,,,Y,,Y
2018,Telstra,-37.8215,144.791,Y,Y,,,Y,,
2018,Telstra,-37.821317,144.963405,Y,,,,Y,,
2018,Telstra,-37.8213,145.024,Y,,,,Y,,
2018,Telstra,-37.821165,144.94947,Y,,,,Y,,
2018,Telstra,-37.82112,144.96698,Y,,,,,,
2018,Telstra,-37.820986,144.070112,Y,,Y,,,,
2018,Telstra,-37.820967,144.954769,Y,,,,,,
2018,Telstra,-37.820916,144.958475,Y,,,,,,
2018,Telstra,-37.820829,144.983725,Y,Y,Y,Y,Y,Y,Y
2018,Telstra,-37.820829,144.983725,Y,Y,Y,Y,Y,Y,Y
2018,Telstra,-37.820829,144.983725,Y,Y,Y,Y,Y,Y,Y
2018,Telstra,-37.82077,144.94939,Y,,,,Y,,
2018,Telstra,-37.82074,144.94518,Y,,,,Y,,
2018,Telstra,-37.82073,144.94928,Y,,,,Y,,Y
2018,Telstra,-37.82065,144.9443,Y,,,,Y,,
2018,Telstra,-37.82065,145.15858,Y,,Y,,Y,,
2018,Telstra,-37.8206,144.95007,Y,,,,,,
2018,Telstra,-37.820532,144.96704,Y,,,,,,
2018,Telstra,-37.820378,145.138611,Y,,Y,,Y,,
2018,Telstra,-37.82032,144.88183,Y,,Y,,Y,,Y
2018,Telstra,-37.82028,144.978471,Y,,,,Y,,
2018,Telstra,-37.82021,142.06631,Y,,,,,,
2018,Telstra,-37.820083,144.985086,Y,,Y,,Y,,Y
2018,Telstra,-37.82005,145.119747,Y,,Y,,Y,,
2018,Telstra,-37.82001,144.949223,Y,Y,Y,,Y,,Y
2018,Telstra,-37.81998,144.83546,Y,Y,Y,,Y,,Y
2018,Telstra,-37.819926,144.957514,Y,,,,,,Y
2018,Telstra,-37.81977649,145.1231837,Y,,,,Y,,
2018,Telstra,-37.81977,144.95209,Y,,,,Y,,
2018,Telstra,-37.819694,145.302591,Y,,Y,,Y,,
2018,Telstra,-37.81966,144.95106,Y,,,,Y,,
2018,Telstra,-37.819543,144.959842,Y,,,,,,Y
2018,Telstra,-37.81954,144.95895,Y,,,,,,
2018,Telstra,-37.81952,144.95562,Y,Y,Y,,Y,,Y
2018,Telstra,-37.819444,144.995556,Y,,,,,,
2018,Telstra,-37.81933,147.83058,Y,,Y,,Y,,
2018,Telstra,-37.8193,144.9549,Y,,,,,,
2018,Telstra,-37.819289,144.983075,Y,Y,Y,Y,Y,,Y
2018,Telstra,-37.81924,145.12551,Y,,,,,,
2018,Telstra,-37.81923,144.94605,Y,,,,Y,,
2018,Telstra,-37.81916667,144.9438889,Y,,,,Y,Y,
2018,Telstra,-37.81914,144.954404,Y,,Y,,Y,,
2018,Telstra,-37.81907,144.94647,Y,,,,Y,,
2018,Telstra,-37.819054,144.838529,Y,,,,,,
2018,Telstra,-37.818988,144.958494,Y,,,,,,Y
2018,Telstra,-37.81893,147.652902,Y,,,,,,
2018,Telstra,-37.818915,144.954315,Y,,,,,,Y
2018,Telstra,-37.818912,144.955712,Y,,,,Y,,
2018,Telstra,-37.8189,144.9577,Y,,,,Y,,
2018,Telstra,-37.81884,145.12469,Y,Y,Y,,Y,,
2018,Telstra,-37.8188,145.215,Y,,Y,,Y,,
2018,Telstra,-37.818782,144.962214,Y,,,,,,Y
2018,Telstra,-37.818773,144.950298,Y,,,,Y,,
2018,Telstra,-37.8186,144.96352,Y,Y,Y,,Y,,Y
2018,Telstra,-37.81859,145.001683,,,Y,,Y,,Y
2018,Telstra,-37.818404,145.166337,Y,,Y,,Y,,
2018,Telstra,-37.818201,144.956789,Y,,,,,,Y
2018,Telstra,-37.818171,144.950894,Y,,,,Y,,
2018,Telstra,-37.8181,144.9589,Y,,,,,,
2018,Telstra,-37.818075,144.965108,Y,,,,,,Y
2018,Telstra,-37.818,144.96877,Y,,,,Y,,
2018,Telstra,-37.818,145.177,Y,,Y,,,,
2018,Telstra,-37.817878,145.201859,Y,,Y,,Y,,
2018,Telstra,-37.8178,144.94854,Y,,,,Y,,
2018,Telstra,-37.817786,145.009788,Y,Y,Y,,Y,,Y
2018,Telstra,-37.817562,144.958908,Y,,,,,,Y
2018,Telstra,-37.8175,144.96617,Y,,,,,,
2018,Telstra,-37.817473,144.956888,Y,,,,,,
2018,Telstra,-37.81744,144.96253,Y,,,,,,
2018,Telstra,-37.817435,144.967193,Y,,,,,,Y
2018,Telstra,-37.81743,144.95278,Y,,,,,,
2018,Telstra,-37.81739,144.96124,Y,,,,,,
2018,Telstra,-37.817327,144.948997,Y,Y,,,Y,,
2018,Telstra,-37.8173,144.9931,Y,Y,Y,,Y,,Y
2018,Telstra,-37.817186,144.932568,Y,,Y,,Y,,Y
2018,Telstra,-37.817168,144.981416,Y,,Y,Y,Y,,Y
2018,Telstra,-37.8171,144.994,Y,,,,Y,,
2018,Telstra,-37.817051,144.957491,Y,,,,,,Y
2018,Telstra,-37.817045,144.959774,Y,,,,Y,,
2018,Telstra,-37.81701,144.96368,Y,,,,,,
2018,Telstra,-37.81701,144.95866,Y,Y,Y,,Y,,Y
2018,Telstra,-37.816983,144.953062,Y,,,,,,Y
2018,Telstra,-37.816902,144.965549,Y,,,,,,Y
2018,Telstra,-37.816884,144.961369,Y,,,,,,Y
2018,Telstra,-37.816859,144.962574,Y,,,,Y,,
2018,Telstra,-37.816573,144.97,Y,,,,,,Y
2018,Telstra,-37.816484,144.94927,Y,Y,,,Y,,Y
2018,Telstra,-37.816466,144.955973,Y,,,,,,Y
2018,Telstra,-37.81645,144.96256,Y,,,,,,
2018,Telstra,-37.81645,145.1172,Y,,,,,,
2018,Telstra,-37.81642,144.96395,Y,,,,Y,,
2018,Telstra,-37.816339,144.964269,Y,,,,,,Y
2018,Telstra,-37.8163,144.965,Y,Y,Y,,Y,,Y
2018,Telstra,-37.8163,145.06049,Y,,Y,,Y,,
2018,Telstra,-37.816278,145.1909,Y,,Y,,Y,,
2018,Telstra,-37.816243,144.960296,Y,,,,,,Y
2018,Telstra,-37.81616,144.96166,Y,,,,,,
2018,Telstra,-37.81612,144.95916,Y,,,,,,
2018,Telstra,-37.816032,144.968379,Y,,,,,,Y
2018,Telstra,-37.816,144.96107,Y,,Y,,Y,,
2018,Telstra,-37.816,144.9593,Y,,,,Y,,
2018,Telstra,-37.816,144.98359,Y,,,,,,
2018,Telstra,-37.81597,144.956,Y,Y,Y,,Y,,Y
2018,Telstra,-37.815868,144.972473,Y,,,,,,Y
2018,Telstra,-37.815767,144.954163,Y,,,,,,Y
2018,Telstra,-37.81575,144.959,Y,,,,,,
2018,Telstra,-37.81575,144.95849,Y,,,,,,
2018,Telstra,-37.81572,144.96769,Y,,,,,,
2018,Telstra,-37.8156,144.9732,Y,Y,,,Y,,
2018,Telstra,-37.815597,144.956815,Y,,,,Y,,
2018,Telstra,-37.815562,144.966744,Y,,,,,,Y
2018,Telstra,-37.81553,144.95634,Y,,,,,,
2018,Telstra,-37.815514,144.958283,Y,,,,,,Y
2018,Telstra,-37.81549,144.95407,Y,,,,,,
2018,Telstra,-37.81547,144.95781,Y,,,,,,
2018,Telstra,-37.81547,145.11492,Y,,,,,,
2018,Telstra,-37.81547,145.11492,Y,,Y,,Y,,
2018,Telstra,-37.81546,144.94629,Y,Y,Y,,Y,,Y
2018,Telstra,-37.81545,144.97281,Y,,,,Y,,
2018,Telstra,-37.815436,144.970406,Y,,,,,,Y
2018,Telstra,-37.8154,145.1,Y,,Y,,Y,,
2018,Telstra,-37.81533,144.96822,Y,,,,Y,,
2018,Telstra,-37.81531,144.96998,Y,,,,Y,,
2018,Telstra,-37.8153,144.96918,Y,,,,,,
2018,Telstra,-37.8152,144.9744,Y,,,,,,
2018,Telstra,-37.81513,144.95919,Y,,,,Y,,
2018,Telstra,-37.814956,144.956719,Y,,,,,,Y
2018,Telstra,-37.814936,144.952448,Y,,,,,,Y
2018,Telstra,-37.814903,144.960458,Y,,,,,,Y
2018,Telstra,-37.8149,145.227,Y,,Y,,Y,,Y
2018,Telstra,-37.8148635,144.9675359,Y,Y,Y,,Y,,Y
2018,Telstra,-37.81483,145.03693,,,Y,,,,
2018,Telstra,-37.81477806,144.9651981,Y,,,,,,
2018,Telstra,-37.81474,144.96318,Y,,,,,,
2018,Telstra,-37.814735,144.974173,Y,,,,,,
2018,Telstra,-37.814677,144.968756,Y,,,,,,Y
2018,Telstra,-37.81457,144.954753,Y,,,,,,Y
2018,Telstra,-37.81454,144.97091,Y,,,,Y,,
2018,Telstra,-37.8144,144.96943,Y,,Y,,,,
2018,Telstra,-37.814333,144.963404,Y,,,,,,Y
2018,Telstra,-37.8143,144.9623,Y,Y,Y,,Y,,Y
2018,Telstra,-37.81428,144.9713,Y,Y,Y,,Y,,Y
2018,Telstra,-37.81422,144.972006,Y,,,,Y,,
2018,Telstra,-37.8142,144.945,Y,Y,Y,,Y,,Y
2018,Telstra,-37.81419,144.97392,Y,,,,Y,,
2018,Telstra,-37.81408,144.971749,Y,,,,,,Y
2018,Telstra,-37.81402,144.95118,Y,,,,Y,,
2018,Telstra,-37.81401,144.97285,Y,,,,Y,,
2018,Telstra,-37.813953,144.972954,Y,,,,Y,,
2018,Telstra,-37.813953,144.972954,,,,,,,Y
2018,Telstra,-37.81395,143.75661,Y,,Y,,,,
2018,Telstra,-37.813843,144.957511,Y,,,,,,Y
2018,Telstra,-37.813826,144.959488,,Y,,,,,
2018,Telstra,-37.813826,144.959488,,,,,Y,,
2018,Telstra,-37.8138,144.9602,Y,,,,,,
2018,Telstra,-37.8138,144.959,Y,,,,,,Y
2018,Telstra,-37.8138,144.959,Y,,,,Y,,Y
2018,Telstra,-37.8138,144.959,Y,,Y,,Y,,Y
2018,Telstra,-37.8138,144.959,Y,,,,,,Y
2018,Telstra,-37.8138,144.959,Y,,,,,,Y
2018,Telstra,-37.8138,144.959,Y,,Y,,Y,,Y
2018,Telstra,-37.8138,144.959,Y,,,,,,Y
2018,Telstra,-37.8138,144.959,Y,,,,,,Y
2018,Telstra,-37.8138,144.959,Y,,,,,,Y
2018,Telstra,-37.8138,144.959,Y,,,,,,Y
2018,Telstra,-37.8138,144.959,Y,,,,,,
2018,Telstra,-37.8138,144.959,Y,,,,,,
2018,Telstra,-37.8138,144.959,Y,,,,,,
2018,Telstra,-37.8138,144.959,Y,,,,,,
2018,Telstra,-37.8138,144.959,Y,,,,,,
2018,Telstra,-37.8138,144.959,Y,,,,,,
2018,Telstra,-37.8138,144.959,Y,,,,,,
2018,Telstra,-37.81379,145.117102,Y,,,,Y,,
2018,Telstra,-37.813724,144.88889,Y,,Y,,Y,,
2018,Telstra,-37.813718,144.961195,Y,,,,,,Y
2018,Telstra,-37.81368,144.95933,Y,,,,,,
2018,Telstra,-37.81368,144.95933,Y,,,,,,
2018,Telstra,-37.81368,144.95933,Y,,,,,,
2018,Telstra,-37.81368,144.95933,Y,,,,,,
2018,Telstra,-37.81368,144.95933,Y,,,,,,
2018,Telstra,-37.81368,144.95933,Y,,,,,,
2018,Telstra,-37.81368,144.95933,Y,,,,,,
2018,Telstra,-37.81368,144.95933,Y,,,,,,
2018,Telstra,-37.81368,144.95933,Y,,,,,,
2018,Telstra,-37.81368,144.95933,Y,,,,,,
2018,Telstra,-37.813642,144.96465,Y,,,,,,
2018,Telstra,-37.81356,145.02326,Y,,,,Y,,
2018,Telstra,-37.813553,144.973615,Y,,,,,,Y
2018,Telstra,-37.813548,144.952152,Y,,Y,,Y,,Y
2018,Telstra,-37.81348,144.97066,Y,,,,Y,,
2018,Telstra,-37.813466,144.966532,Y,Y,,,,,
2018,Telstra,-37.813437,144.957488,Y,,,,,,
2018,Telstra,-37.81342,144.96446,Y,,,,Y,,
2018,Telstra,-37.813381,144.965714,Y,,,,,,Y
2018,Telstra,-37.81336,144.957404,Y,,Y,,Y,,Y
2018,Telstra,-37.81332,144.95959,Y,,Y,,Y,,Y
2018,Telstra,-37.81315,144.97492,Y,,,,Y,,
2018,Telstra,-37.813108,144.955679,Y,,,,,,Y
2018,Telstra,-37.81310654,144.9659662,Y,Y,Y,,Y,,Y
2018,Telstra,-37.8131,145.081,Y,,Y,,Y,,
2018,Telstra,-37.813075,144.96002,Y,,,,,,Y
2018,Telstra,-37.81306,145.13859,Y,,Y,,Y,,Y
2018,Telstra,-37.813046,144.95158,Y,,,,,,Y
2018,Telstra,-37.81302,144.965,Y,,,,,,
2018,Telstra,-37.81300351,145.343601,Y,,Y,,Y,,
2018,Telstra,-37.81283,147.64858,Y,,Y,,Y,,
2018,Telstra,-37.812805,144.964185,Y,,,,,,Y
2018,Telstra,-37.812793,140.77449,Y,,,,Y,,Y
2018,Telstra,-37.81278,144.96972,Y,Y,,,Y,,
2018,Telstra,-37.8127491,144.9703428,Y,,,,Y,,
2018,Telstra,-37.81274,145.22904,Y,,,,Y,,
2018,Telstra,-37.812685,144.968198,Y,,,,,,Y
2018,Telstra,-37.812653,144.953829,Y,,,,,,Y
2018,Telstra,-37.81259,145.01068,Y,,,,Y,,
2018,Telstra,-37.8125,144.971,Y,Y,Y,,Y,,Y
2018,Telstra,-37.812412,144.922567,Y,,Y,,Y,,Y
2018,Telstra,-37.81238,144.95665,Y,,,,,,
2018,Telstra,-37.81236,144.95529,Y,,,,,,
2018,Telstra,-37.812266,144.98395,Y,,,,,,
2018,Telstra,-37.81226,144.97048,Y,,,,,,
2018,Telstra,-37.812247,144.962121,Y,,,,,,Y
2018,Telstra,-37.8122,144.9662,Y,,,,,,
2018,Telstra,-37.81205,145.20315,Y,,Y,,Y,,
2018,Telstra,-37.81197,144.98469,Y,,Y,,Y,,Y
2018,Telstra,-37.81194,144.96972,Y,,,,Y,,
2018,Telstra,-37.81192,144.96383,Y,,,,Y,,
2018,Telstra,-37.811862,144.97064,Y,,,,,,Y
2018,Telstra,-37.81171,144.96714,Y,,,,Y,,
2018,Telstra,-37.811704,144.964601,Y,,,,,,Y
2018,Telstra,-37.8117,145.012,Y,,Y,,Y,,Y
2018,Telstra,-37.811651,144.96517,Y,,Y,,Y,,
2018,Telstra,-37.811628,144.956561,Y,,,,,,Y
2018,Telstra,-37.8116,144.8628,Y,,Y,,Y,,
2018,Telstra,-37.811533,144.973,Y,,,,,,Y
2018,Telstra,-37.8115,144.9686,Y,,,,,,
2018,Telstra,-37.81146,144.97594,Y,,,,Y,,
2018,Telstra,-37.8114,144.977,Y,,Y,,Y,,Y
2018,Telstra,-37.81128,144.96499,Y,,,,Y,,
2018,Telstra,-37.81126,144.97322,,,,,Y,,
2018,Telstra,-37.81122,144.9705,Y,,,,Y,,
2018,Telstra,-37.811032,144.933341,Y,,Y,,Y,,Y
2018,Telstra,-37.81092,144.94058,Y,Y,Y,,Y,,Y
2018,Telstra,-37.810917,144.958705,Y,,,,,,Y
2018,Telstra,-37.81084,144.96692,Y,,,,Y,,
2018,Telstra,-37.81066,145.28868,Y,,Y,,,,
2018,Telstra,-37.81065,144.9701,Y,,,,,,
2018,Telstra,-37.810633,144.967277,Y,,,,,,Y
2018,Telstra,-37.81061,145.06398,Y,,Y,,Y,,
2018,Telstra,-37.8106,145.15378,Y,,Y,,Y,,
2018,Telstra,-37.810551,144.900483,Y,,Y,,Y,,
2018,Telstra,-37.8105,145.27,Y,,Y,,Y,,
2018,Telstra,-37.810475,144.961307,Y,,,,,,Y
2018,Telstra,-37.8104,144.96216,Y,,,,Y,,Y
2018,Telstra,-37.81034,145.30919,Y,Y,Y,,Y,,Y
2018,Telstra,-37.810248,144.969537,Y,,,,,,Y
2018,Telstra,-37.81021,144.95659,Y,Y,Y,,Y,,Y
2018,Telstra,-37.8102,144.96103,Y,,,,,,Y
2018,Telstra,-37.81018,144.99596,,,,,,,Y
2018,Telstra,-37.810178,144.967596,Y,,,,,,
2018,Telstra,-37.81016,144.95876,Y,,,,,,
2018,Telstra,-37.810038,144.962973,Y,,,,Y,,
2018,Telstra,-37.80999,144.97077,Y,Y,Y,,Y,,Y
2018,Telstra,-37.80981,144.96371,Y,,,,Y,,
2018,Telstra,-37.809762,144.963848,Y,,,,,,
2018,Telstra,-37.809698,144.810403,Y,,Y,,Y,,
2018,Telstra,-37.80962,144.97126,Y,,,,Y,,
2018,Telstra,-37.80951,144.98269,,,,,Y,,
2018,Telstra,-37.809414,144.970177,Y,,,,Y,,
2018,Telstra,-37.809414,144.970177,,,,Y,,,Y
2018,Telstra,-37.809412,144.970173,Y,,Y,Y,Y,Y,Y
2018,Telstra,-37.80937,144.9597,Y,,,,Y,,
2018,Telstra,-37.809297,144.971891,Y,,,,,,Y
2018,Telstra,-37.80911,144.82882,Y,,,,,,
2018,Telstra,-37.80909361,145.0526442,Y,,Y,,Y,,
2018,Telstra,-37.80907,144.97355,Y,,,,,,
2018,Telstra,-37.809,144.9711,Y,,,,,,
2018,Telstra,-37.80898,144.97624,Y,Y,Y,,Y,,Y
2018,Telstra,-37.80898,144.9739,Y,,,,,,
2018,Telstra,-37.80868,144.966411,Y,,,,,,Y
2018,Telstra,-37.808605,144.969355,,,Y,,Y,,Y
2018,Telstra,-37.808605,144.969355,,,Y,,Y,,Y
2018,Telstra,-37.808605,144.969355,,,Y,,Y,,
2018,Telstra,-37.808605,144.969355,,,Y,,Y,,Y
2018,Telstra,-37.8083,145.00226,Y,,Y,,Y,,Y
2018,Telstra,-37.80829,144.96282,Y,,,,Y,,
2018,Telstra,-37.80827,144.96903,Y,,,,,,
2018,Telstra,-37.808237,144.968956,Y,,,,,,Y
2018,Telstra,-37.808176,145.039551,Y,,Y,,Y,,Y
2018,Telstra,-37.80784,144.9632,Y,,,,,,
2018,Telstra,-37.807456,144.959731,Y,Y,Y,,Y,,Y
2018,Telstra,-37.807367,144.973506,Y,Y,Y,,Y,,
2018,Telstra,-37.807356,144.970604,,,,,,,Y
2018,Telstra,-37.80731,144.94961,Y,,,,,,
2018,Telstra,-37.80701,144.99276,Y,Y,,,Y,,
2018,Telstra,-37.806965,145.255102,Y,Y,Y,,Y,,
2018,Telstra,-37.80684,145.02017,,,,,,,Y
2018,Telstra,-37.806832,144.961715,Y,,,,Y,,
2018,Telstra,-37.8068,145.029,Y,,Y,,Y,,Y
2018,Telstra,-37.80679,144.97248,Y,,,,,,
2018,Telstra,-37.80658,144.97555,Y,,,,,,
2018,Telstra,-37.80643752,144.8552767,Y,,Y,,Y,,
2018,Telstra,-37.80632,144.96662,Y,Y,Y,,Y,,Y
2018,Telstra,-37.80598,144.83105,Y,,Y,,Y,,
2018,Telstra,-37.80568,144.958678,Y,,,,Y,,
2018,Telstra,-37.80562414,144.9841791,Y,,Y,,Y,,Y
2018,Telstra,-37.80536,144.90617,Y,,,,,,
2018,Telstra,-37.8047,145.0156,Y,,,,Y,,
2018,Telstra,-37.804634,145.177399,Y,,Y,,Y,,
2018,Telstra,-37.8044,145.102,Y,,Y,,Y,,
2018,Telstra,-37.804309,145.221919,Y,Y,Y,,Y,,
2018,Telstra,-37.80412,144.917687,Y,Y,Y,,Y,,
2018,Telstra,-37.803959,144.952637,Y,Y,Y,,Y,,Y
2018,Telstra,-37.803893,144.952776,Y,Y,Y,Y,Y,,Y
2018,Telstra,-37.803893,144.952776,Y,Y,Y,Y,Y,,Y
2018,Telstra,-37.803893,144.952776,Y,Y,Y,Y,Y,,Y
2018,Telstra,-37.803893,144.952776,Y,Y,Y,Y,Y,,Y
2018,Telstra,-37.80387,144.94174,Y,Y,Y,,Y,,Y
2018,Telstra,-37.80356,145.08377,Y,,Y,,Y,,
2018,Telstra,-37.80328,144.9597,Y,,,,Y,,
2018,Telstra,-37.8031,144.9601,Y,,Y,,Y,,Y
2018,Telstra,-37.80284,144.89943,Y,,Y,,Y,,Y
2018,Telstra,-37.802426,147.328583,Y,,Y,,,,
2018,Telstra,-37.80183,141.529277,Y,,Y,,,,
2018,Telstra,-37.801789,145.247462,Y,,Y,,Y,,
2018,Telstra,-37.80155,144.96349,Y,,Y,,Y,,Y
2018,Telstra,-37.8015,144.876,Y,,Y,,Y,,Y
2018,Telstra,-37.80139,144.88722,Y,Y,Y,,Y,,
2018,Telstra,-37.80135,144.97815,Y,,Y,,Y,,
2018,Telstra,-37.80118017,145.1956679,Y,,,,,,
2018,Telstra,-37.801038,144.754868,Y,,Y,,Y,,
2018,Telstra,-37.801,145.003,Y,,,,Y,,
2018,Telstra,-37.80099,145.15987,,,,,,,Y
2018,Telstra,-37.80063,144.98568,Y,Y,Y,,Y,,Y
2018,Telstra,-37.8006,144.928,Y,,Y,,Y,,Y
2018,Telstra,-37.800413,144.956825,Y,,,,Y,,
2018,Telstra,-37.80012,144.77753,Y,Y,Y,,Y,,
2018,Telstra,-37.8001,145.267,Y,,Y,,,,
2018,Telstra,-37.79978,145.1924,Y,,Y,,Y,,
2018,Telstra,-37.7997,145.1442,Y,,Y,,Y,,
2018,Telstra,-37.79969,144.89653,Y,,,,,,
2018,Telstra,-37.79944,144.89725,,,,,,,Y
2018,Telstra,-37.7994,144.9644,Y,Y,Y,,Y,,Y
2018,Telstra,-37.79927,145.05187,Y,,Y,,Y,,
2018,Telstra,-37.79916667,144.9552778,Y,,,,,,
2018,Telstra,-37.799,144.89187,,,,,,,Y
2018,Telstra,-37.79896,144.90099,Y,,Y,,Y,,Y
2018,Telstra,-37.7984,144.956,Y,Y,Y,,Y,,Y
2018,Telstra,-37.79808,144.93749,Y,Y,Y,,Y,,Y
2018,Telstra,-37.79806,144.96812,Y,,Y,,Y,,Y
2018,Telstra,-37.797923,144.843941,Y,,Y,,Y,,
2018,Telstra,-37.7979,144.976,Y,,Y,,Y,,Y
2018,Telstra,-37.79743,144.5689,Y,,Y,,,,
2018,Telstra,-37.79685,144.88414,Y,Y,Y,,Y,,Y
2018,Telstra,-37.7966,145.18,Y,,,,Y,,
2018,Telstra,-37.79656351,145.1246947,Y,,Y,,Y,,Y
2018,Telstra,-37.7964,144.998,Y,,Y,,Y,,Y
2018,Telstra,-37.79617,144.99379,,,,,,,Y
2018,Telstra,-37.796,145.089,Y,,,,Y,,
2018,Telstra,-37.79582,145.03569,Y,,Y,,Y,,
2018,Telstra,-37.79494926,145.2817346,Y,Y,Y,,Y,,
2018,Telstra,-37.794885,148.533564,Y,,Y,,,,
2018,Telstra,-37.79477,145.08229,Y,,Y,,Y,,
2018,Telstra,-37.79449,145.36092,Y,,Y,,Y,,
2018,Telstra,-37.79433,145.23601,Y,,Y,,Y,,
2018,Telstra,-37.794139,145.211178,Y,,Y,,Y,,
2018,Telstra,-37.7941,144.79951,Y,,Y,,Y,,
2018,Telstra,-37.794097,144.982987,Y,,Y,,Y,,Y
2018,Telstra,-37.79354,144.96526,,,,,,,Y
2018,Telstra,-37.793306,144.948219,Y,,,,Y,,
2018,Telstra,-37.79323,144.899174,Y,Y,Y,,Y,,Y
2018,Telstra,-37.79313,144.88712,Y,,,,,,
2018,Telstra,-37.79305,145.07188,Y,,Y,,Y,,
2018,Telstra,-37.7929,144.96873,Y,Y,Y,,Y,,Y
2018,Telstra,-37.792,144.8619,Y,,Y,,Y,,
2018,Telstra,-37.792,144.96117,,,,,,,Y
2018,Telstra,-37.79114,144.958,,,,,,,Y
2018,Telstra,-37.790615,145.171842,Y,,Y,,Y,,
2018,Telstra,-37.79040307,144.9199102,Y,Y,Y,,Y,,Y
2018,Telstra,-37.790242,145.26658,Y,,,,,,
2018,Telstra,-37.78998,144.93772,Y,,,,,,
2018,Telstra,-37.7898,144.817,Y,,,,Y,,
2018,Telstra,-37.78952,145.02712,Y,,Y,,Y,,Y
2018,Telstra,-37.78942104,145.1052633,Y,,Y,,Y,,Y
2018,Telstra,-37.789273,144.929946,Y,,,,Y,,
2018,Telstra,-37.78915,145.16015,Y,,,,Y,,
2018,Telstra,-37.7889,144.990916,,,,,,,Y
2018,Telstra,-37.788805,144.905607,Y,Y,Y,,Y,,Y
2018,Telstra,-37.78796,144.909497,Y,Y,Y,,Y,,Y
2018,Telstra,-37.78777,145.42514,Y,Y,Y,,Y,,
2018,Telstra,-37.787619,145.144795,Y,,Y,,Y,,
2018,Telstra,-37.78756315,144.9957188,Y,,Y,,Y,,Y
2018,Telstra,-37.7874,144.88974,Y,,Y,,,,
2018,Telstra,-37.78736,145.55849,Y,,Y,,Y,,
2018,Telstra,-37.78714,145.12451,,,,,,,Y
2018,Telstra,-37.78709,145.291497,Y,Y,Y,,Y,,Y
2018,Telstra,-37.78709,145.38167,Y,,,,,,
2018,Telstra,-37.78677,145.44947,Y,,Y,,,,
2018,Telstra,-37.78660987,145.3528322,Y,Y,Y,,Y,,
2018,Telstra,-37.78615,144.94132,Y,,,,,,
2018,Telstra,-37.78596,144.94407,Y,,Y,,Y,,
2018,Telstra,-37.78592649,145.2767188,Y,,,,,,
2018,Telstra,-37.78564,145.32038,Y,Y,,,,,
2018,Telstra,-37.78488433,145.1255408,Y,Y,Y,,Y,,Y
2018,Telstra,-37.783698,144.915318,Y,Y,Y,,Y,,Y
2018,Telstra,-37.78364,145.06141,Y,,Y,,Y,,
2018,Telstra,-37.7832,144.984,Y,,,,Y,,
2018,Telstra,-37.78316,144.96287,Y,Y,Y,,Y,,Y
2018,Telstra,-37.78292,144.83259,Y,,,,Y,,
2018,Telstra,-37.78271,145.16587,Y,,Y,,Y,,
2018,Telstra,-37.7822,145.277,Y,Y,Y,,Y,,
2018,Telstra,-37.78113,144.79287,Y,,Y,,Y,,Y
2018,Telstra,-37.781,145.03166,Y,,Y,,Y,,Y
2018,Telstra,-37.780233,144.945947,Y,,,,,,
2018,Telstra,-37.780233,144.945947,Y,,,,,,
2018,Telstra,-37.779233,145.217447,Y,,,,,,
2018,Telstra,-37.77921,144.97847,,,Y,,,,
2018,Telstra,-37.779024,145.015457,Y,Y,Y,,Y,,
2018,Telstra,-37.77873,144.94314,Y,,Y,,,,
2018,Telstra,-37.77825247,145.0813674,Y,,Y,,Y,,Y
2018,Telstra,-37.778063,144.970407,Y,,,,Y,,
2018,Telstra,-37.77782,144.82363,Y,,Y,,Y,,
2018,Telstra,-37.7778,144.93,Y,Y,Y,,Y,,
2018,Telstra,-37.77723,144.93821,Y,,Y,,Y,,Y
2018,Telstra,-37.7771,144.906,Y,Y,Y,,Y,,Y
2018,Telstra,-37.776922,145.625544,Y,,Y,,Y,,
2018,Telstra,-37.7767,144.875,Y,,Y,,Y,,
2018,Telstra,-37.7766,144.998,Y,,Y,,Y,,
2018,Telstra,-37.776278,144.890183,Y,Y,Y,,Y,,Y
2018,Telstra,-37.7762,145.039,Y,,,,Y,,
2018,Telstra,-37.776058,144.424347,Y,,Y,,,,
2018,Telstra,-37.77599,144.77348,Y,,Y,,Y,,Y
2018,Telstra,-37.775825,144.960817,Y,,Y,,Y,,Y
2018,Telstra,-37.775523,144.94867,Y,,,,Y,,
2018,Telstra,-37.7755,145.118,Y,,Y,,Y,,
2018,Telstra,-37.775,145.092,Y,,,,Y,,
2018,Telstra,-37.77425175,145.1263486,Y,,Y,,Y,,
2018,Telstra,-37.77354507,144.8490098,Y,,Y,,Y,,
2018,Telstra,-37.772854,144.807222,Y,,Y,,Y,,Y
2018,Telstra,-37.77273,145.058982,Y,,,,,,
2018,Telstra,-37.77255,145.10639,Y,,,,,,
2018,Telstra,-37.771433,144.994179,Y,Y,Y,,Y,,
2018,Telstra,-37.77072,144.97698,Y,,Y,,Y,,
2018,Telstra,-37.770636,145.062873,Y,,,,,,
2018,Telstra,-37.770084,145.098696,Y,,Y,,,,
2018,Telstra,-37.769859,145.041517,Y,,,,,,
2018,Telstra,-37.76981,144.77944,Y,,Y,,Y,,
2018,Telstra,-37.76882,145.00205,,,,,Y,,
2018,Telstra,-37.768756,145.024408,Y,Y,Y,,Y,,Y
2018,Telstra,-37.7685,144.955,Y,Y,Y,,Y,,Y
2018,Telstra,-37.7684,145.099307,Y,,,,,,
2018,Telstra,-37.76777,144.93664,Y,,Y,,Y,,Y
2018,Telstra,-37.767467,144.863452,Y,,Y,,Y,,
2018,Telstra,-37.767112,145.106072,Y,Y,Y,,Y,,
2018,Telstra,-37.76707,145.1893758,Y,,Y,,Y,,
2018,Telstra,-37.76669,144.75149,Y,,Y,,Y,,
2018,Telstra,-37.766591,145.240892,Y,,Y,,,,
2018,Telstra,-37.766364,145.001918,Y,,Y,,Y,,
2018,Telstra,-37.76635137,145.0446408,Y,,Y,,Y,,
2018,Telstra,-37.7663,144.924,Y,Y,Y,,Y,,Y
2018,Telstra,-37.76618,144.89495,Y,,Y,,Y,,
2018,Telstra,-37.76604,144.97237,Y,,Y,,Y,,
2018,Telstra,-37.7658,145.1516,Y,,Y,,Y,,
2018,Telstra,-37.76508,145.38079,Y,Y,Y,,Y,,
2018,Telstra,-37.764809,144.945348,Y,,Y,,Y,,
2018,Telstra,-37.76443,144.90307,Y,,,,,,
2018,Telstra,-37.76429171,145.2331515,Y,,Y,,Y,,
2018,Telstra,-37.763664,145.054912,Y,,Y,,Y,,
2018,Telstra,-37.762956,145.222643,Y,,Y,,,,
2018,Telstra,-37.76289,144.96272,Y,,,,Y,,
2018,Telstra,-37.7627,144.845,Y,,Y,,Y,,
2018,Telstra,-37.762574,145.167317,Y,,,,,,
2018,Telstra,-37.762532,145.167593,Y,,Y,,Y,,
2018,Telstra,-37.76237,144.97312,Y,,Y,,Y,,
2018,Telstra,-37.761565,144.819481,Y,Y,Y,,Y,,
2018,Telstra,-37.76153,145.32616,Y,Y,Y,,Y,,
2018,Telstra,-37.76088,145.08269,Y,Y,Y,,Y,,Y
2018,Telstra,-37.75945,145.01294,Y,,,,Y,,
2018,Telstra,-37.759299,145.06947,Y,,,,,,
2018,Telstra,-37.75864,145.35261,Y,Y,Y,,Y,,
2018,Telstra,-37.7586,145,Y,,Y,,Y,,Y
2018,Telstra,-37.75836,144.79146,Y,,Y,,Y,,
2018,Telstra,-37.758329,145.31317,Y,,Y,,Y,,
2018,Telstra,-37.757807,144.73941,Y,Y,Y,,Y,,
2018,Telstra,-37.757344,144.762815,Y,,Y,,Y,,
2018,Telstra,-37.756913,144.983392,Y,,Y,,Y,,Y
2018,Telstra,-37.75634,145.06932,Y,,Y,,Y,,
2018,Telstra,-37.75615,148.96863,Y,,Y,,,,
2018,Telstra,-37.7557,145.055,Y,Y,Y,,Y,,
2018,Telstra,-37.755536,145.058773,Y,,,,Y,,
2018,Telstra,-37.75542,144.90041,Y,,Y,,Y,,
2018,Telstra,-37.7542,144.955,Y,,,,,,
2018,Telstra,-37.7541,145.6534,Y,,Y,,Y,,
2018,Telstra,-37.75358,144.894035,Y,,Y,,Y,,
2018,Telstra,-37.753357,145.274524,Y,Y,Y,,Y,,
2018,Telstra,-37.75292,144.96384,Y,,Y,,Y,,Y
2018,Telstra,-37.75261,145.69845,Y,,,,,,
2018,Telstra,-37.75243809,145.1362193,Y,,Y,,Y,,
2018,Telstra,-37.7523,144.935,Y,Y,Y,,Y,,Y
2018,Telstra,-37.752,145.116,Y,,Y,,Y,,
2018,Telstra,-37.7514,144.797,Y,,Y,,Y,,
2018,Telstra,-37.75101,147.74683,Y,,Y,,,,
2018,Telstra,-37.750939,144.917876,Y,,Y,,Y,,Y
2018,Telstra,-37.750521,145.002594,Y,Y,,,Y,,
2018,Telstra,-37.7504,144.862,Y,,Y,,Y,,
2018,Telstra,-37.750294,144.834197,Y,,Y,,Y,,
2018,Telstra,-37.7502,144.775,Y,,Y,,Y,,
2018,Telstra,-37.74996,145.02844,Y,Y,Y,,Y,,
2018,Telstra,-37.74968,145.32596,Y,,Y,,Y,,
2018,Telstra,-37.749279,145.043354,Y,,Y,,Y,,
2018,Telstra,-37.74926,144.8785,Y,,Y,,Y,,
2018,Telstra,-37.748413,145.177406,Y,,Y,,Y,,
2018,Telstra,-37.74804,148.3216183,Y,,Y,,,,
2018,Telstra,-37.747394,147.142554,Y,,Y,,,,
2018,Telstra,-37.747318,145.057939,,,,,,,Y
2018,Telstra,-37.7469,144.949,Y,,Y,,Y,,Y
2018,Telstra,-37.74642,145.01256,Y,,Y,,Y,,
2018,Telstra,-37.74613,145.00781,Y,,,,,,
2018,Telstra,-37.74512,144.92991,Y,,Y,,Y,,Y
2018,Telstra,-37.74494,145.066827,Y,,Y,,Y,,
2018,Telstra,-37.7443,144.9107,Y,,Y,,Y,,
2018,Telstra,-37.744,140.78302,,,Y,,,,
2018,Telstra,-37.743842,144.967482,Y,,Y,,Y,,Y
2018,Telstra,-37.74355,144.98949,Y,,,,Y,,
2018,Telstra,-37.74316,145.05595,Y,,,,Y,,
2018,Telstra,-37.742767,142.024522,,,,,,,Y
2018,Telstra,-37.742622,144.799112,Y,,Y,,Y,,
2018,Telstra,-37.74201,145.04772,Y,,Y,,,,
2018,Telstra,-37.74066,144.97723,Y,,Y,,Y,,
2018,Telstra,-37.74057,145.37865,Y,,Y,,Y,,
2018,Telstra,-37.739625,145.003594,Y,,Y,,Y,,
2018,Telstra,-37.7392,144.945,Y,,Y,,Y,,
2018,Telstra,-37.7389,145.03,Y,,Y,,Y,,
2018,Telstra,-37.738777,144.852442,Y,,Y,,Y,,
2018,Telstra,-37.738071,145.073723,Y,Y,Y,,Y,,
2018,Telstra,-37.737928,147.850895,Y,,Y,,Y,,
2018,Telstra,-37.73759,140.38676,Y,,,,,,
2018,Telstra,-37.735718,144.888916,Y,,Y,,Y,,
2018,Telstra,-37.7348,144.991,Y,Y,Y,,Y,,
2018,Telstra,-37.734297,144.906192,Y,Y,Y,,Y,,Y
2018,Telstra,-37.733585,144.741324,Y,,Y,,Y,,Y
2018,Telstra,-37.733259,142.031554,Y,Y,Y,,Y,,
2018,Telstra,-37.73236,144.87836,Y,,Y,,Y,,
2018,Telstra,-37.731949,145.055788,Y,Y,Y,,Y,,
2018,Telstra,-37.73098,145.47626,Y,Y,Y,,Y,,
2018,Telstra,-37.73097591,144.9521196,Y,,Y,,Y,,
2018,Telstra,-37.73025213,144.9246582,Y,,Y,,Y,,Y
2018,Telstra,-37.73023,144.55165,Y,,Y,,Y,,
2018,Telstra,-37.72963,145.06861,Y,,Y,,Y,,
2018,Telstra,-37.72896,145.017077,Y,,Y,,Y,,
2018,Telstra,-37.728942,145.123014,Y,Y,Y,,Y,,
2018,Telstra,-37.728893,141.137543,Y,,Y,,,,
2018,Telstra,-37.728172,145.222471,Y,,,,Y,,
2018,Telstra,-37.7274,144.867,Y,,Y,,Y,,
2018,Telstra,-37.7271,144.807,Y,,Y,,Y,,
2018,Telstra,-37.727,144.79,Y,,Y,,Y,,
2018,Telstra,-37.72661,144.891588,Y,Y,Y,,Y,,
2018,Telstra,-37.72595,145.02831,Y,Y,Y,,Y,,
2018,Telstra,-37.725857,144.653816,Y,,Y,,,,
2018,Telstra,-37.72583,140.57167,Y,,Y,,,,
2018,Telstra,-37.725723,144.961997,Y,,Y,,Y,,
2018,Telstra,-37.7254,145.103,Y,,Y,,Y,,
2018,Telstra,-37.725058,145.697286,Y,Y,,,,,
2018,Telstra,-37.724291,144.842039,Y,,Y,,Y,,
2018,Telstra,-37.723885,145.053212,Y,,,,,,
2018,Telstra,-37.723435,144.748202,Y,Y,Y,,Y,,
2018,Telstra,-37.7234,145.007,Y,,Y,,Y,,
2018,Telstra,-37.720375,145.375626,Y,,Y,,Y,,
2018,Telstra,-37.72034,144.94081,Y,,,,,,
2018,Telstra,-37.720293,144.984804,Y,,Y,,Y,,
2018,Telstra,-37.72,145.138,Y,,,,Y,,
2018,Telstra,-37.719118,145.05486,Y,,Y,,Y,,Y
2018,Telstra,-37.71743,144.922225,Y,,,,,,
2018,Telstra,-37.71732,144.7863,Y,,Y,,Y,,
2018,Telstra,-37.71687,145.04445,Y,Y,Y,,Y,,
2018,Telstra,-37.716645,145.008238,Y,,Y,,Y,,
2018,Telstra,-37.716353,144.890426,Y,Y,Y,,Y,,Y
2018,Telstra,-37.71613,145.123548,Y,,Y,,Y,,
2018,Telstra,-37.71557,144.960784,,,Y,,Y,,
2018,Telstra,-37.7155391,145.1499733,Y,,Y,,Y,,
2018,Telstra,-37.715048,145.175623,Y,,Y,,Y,,
2018,Telstra,-37.71476,142.81876,Y,,Y,,,,
2018,Telstra,-37.7145,144.874,Y,,Y,,Y,,
2018,Telstra,-37.714064,144.88573,Y,,,,,,
2018,Telstra,-37.712988,145.046104,Y,,Y,,,,
2018,Telstra,-37.711817,148.600053,Y,,Y,,,,
2018,Telstra,-37.711453,144.961318,Y,,,,,,
2018,Telstra,-37.711417,144.741816,Y,,,,,,
2018,Telstra,-37.710909,141.53242,Y,,Y,,,,
2018,Telstra,-37.709417,145.119915,Y,,,,Y,,
2018,Telstra,-37.70934318,145.0859109,Y,Y,Y,,Y,,Y
2018,Telstra,-37.70872,144.92978,Y,,Y,,Y,,Y
2018,Telstra,-37.70843,144.722047,Y,,Y,,,,
2018,Telstra,-37.70804,144.85498,Y,Y,Y,,Y,,
2018,Telstra,-37.70651,144.56693,Y,,Y,,Y,,
2018,Telstra,-37.705822,148.456527,Y,,Y,,,,
2018,Telstra,-37.70565,147.5597,Y,,Y,,Y,,
2018,Telstra,-37.705463,145.071968,Y,Y,Y,,Y,,
2018,Telstra,-37.70546,145.17318,Y,,Y,,Y,,
2018,Telstra,-37.705113,144.883413,Y,,Y,,Y,,Y
2018,Telstra,-37.70484,145.09964,Y,,,,Y,,
2018,Telstra,-37.70393,144.9972,Y,,Y,,Y,,
2018,Telstra,-37.703574,145.103364,Y,,Y,,Y,,Y
2018,Telstra,-37.703516,145.101604,Y,,,,,,
2018,Telstra,-37.703343,145.198998,Y,,Y,,Y,,
2018,Telstra,-37.703312,144.960032,Y,,Y,,Y,,
2018,Telstra,-37.70322706,144.917586,Y,,Y,,Y,,
2018,Telstra,-37.7028,144.804,Y,,Y,,Y,,Y
2018,Telstra,-37.70234,145.30435,Y,,Y,,Y,,
2018,Telstra,-37.702099,145.125845,Y,,Y,,Y,,
2018,Telstra,-37.70118,144.756631,Y,,Y,,Y,,
2018,Telstra,-37.700238,145.047808,Y,,Y,,Y,,
2018,Telstra,-37.7002,145.058,Y,,Y,,Y,,
2018,Telstra,-37.69964011,144.7788843,Y,Y,Y,,Y,,Y
2018,Telstra,-37.6979,144.45544,Y,,,,,,
2018,Telstra,-37.6977,144.870331,Y,,Y,,Y,,
2018,Telstra,-37.69631,145.16814,Y,,Y,,Y,,
2018,Telstra,-37.69547,144.91006,Y,,Y,,Y,,
2018,Telstra,-37.69445,145.02487,Y,,Y,,Y,,
2018,Telstra,-37.694166,144.929722,Y,,Y,,Y,,
2018,Telstra,-37.69265,145.09317,Y,,Y,,Y,,
2018,Telstra,-37.692526,148.09099,Y,,Y,,,,
2018,Telstra,-37.69252,144.97225,Y,,Y,,Y,,
2018,Telstra,-37.6916,144.9882,Y,Y,Y,,Y,,
2018,Telstra,-37.69151,144.87297,Y,,,,,,
2018,Telstra,-37.690735,145.013392,Y,,Y,,Y,,
2018,Telstra,-37.690434,144.954187,Y,,Y,,Y,,
2018,Telstra,-37.68988,145.15145,Y,,Y,,Y,,
2018,Telstra,-37.68978,142.98223,Y,,Y,,,,
2018,Telstra,-37.6892,143.5236,Y,,,,,,
2018,Telstra,-37.68885,145.04562,Y,,Y,,Y,,
2018,Telstra,-37.68859,144.94039,Y,,,,,,
2018,Telstra,-37.68837,144.72497,Y,,Y,,Y,,
2018,Telstra,-37.6882,144.8841,Y,,Y,,Y,,Y
2018,Telstra,-37.688177,145.225152,Y,,Y,,Y,,
2018,Telstra,-37.68791,145.113225,Y,,Y,,Y,,
2018,Telstra,-37.6877,144.60285,Y,,Y,,Y,,
2018,Telstra,-37.68768,144.85371,Y,,,,,,
2018,Telstra,-37.68684,145.84761,Y,,Y,,,,
2018,Telstra,-37.686178,145.122563,Y,,Y,,Y,,
2018,Telstra,-37.68598,145.2169,Y,,Y,,,,
2018,Telstra,-37.6854,145.068,Y,,,,Y,,
2018,Telstra,-37.68512,144.56235,Y,Y,Y,,Y,,
2018,Telstra,-37.68505182,144.9723787,Y,,,,,,
2018,Telstra,-37.68397,144.96348,Y,,Y,,,,
2018,Telstra,-37.68373,144.9165,Y,,Y,,Y,,
2018,Telstra,-37.683313,142.5457,Y,,Y,,,,
2018,Telstra,-37.68267,144.22421,Y,,,,,,
2018,Telstra,-37.68227,145.14189,Y,,Y,,Y,,
2018,Telstra,-37.682235,144.871563,Y,Y,Y,,Y,,Y
2018,Telstra,-37.68168,144.6679,Y,,Y,,Y,,
2018,Telstra,-37.68166,140.42786,Y,,Y,,,,
2018,Telstra,-37.68093,144.76841,Y,,Y,,Y,,
2018,Telstra,-37.6807,144.93479,Y,,Y,,Y,,
2018,Telstra,-37.68036,145.17382,Y,,,,,,
2018,Telstra,-37.68009,145.01345,Y,,Y,,Y,,
2018,Telstra,-37.68001,145.482,Y,,,,,,
2018,Telstra,-37.6794,144.5036,Y,Y,Y,,Y,,
2018,Telstra,-37.67778,145.05624,Y,Y,Y,,Y,,
2018,Telstra,-37.67723,144.93177,Y,,Y,,Y,,
2018,Telstra,-37.67608,144.90407,Y,,Y,,Y,,
2018,Telstra,-37.675675,145.159015,Y,,,,,,
2018,Telstra,-37.675603,144.854507,Y,Y,Y,,Y,,
2018,Telstra,-37.675,144.4383,Y,Y,Y,,Y,,
2018,Telstra,-37.674104,145.158915,Y,,,,,,
2018,Telstra,-37.673688,144.9589,Y,,Y,,Y,,
2018,Telstra,-37.6735,143.35421,Y,,Y,,Y,,
2018,Telstra,-37.67341,145.01651,Y,Y,Y,,Y,,
2018,Telstra,-37.67327,145.03717,Y,,Y,,Y,,
2018,Telstra,-37.67236,141.85559,Y,,Y,,,,
2018,Telstra,-37.67046,144.83248,Y,,,,,,
2018,Telstra,-37.67045,144.848149,Y,Y,Y,,Y,,Y
2018,Telstra,-37.670171,145.071147,Y,,Y,,,,
2018,Telstra,-37.66853,145.17416,Y,,Y,,,,
2018,Telstra,-37.666534,144.753017,Y,,Y,,Y,,
2018,Telstra,-37.66612,144.98215,Y,,Y,,Y,,
2018,Telstra,-37.665401,144.957391,Y,,Y,,Y,,
2018,Telstra,-37.66513,144.94543,Y,,Y,,Y,,
2018,Telstra,-37.66499,145.52303,Y,,Y,,Y,,
2018,Telstra,-37.6628,144.43892,Y,,Y,,Y,,
2018,Telstra,-37.66151,144.37497,Y,,Y,,,,
2018,Telstra,-37.660262,145.300847,Y,,Y,,,,
2018,Telstra,-37.6593,145.055,Y,,Y,,Y,,
2018,Telstra,-37.65791,145.07577,Y,Y,Y,,Y,,
2018,Telstra,-37.65492,143.92418,Y,Y,Y,,,,
2018,Telstra,-37.6548,144.938,Y,Y,,,Y,,
2018,Telstra,-37.65377,144.9647,Y,,Y,,Y,,
2018,Telstra,-37.653765,145.383253,Y,,Y,,,,
2018,Telstra,-37.65366,145.5159,Y,,Y,,Y,,
2018,Telstra,-37.6536,142.3575,Y,,Y,,Y,,
2018,Telstra,-37.65357436,143.6602402,Y,,Y,,,,
2018,Telstra,-37.65351,145.02052,Y,,,,Y,,
2018,Telstra,-37.653414,144.592359,Y,,Y,,,,
2018,Telstra,-37.653156,145.014164,Y,,,,Y,,
2018,Telstra,-37.65278,144.8743,Y,Y,Y,,Y,,
2018,Telstra,-37.65101,145.50253,Y,,,,,,
2018,Telstra,-37.65089,145.06643,Y,,Y,,Y,,
2018,Telstra,-37.650255,144.44972,Y,Y,Y,,,,
2018,Telstra,-37.6499,144.55764,Y,Y,Y,,Y,,
2018,Telstra,-37.649494,145.022117,Y,Y,Y,,Y,,Y
2018,Telstra,-37.64806,145.07997,Y,Y,Y,,Y,,
2018,Telstra,-37.647956,145.197219,Y,,Y,,Y,,
2018,Telstra,-37.64659,144.93881,Y,,,,,,
2018,Telstra,-37.644,145.55499,Y,,,,,,
2018,Telstra,-37.64392,144.40953,Y,,Y,,Y,,
2018,Telstra,-37.642406,144.958786,Y,,Y,,Y,,
2018,Telstra,-37.64212,144.91005,Y,Y,Y,,Y,,
2018,Telstra,-37.642,145.2382,Y,,Y,,,,
2018,Telstra,-37.6407,144.93,Y,,Y,,Y,,
2018,Telstra,-37.639627,144.363079,Y,,Y,,,,
2018,Telstra,-37.63895611,145.1302983,Y,,Y,,Y,,
2018,Telstra,-37.63588,145.04217,Y,,Y,,Y,,
2018,Telstra,-37.63309743,145.0576012,Y,,Y,,Y,,
2018,Telstra,-37.632788,144.806123,Y,,Y,,Y,,
2018,Telstra,-37.63093,145.00389,Y,,Y,,Y,,
2018,Telstra,-37.63068,144.72203,Y,,Y,,Y,,
2018,Telstra,-37.62982,145.09395,Y,,Y,,Y,,
2018,Telstra,-37.628818,144.878567,Y,,Y,,Y,,
2018,Telstra,-37.62753,144.9469,Y,,Y,,Y,,
2018,Telstra,-37.626947,143.882217,Y,,,,,,
2018,Telstra,-37.626635,145.163919,Y,,Y,,Y,,
2018,Telstra,-37.62583,143.89285,Y,,,,Y,,
2018,Telstra,-37.62471,145.02614,Y,,Y,,Y,,
2018,Telstra,-37.617863,144.91946,Y,,Y,,Y,,
2018,Telstra,-37.61696,141.70455,Y,,Y,,Y,,
2018,Telstra,-37.615264,140.799817,Y,,Y,,,,
2018,Telstra,-37.61378,145.11896,Y,Y,Y,,Y,,
2018,Telstra,-37.613014,144.943556,Y,,,,,,
2018,Telstra,-37.612993,145.263527,Y,,Y,,,,
2018,Telstra,-37.61226,144.94414,Y,,,,,,
2018,Telstra,-37.612191,144.77872,Y,,Y,,,,
2018,Telstra,-37.611825,145.076,Y,Y,Y,,Y,,
2018,Telstra,-37.61121,143.82889,Y,Y,Y,,Y,,
2018,Telstra,-37.61027,144.942222,Y,,,,Y,,
2018,Telstra,-37.609327,143.575698,Y,,Y,,,,
2018,Telstra,-37.60784,144.90605,Y,,Y,,Y,,
2018,Telstra,-37.60762,144.97661,Y,,Y,,Y,,
2018,Telstra,-37.60751,144.88954,Y,,Y,,Y,,
2018,Telstra,-37.60741,145.0162,Y,,Y,,Y,,
2018,Telstra,-37.607144,143.88207,Y,,Y,,Y,,
2018,Telstra,-37.60364,145.41768,Y,,Y,,,,
2018,Telstra,-37.60356,144.89419,Y,,,,,,
2018,Telstra,-37.60251,140.48237,Y,,Y,,Y,,
2018,Telstra,-37.60213,143.73604,Y,,Y,,,,
2018,Telstra,-37.600775,145.274915,Y,,Y,,,,
2018,Telstra,-37.60066,144.22647,Y,,Y,,Y,,
2018,Telstra,-37.59917,140.35944,Y,,Y,,Y,,
2018,Telstra,-37.59853,144.94586,Y,Y,Y,,Y,,
2018,Telstra,-37.598175,144.921752,Y,Y,Y,,Y,,Y
2018,Telstra,-37.598152,144.729706,Y,Y,Y,,,,
2018,Telstra,-37.59517,145.39082,Y,,Y,,,,
2018,Telstra,-37.593942,148.994568,Y,,Y,,,,
2018,Telstra,-37.593161,145.144196,Y,,Y,,Y,,Y
2018,Telstra,-37.58996,143.83852,Y,,Y,,Y,,
2018,Telstra,-37.589366,145.103875,Y,Y,Y,,Y,,
2018,Telstra,-37.58628,144.88705,Y,,Y,,Y,,Y
2018,Telstra,-37.585854,144.760984,Y,,Y,,Y,,Y
2018,Telstra,-37.584661,144.941419,Y,,Y,,Y,,
2018,Telstra,-37.58425,145.19845,Y,,Y,,,,
2018,Telstra,-37.582628,144.693873,Y,,Y,,Y,,
2018,Telstra,-37.5815,143.87116,Y,Y,Y,,Y,,
2018,Telstra,-37.57843,143.829,Y,Y,Y,,Y,,
2018,Telstra,-37.57817,144.73038,Y,Y,Y,,Y,,
2018,Telstra,-37.575381,143.960708,Y,,Y,,,,
2018,Telstra,-37.57354,144.94775,Y,,Y,,,,
2018,Telstra,-37.571465,145.125612,Y,,Y,,Y,,Y
2018,Telstra,-37.5707,144.87658,Y,,Y,,Y,,Y
2018,Telstra,-37.57056,140.12361,,,,,Y,,
2018,Telstra,-37.5703,144.0961,Y,,Y,,Y,,
2018,Telstra,-37.56802,141.40771,Y,,Y,,Y,,
2018,Telstra,-37.5675,145.525555,Y,Y,Y,,,,
2018,Telstra,-37.56743,144.67352,Y,,Y,,,,
2018,Telstra,-37.566111,149.152222,Y,,Y,,,,
2018,Telstra,-37.565053,143.85481,Y,Y,Y,,Y,,
2018,Telstra,-37.563611,144.690555,Y,,Y,,Y,,Y
2018,Telstra,-37.5635,141.53886,Y,,Y,,,,
2018,Telstra,-37.5631,143.8086,Y,Y,Y,,Y,,
2018,Telstra,-37.56083,140.70152,,,Y,,,,
2018,Telstra,-37.56045,142.7486,Y,,Y,,,,
2018,Telstra,-37.55964,143.84691,Y,Y,Y,,Y,,
2018,Telstra,-37.558995,144.571715,Y,,Y,,,,
2018,Telstra,-37.55767,144.35971,Y,,Y,,,,
2018,Telstra,-37.5575,144.7346,Y,,Y,,Y,,
2018,Telstra,-37.54838,145.66214,Y,,Y,,,,
2018,Telstra,-37.54749735,143.8960493,Y,Y,Y,,Y,,
2018,Telstra,-37.5464143,145.26431,Y,,Y,,,,
2018,Telstra,-37.54637,149.75114,Y,,Y,,Y,,
2018,Telstra,-37.54306,140.81333,Y,,Y,,,,
2018,Telstra,-37.542012,143.858146,Y,Y,Y,,Y,,
2018,Telstra,-37.54183,142.33118,Y,,Y,,,,
2018,Telstra,-37.54111,140.45568,Y,,Y,,,,
2018,Telstra,-37.53642,143.80252,Y,,,,,,
2018,Telstra,-37.53382,143.82159,Y,,Y,,Y,,
2018,Telstra,-37.53237,148.13521,Y,,Y,,,,
2018,Telstra,-37.529647,144.946103,Y,,Y,,,,
2018,Telstra,-37.52816,142.04256,,,,,Y,,
2018,Telstra,-37.5258,143.8453,Y,Y,Y,,Y,,
2018,Telstra,-37.525292,145.335956,Y,,Y,,,,
2018,Telstra,-37.52405,144.731372,Y,,,,,,
2018,Telstra,-37.518186,144.583775,Y,Y,Y,,Y,,
2018,Telstra,-37.515745,145.712198,Y,,Y,,,,
2018,Telstra,-37.515404,145.139143,Y,,Y,,Y,,
2018,Telstra,-37.514168,145.119314,Y,,Y,,Y,,
2018,Telstra,-37.51395,143.80614,Y,,Y,,,,
2018,Telstra,-37.510957,145.745288,Y,,Y,,,,
2018,Telstra,-37.50526,147.83899,Y,,,,,,
2018,Telstra,-37.49618,145.074026,Y,,Y,,,,
2018,Telstra,-37.49541,145.8778,Y,,Y,,,,
2018,Telstra,-37.49338,148.1811,Y,,Y,,,,
2018,Telstra,-37.490867,145.755997,Y,,Y,,,,
2018,Telstra,-37.49068,145.42876,Y,,Y,,,,
2018,Telstra,-37.4875,144.59033,Y,,Y,,Y,,
2018,Telstra,-37.48566,144.58542,Y,,,,,,
2018,Telstra,-37.480112,145.277203,Y,,Y,,,,
2018,Telstra,-37.47778,140.05861,Y,,Y,,Y,,
2018,Telstra,-37.47667,145.237,Y,,Y,,,,
2018,Telstra,-37.4746,144.30699,Y,,Y,,,,
2018,Telstra,-37.47433,147.24829,Y,,Y,,,,
2018,Telstra,-37.47017,143.61662,Y,,Y,,,,
2018,Telstra,-37.46656,144.60386,Y,,Y,,Y,,
2018,Telstra,-37.46234,144.68398,Y,,,,Y,,
2018,Telstra,-37.46057,144.97314,Y,,Y,,Y,,
2018,Telstra,-37.45852,141.91607,Y,,Y,,,,
2018,Telstra,-37.45381,147.17636,Y,,,,,,
2018,Telstra,-37.4453,143.8903,Y,,Y,,Y,,
2018,Telstra,-37.44024,143.81576,Y,,Y,,,,
2018,Telstra,-37.4381,145.43053,Y,,Y,,,,
2018,Telstra,-37.437279,144.551741,Y,,Y,,,,
2018,Telstra,-37.43417,143.469878,Y,,Y,,,,
2018,Telstra,-37.43299,142.85964,,,,,Y,,
2018,Telstra,-37.428947,145.717117,Y,,Y,,,,
2018,Telstra,-37.42516,144.11898,Y,,Y,,,,
2018,Telstra,-37.424058,149.198173,Y,,Y,,,,
2018,Telstra,-37.42158,144.58273,Y,,Y,,,,
2018,Telstra,-37.413693,145.034132,Y,,Y,,,,
2018,Telstra,-37.41099,143.88678,Y,,Y,,Y,,
2018,Telstra,-37.410833,149.547222,Y,,Y,,,,
2018,Telstra,-37.409859,143.341385,Y,,Y,,,,
2018,Telstra,-37.40731,144.54444,Y,,Y,,,,
2018,Telstra,-37.40718,144.98064,Y,,Y,,Y,,
2018,Telstra,-37.40443,144.89337,,,,,Y,,
2018,Telstra,-37.39476,144.02219,Y,,Y,,,,
2018,Telstra,-37.393678,144.993862,Y,,Y,,,,
2018,Telstra,-37.39306,140.25444,Y,,Y,,,,
2018,Telstra,-37.392917,147.087442,Y,,,,,,
2018,Telstra,-37.39247,144.2303,Y,,Y,,,,
2018,Telstra,-37.38448,144.5877,Y,,,,,,
2018,Telstra,-37.383275,144.322107,Y,,Y,,,,
2018,Telstra,-37.38171,145.27534,Y,,Y,,,,
2018,Telstra,-37.38066,140.83781,,,,,,,Y
2018,Telstra,-37.380474,144.964923,Y,,Y,,Y,,
2018,Telstra,-37.37451,144.578442,Y,Y,Y,,Y,,
2018,Telstra,-37.36874,147.83016,Y,,,,,,
2018,Telstra,-37.368326,141.562217,Y,,Y,,,,
2018,Telstra,-37.3643,143.16836,Y,,,,,,
2018,Telstra,-37.36148,145.01986,Y,,Y,,,,
2018,Telstra,-37.35804,144.13369,Y,,Y,,Y,,
2018,Telstra,-37.35368,144.74851,Y,,Y,,Y,,
2018,Telstra,-37.34916,140.85542,Y,,Y,,Y,,
2018,Telstra,-37.347275,144.179215,Y,,,,,,
2018,Telstra,-37.347264,144.740165,Y,,Y,,Y,,
2018,Telstra,-37.34368,144.141621,Y,,Y,,,,
2018,Telstra,-37.3422,145.2819,Y,,Y,,,,
2018,Telstra,-37.33753,145.48902,Y,,Y,,,,
2018,Telstra,-37.33131,143.947793,,,,,Y,,
2018,Telstra,-37.3288,139.97941,Y,,,,,,
2018,Telstra,-37.326247,145.036888,Y,,Y,,,,
2018,Telstra,-37.326178,145.697756,Y,,Y,,,,
2018,Telstra,-37.323078,144.795202,Y,,Y,,,,
2018,Telstra,-37.316234,144.131267,Y,,Y,,Y,,
2018,Telstra,-37.31132,145.10076,Y,,,,,,
2018,Telstra,-37.306755,144.950928,Y,,Y,,Y,,
2018,Telstra,-37.29825,143.456481,,,,,,,Y
2018,Telstra,-37.29757,144.24391,Y,,Y,,,,
2018,Telstra,-37.29694,143.78444,Y,,,,,,
2018,Telstra,-37.29566265,146.1390249,Y,,,,,,
2018,Telstra,-37.29194,140.83528,Y,,Y,,,,
2018,Telstra,-37.288343,144.960807,Y,,Y,,Y,,
2018,Telstra,-37.28698,141.66116,Y,,Y,,,,
2018,Telstra,-37.284718,143.752887,Y,,Y,,,,
2018,Telstra,-37.283747,142.927741,Y,,Y,,Y,,
2018,Telstra,-37.28213,143.247193,Y,,Y,,,,
2018,Telstra,-37.278921,142.764843,Y,,,,,,
2018,Telstra,-37.27763,147.71572,Y,,Y,,,,
2018,Telstra,-37.276314,142.983265,Y,,,,,,
2018,Telstra,-37.26974,142.89181,Y,,Y,,Y,,
2018,Telstra,-37.2673,141.432069,Y,,Y,,,,
2018,Telstra,-37.262848,144.14935,Y,,Y,,,,
2018,Telstra,-37.26237,145.11819,Y,,Y,,,,
2018,Telstra,-37.26143,145.25265,Y,,,,,,
2018,Telstra,-37.2564,144.4672,Y,Y,Y,,Y,,
2018,Telstra,-37.2515,145.06027,Y,,Y,,Y,,
2018,Telstra,-37.244013,141.83417,Y,,Y,,,,
2018,Telstra,-37.2398,145.2229,Y,,Y,,,,
2018,Telstra,-37.237166,144.439157,Y,,,,,,
2018,Telstra,-37.23617,144.55475,Y,,Y,,,,
2018,Telstra,-37.231578,141.574007,Y,,Y,,,,
2018,Telstra,-37.23034,146.13715,Y,,Y,,,,
2018,Telstra,-37.22929,141.38713,Y,,Y,,,,
2018,Telstra,-37.228503,143.201073,Y,,Y,,,,
2018,Telstra,-37.22615,147.6117,Y,,Y,,,,
2018,Telstra,-37.225542,144.742789,Y,Y,Y,,,,
2018,Telstra,-37.219509,145.907126,Y,,Y,,Y,,
2018,Telstra,-37.21864,145.70582,Y,,,,,,
2018,Telstra,-37.21786,145.43131,Y,,Y,,,,
2018,Telstra,-37.20944,145.84224,Y,,Y,,,,
2018,Telstra,-37.20813,141.481822,Y,,Y,,,,
2018,Telstra,-37.20701,142.15125,Y,,,,,,
2018,Telstra,-37.20681,145.36667,Y,,,,,,
2018,Telstra,-37.20412,144.66285,Y,,Y,,,,
2018,Telstra,-37.201033,145.04045,Y,,Y,,Y,,
2018,Telstra,-37.19486,149.90004,Y,,Y,,,,
2018,Telstra,-37.190885,144.399028,Y,,Y,,,,
2018,Telstra,-37.18798,145.49011,Y,,Y,,,,
2018,Telstra,-37.18266,145.03352,Y,,Y,,Y,,
2018,Telstra,-37.18172,143.67876,Y,,,,,,
2018,Telstra,-37.17615,139.752584,Y,Y,Y,,Y,,Y
2018,Telstra,-37.1662,148.697798,Y,,Y,,,,
2018,Telstra,-37.1606,141.59013,Y,,Y,,,,
2018,Telstra,-37.156103,142.853483,Y,,Y,,,,
2018,Telstra,-37.1556,145.079637,Y,,Y,,,,
2018,Telstra,-37.15255,144.1759,Y,,Y,,,,
2018,Telstra,-37.146255,146.435127,Y,,Y,,Y,,Y
2018,Telstra,-37.14545,146.44797,Y,,Y,,Y,,
2018,Telstra,-37.14375,141.38547,Y,,Y,,,,
2018,Telstra,-37.1413,146.4401,Y,,Y,,,,
2018,Telstra,-37.141066,147.553902,Y,,Y,,,,
2018,Telstra,-37.135,142.51891,Y,,Y,,,,
2018,Telstra,-37.13212,144.866367,Y,,Y,,,,
2018,Telstra,-37.11889,145.21522,Y,,,,,,
2018,Telstra,-37.11215,146.33985,Y,,,,,,
2018,Telstra,-37.11182,148.89749,Y,,Y,,,,
2018,Telstra,-37.11096,144.33507,Y,,Y,,,,
2018,Telstra,-37.1086977,144.8548063,Y,,Y,,,,
2018,Telstra,-37.1072522,144.0574304,Y,,,,,,
2018,Telstra,-37.10625,145.0831,Y,,Y,,,,
2018,Telstra,-37.10038,143.52275,Y,,Y,,,,
2018,Telstra,-37.09278,146.19819,Y,,Y,,,,
2018,Telstra,-37.0878,143.48315,Y,,Y,,Y,,
2018,Telstra,-37.086814,145.206474,Y,,Y,,,,
2018,Telstra,-37.0831,144.2253,Y,,Y,,Y,,
2018,Telstra,-37.08144,149.69406,Y,,Y,,,,
2018,Telstra,-37.076568,145.57282,Y,,Y,,,,
2018,Telstra,-37.0739,143.7486,Y,,Y,,,,
2018,Telstra,-37.072604,140.111195,Y,,,,,,
2018,Telstra,-37.06717,149.90717,Y,,Y,,Y,,
2018,Telstra,-37.055982,146.089593,Y,,Y,,Y,,
2018,Telstra,-37.05452,144.29139,Y,,,,,,
2018,Telstra,-37.054342,142.788742,Y,Y,Y,,Y,,
2018,Telstra,-37.05239,147.56726,Y,,Y,,,,
2018,Telstra,-37.05216,145.17158,Y,,,,,,
2018,Telstra,-37.051477,147.338151,Y,,,,,,
2018,Telstra,-37.04983,144.20721,Y,,,,,,
2018,Telstra,-37.04944,144.19689,Y,Y,Y,,Y,,
2018,Telstra,-37.04595,143.73642,Y,,Y,,Y,,
2018,Telstra,-37.04468,144.799362,,,,,,,Y
2018,Telstra,-37.042985,145.984839,Y,,Y,,,,
2018,Telstra,-37.037127,145.14557,Y,,Y,,Y,,
2018,Telstra,-37.03657,141.29681,Y,,Y,,,,
2018,Telstra,-37.03389,140.76472,Y,,Y,,,,
2018,Telstra,-37.03268,139.81139,Y,,Y,,Y,,
2018,Telstra,-37.02592,145.86255,Y,,Y,,,,
2018,Telstra,-37.02579,149.821924,Y,,Y,,,,
2018,Telstra,-37.024433,145.13551,Y,,,,,,
2018,Telstra,-37.02193,147.24264,Y,,Y,,,,
2018,Telstra,-37.01993,142.72399,Y,,Y,,,,
2018,Telstra,-37.01434,145.11148,Y,,Y,,,,
2018,Telstra,-37.01162,143.10072,Y,,Y,,,,
2018,Telstra,-37.010947,149.889471,Y,,Y,,,,
2018,Telstra,-37.01042,144.7775,Y,,,,,,
2018,Telstra,-37.00626,141.60484,Y,,Y,,,,
2018,Telstra,-36.99668,144.04992,Y,,Y,,Y,,
2018,Telstra,-36.995803,144.306307,Y,,Y,,,,
2018,Telstra,-36.9956,144.0481,Y,,Y,,,,
2018,Telstra,-36.992097,147.148384,Y,,Y,,Y,,
2018,Telstra,-36.98727,143.3184,Y,,Y,,Y,,
2018,Telstra,-36.9856,145.0289,Y,,Y,,Y,,
2018,Telstra,-36.98521,145.800976,Y,,Y,,,,
2018,Telstra,-36.976944,147.134166,Y,,,,Y,,
2018,Telstra,-36.97671,145.4997,,,Y,,,,
2018,Telstra,-36.974156,141.100287,Y,,Y,,,,
2018,Telstra,-36.97219,142.61321,Y,,,,,,
2018,Telstra,-36.971472,140.740848,Y,,Y,,Y,,
2018,Telstra,-36.97049,143.26341,Y,,,,,,
2018,Telstra,-36.96552,140.37792,Y,,Y,,,,
2018,Telstra,-36.9574,146.23856,Y,,Y,,,,
2018,Telstra,-36.954763,142.14932,Y,,Y,,,,
2018,Telstra,-36.95381,140.73887,Y,,Y,,Y,,
2018,Telstra,-36.95312,147.70267,Y,,Y,,,,
2018,Telstra,-36.94751,139.70167,,,,,Y,,
2018,Telstra,-36.945677,145.217138,Y,,Y,,,,
2018,Telstra,-36.93162,145.674673,Y,,Y,,,,
2018,Telstra,-36.927765,149.647348,,,,,Y,,
2018,Telstra,-36.92578,144.70166,Y,,Y,,Y,,
2018,Telstra,-36.92361,140.72833,Y,,Y,,Y,,
2018,Telstra,-36.921845,149.250906,Y,,Y,,Y,,
2018,Telstra,-36.9078,146.26305,Y,,Y,,,,
2018,Telstra,-36.90621,143.32177,Y,,Y,,,,
2018,Telstra,-36.90493,141.5008,Y,,Y,,,,
2018,Telstra,-36.89998,143.10829,,,,,Y,,
2018,Telstra,-36.899585,147.063213,Y,,Y,,,,
2018,Telstra,-36.88686,149.90849,Y,,Y,,Y,,Y
2018,Telstra,-36.884403,142.401672,Y,,Y,,,,
2018,Telstra,-36.88063,145.280396,Y,,Y,,,,
2018,Telstra,-36.87875,144.70769,Y,,,,,,
2018,Telstra,-36.87103,147.2758,Y,,,,,,
2018,Telstra,-36.869728,145.13534,Y,,Y,,,,
2018,Telstra,-36.86943,149.89693,Y,,Y,,Y,,
2018,Telstra,-36.866027,147.271956,Y,,,,,,
2018,Telstra,-36.86458,147.278604,Y,,,,Y,,
2018,Telstra,-36.857886,143.744119,Y,,Y,,,,
2018,Telstra,-36.85512,144.28882,Y,,,,,,
2018,Telstra,-36.85507,149.91816,Y,,Y,,Y,,
2018,Telstra,-36.851447,144.227963,Y,,Y,,,,
2018,Telstra,-36.85035,145.67319,Y,,,,,,
2018,Telstra,-36.84408,149.388089,,,,,,,Y
2018,Telstra,-36.84232,149.80696,Y,,Y,,,,
2018,Telstra,-36.83205908,145.394818,Y,,Y,,,,
2018,Telstra,-36.83028,139.85528,Y,,Y,,Y,,
2018,Telstra,-36.81801,147.0596,Y,,,,,,
2018,Telstra,-36.81551,143.31016,Y,,Y,,,,
2018,Telstra,-36.81399,144.42722,Y,,,,,,
2018,Telstra,-36.81316,149.28597,,,,,Y,,
2018,Telstra,-36.810312,144.242348,Y,,,,,,Y
2018,Telstra,-36.810147,144.161719,Y,,,,,,
2018,Telstra,-36.80697864,144.3485969,Y,,Y,,,,
2018,Telstra,-36.80333,144.3,Y,Y,Y,,Y,,
2018,Telstra,-36.799049,146.430938,,,,,,,Y
2018,Telstra,-36.794696,144.227571,Y,,Y,,Y,,
2018,Telstra,-36.78617,145.15315,Y,,Y,,,,
2018,Telstra,-36.785,147.1972,Y,,Y,,,,
2018,Telstra,-36.78301,142.903189,Y,,Y,,,,
2018,Telstra,-36.78083,144.24735,Y,,Y,,Y,,
2018,Telstra,-36.77681,144.30351,Y,,,,,,
2018,Telstra,-36.77218,144.35137,Y,,Y,,,,
2018,Telstra,-36.77166,144.30741,Y,,Y,,Y,,
2018,Telstra,-36.77094,143.82447,Y,,,,,,
2018,Telstra,-36.766906,149.700225,Y,,,,,,
2018,Telstra,-36.76465,144.49715,Y,,Y,,,,
2018,Telstra,-36.76438087,145.506399,Y,,Y,,,,
2018,Telstra,-36.76163,144.276188,Y,Y,Y,,Y,,
2018,Telstra,-36.761388,144.276111,,,,,Y,,
2018,Telstra,-36.761118,144.278475,,,,,Y,,
2018,Telstra,-36.76059,144.28005,,,,,Y,,
2018,Telstra,-36.76013,144.28028,,,,,Y,,
2018,Telstra,-36.75891,144.259843,Y,Y,Y,,Y,,
2018,Telstra,-36.75368,144.29576,Y,,Y,,Y,,
2018,Telstra,-36.75084,144.28024,Y,,Y,,Y,,
2018,Telstra,-36.75057,141.83331,Y,,Y,,Y,,
2018,Telstra,-36.74871,144.28338,Y,,,,Y,,
2018,Telstra,-36.743757,142.199834,Y,,,,,,
2018,Telstra,-36.743469,145.573352,Y,,Y,,Y,,
2018,Telstra,-36.741385,144.130865,Y,,Y,,,,
2018,Telstra,-36.7411,144.26003,Y,,Y,,Y,,
2018,Telstra,-36.7364,144.2033,Y,,Y,,,,
2018,Telstra,-36.7355,142.90378,Y,,Y,,,,
2018,Telstra,-36.73458733,144.310887,Y,Y,Y,,Y,,
2018,Telstra,-36.7327778,147.155833,Y,,,,Y,,
2018,Telstra,-36.72905,149.96049,Y,,Y,,Y,,
2018,Telstra,-36.728987,146.11495,Y,,Y,,,,
2018,Telstra,-36.723665,144.243874,Y,Y,Y,,Y,,
2018,Telstra,-36.723048,146.818518,Y,,,,,,
2018,Telstra,-36.72278,143.64639,Y,,Y,,,,
2018,Telstra,-36.7227,142.17313,Y,,Y,,Y,,
2018,Telstra,-36.721665,144.494444,Y,,,,,,
2018,Telstra,-36.717527,145.634792,Y,,,,,,
2018,Telstra,-36.71561,146.97226,Y,Y,Y,,Y,,
2018,Telstra,-36.714338,145.985008,Y,,Y,,,,
2018,Telstra,-36.71355,142.20026,Y,Y,Y,,Y,,
2018,Telstra,-36.71333,140.95444,Y,,,,,,
2018,Telstra,-36.712283,144.273225,Y,Y,Y,,Y,,
2018,Telstra,-36.70821,145.20166,Y,,Y,,,,
2018,Telstra,-36.70694,144.31703,Y,,Y,,Y,,
2018,Telstra,-36.70683,141.473474,Y,,Y,,,,
2018,Telstra,-36.69961,146.31154,Y,,Y,,,,
2018,Telstra,-36.690273,146.419983,Y,,Y,,,,
2018,Telstra,-36.68892,149.85837,Y,,,,Y,,
2018,Telstra,-36.68361,140.64278,Y,,,,,,
2018,Telstra,-36.67638,149.84301,Y,,Y,,Y,,
2018,Telstra,-36.67128,142.87075,Y,,Y,,,,
2018,Telstra,-36.670481,149.8811,Y,,Y,,Y,,
2018,Telstra,-36.669877,142.30342,Y,,,,,,
2018,Telstra,-36.66811,149.555181,Y,,Y,,,,
2018,Telstra,-36.66648,149.733911,Y,,Y,,,,
2018,Telstra,-36.663367,145.728816,Y,,Y,,,,
2018,Telstra,-36.656148,146.875849,Y,,Y,,,,
2018,Telstra,-36.6547,146.681305,Y,,Y,,,,
2018,Telstra,-36.64858,144.3536,Y,,Y,,,,
2018,Telstra,-36.64222,144.44125,Y,,Y,,,,
2018,Telstra,-36.6402,142.62972,Y,,Y,,,,
2018,Telstra,-36.6401,146.20889,Y,,Y,,,,
2018,Telstra,-36.63866,144.00281,Y,,,,,,
2018,Telstra,-36.632,146.17007,,,,,Y,,
2018,Telstra,-36.62949,145.211,Y,,Y,,,,
2018,Telstra,-36.6207,142.477,Y,,Y,,,,
2018,Telstra,-36.610821,143.232796,Y,,Y,,,,
2018,Telstra,-36.608868,146.874727,Y,,Y,,,,
2018,Telstra,-36.60354,140.46801,Y,,Y,,,,
2018,Telstra,-36.5986,145.87158,Y,,Y,,Y,,
2018,Telstra,-36.598423,145.317043,Y,,Y,,,,
2018,Telstra,-36.59784,149.38257,Y,,,,,,
2018,Telstra,-36.59236,145.01576,Y,,Y,,,,
2018,Telstra,-36.58784,142.11524,Y,,Y,,,,
2018,Telstra,-36.58444444,145.9627778,Y,,Y,,Y,,
2018,Telstra,-36.584123,146.719691,Y,,Y,,,,
2018,Telstra,-36.57982,146.38572,Y,,Y,,,,
2018,Telstra,-36.56878,142.89965,Y,,Y,,,,
2018,Telstra,-36.55596,145.97796,Y,Y,Y,,Y,,
2018,Telstra,-36.55516,144.58098,Y,,,,,,
2018,Telstra,-36.548754,142.209544,Y,,Y,,,,
2018,Telstra,-36.5405615,146.7335246,Y,,Y,,Y,,
2018,Telstra,-36.53835,146.10361,Y,,,,,,
2018,Telstra,-36.53528,144.20803,,,,,Y,,
2018,Telstra,-36.53365,147.49785,Y,,Y,,,,
2018,Telstra,-36.53037,149.26223,Y,,Y,,,,
2018,Telstra,-36.524953,146.040788,Y,,Y,,,,
2018,Telstra,-36.522865,143.846088,Y,,Y,,,,
2018,Telstra,-36.51762,147.35302,Y,,Y,,,,
2018,Telstra,-36.51527,144.760787,Y,,Y,,,,
2018,Telstra,-36.50752,145.9756,Y,,Y,,Y,,
2018,Telstra,-36.50527,148.83502,,,,,Y,,
2018,Telstra,-36.50218,146.11177,Y,,Y,,,,
2018,Telstra,-36.50148,148.30996,Y,,Y,,Y,,Y
2018,Telstra,-36.49366,149.82656,Y,,Y,,Y,,
2018,Telstra,-36.4934,148.28776,Y,,Y,,Y,,
2018,Telstra,-36.492393,144.604389,Y,,Y,,,,
2018,Telstra,-36.49041,144.63659,,,Y,,,,
2018,Telstra,-36.487046,142.378249,Y,,Y,,,,
2018,Telstra,-36.48695,146.65653,Y,,,,,,
2018,Telstra,-36.4811,146.2167,Y,,Y,,,,
2018,Telstra,-36.4719,145.3414,Y,,Y,,,,
2018,Telstra,-36.4717,139.84095,Y,,Y,,,,
2018,Telstra,-36.469633,146.572047,Y,,Y,,,,
2018,Telstra,-36.46493,147.2637,Y,,Y,,,,
2018,Telstra,-36.4597,147.04445,Y,,Y,,,,
2018,Telstra,-36.45654,148.47027,Y,,Y,,,,
2018,Telstra,-36.45436,142.73138,Y,,Y,,,,
2018,Telstra,-36.45398,142.58072,Y,,Y,,,,
2018,Telstra,-36.45136,148.61562,,,,,Y,,
2018,Telstra,-36.45133,146.80299,Y,,,,,,
2018,Telstra,-36.45083,146.43015,Y,,,,,,
2018,Telstra,-36.44986,142.04875,Y,,Y,,,,
2018,Telstra,-36.4492,145.2242,Y,,Y,,Y,,
2018,Telstra,-36.44631,145.36474,Y,,Y,,,,
2018,Telstra,-36.44622,145.39114,Y,Y,Y,,Y,,
2018,Telstra,-36.44426,144.98386,Y,,Y,,,,
2018,Telstra,-36.44157,148.44844,Y,,Y,,,,
2018,Telstra,-36.439543,142.243765,Y,,Y,,,,
2018,Telstra,-36.42913,150.08192,Y,,Y,,Y,,
2018,Telstra,-36.42411,148.61593,Y,,Y,,Y,,
2018,Telstra,-36.41589,148.61818,Y,Y,Y,,Y,,
2018,Telstra,-36.415756,146.214762,Y,,Y,,,,
2018,Telstra,-36.40858,143.626147,Y,,Y,,Y,,
2018,Telstra,-36.40549,141.47292,Y,,,,,,
2018,Telstra,-36.40519,148.41413,Y,,Y,,Y,,
2018,Telstra,-36.4048,146.754519,,,,,Y,,
2018,Telstra,-36.40139,140.40222,Y,,Y,,Y,,
2018,Telstra,-36.39932,148.73924,Y,,Y,,,,
2018,Telstra,-36.39888,145.39709,Y,,Y,,Y,,
2018,Telstra,-36.39692,149.88412,Y,,Y,,Y,,
2018,Telstra,-36.395649,145.346503,Y,,Y,,Y,,
2018,Telstra,-36.39427,143.97409,Y,,Y,,,,
2018,Telstra,-36.39091,148.430196,Y,,Y,,,,
2018,Telstra,-36.387,145.4197,Y,,Y,,Y,,
2018,Telstra,-36.386132,141.2482054,Y,,Y,,,,
2018,Telstra,-36.38611,148.39313,Y,,Y,,,,
2018,Telstra,-36.385622,145.30046,Y,,Y,,Y,,
2018,Telstra,-36.384475,146.367193,Y,,Y,,,,
2018,Telstra,-36.380431,145.40011,Y,Y,Y,,Y,,
2018,Telstra,-36.37977,140.58517,Y,,Y,,,,
2018,Telstra,-36.37786,148.375232,,,,,Y,,
2018,Telstra,-36.37326,141.89663,Y,,Y,,,,
2018,Telstra,-36.373088,145.462488,Y,,Y,,Y,,
2018,Telstra,-36.37227,148.846,Y,,Y,,,,
2018,Telstra,-36.37147,144.24581,Y,,Y,,,,
2018,Telstra,-36.37052,145.13258,Y,,Y,,,,
2018,Telstra,-36.36858,142.98209,Y,,Y,,,,
2018,Telstra,-36.36847,146.31137,Y,,Y,,Y,,
2018,Telstra,-36.36421,145.42486,Y,Y,Y,,Y,,
2018,Telstra,-36.36201,145.692868,Y,,Y,,,,
2018,Telstra,-36.3617,144.6989,Y,,Y,,Y,,
2018,Telstra,-36.36139,141.115131,Y,,Y,,,,
2018,Telstra,-36.36049,146.29839,Y,,Y,,Y,,
2018,Telstra,-36.3567,146.7136,Y,,Y,,Y,,
2018,Telstra,-36.35419,146.32726,Y,Y,Y,,Y,,
2018,Telstra,-36.34813902,145.3718623,Y,Y,Y,,Y,,
2018,Telstra,-36.34774,142.68383,Y,,Y,,,,
2018,Telstra,-36.345561,142.53172,Y,,Y,,,,
2018,Telstra,-36.34117,140.94862,Y,,Y,,,,
2018,Telstra,-36.338972,147.089195,Y,,Y,,,,
2018,Telstra,-36.335934,146.836458,Y,,Y,,,,
2018,Telstra,-36.33531,148.66323,Y,,Y,,,,
2018,Telstra,-36.33523,142.22606,Y,,Y,,,,
2018,Telstra,-36.33152,141.64943,Y,,Y,,Y,,
2018,Telstra,-36.331075,146.075432,Y,,,,,,
2018,Telstra,-36.33021,141.69935,Y,,Y,,,,
2018,Telstra,-36.32734,150.024206,Y,,Y,,,,
2018,Telstra,-36.325616,146.300584,Y,,Y,,,,
2018,Telstra,-36.31568,146.523,Y,,Y,,,,
2018,Telstra,-36.31357,150.075577,,,,,Y,,
2018,Telstra,-36.31280561,145.0457901,Y,,Y,,Y,,
2018,Telstra,-36.30583,140.76361,Y,,Y,,,,Y
2018,Telstra,-36.30434,149.78452,Y,,,,,,
2018,Telstra,-36.29824,143.6859,Y,,Y,,,,
2018,Telstra,-36.295695,146.379132,Y,,Y,,,,
2018,Telstra,-36.29402,150.09074,Y,,Y,,,,
2018,Telstra,-36.280225,143.414778,Y,,Y,,,,
2018,Telstra,-36.270275,144.172496,Y,,,,,,
2018,Telstra,-36.26988,143.34854,Y,,,,Y,,
2018,Telstra,-36.2667,144.5334,Y,,,,,,
2018,Telstra,-36.25999,147.06821,Y,,Y,,,,
2018,Telstra,-36.25318,144.94754,Y,,Y,,,,
2018,Telstra,-36.25253,149.07805,Y,,Y,,Y,,
2018,Telstra,-36.2511,142.3956,Y,,Y,,Y,,
2018,Telstra,-36.24989,146.84563,Y,,Y,,,,
2018,Telstra,-36.24604,147.03197,Y,,Y,,,,
2018,Telstra,-36.24269,148.15165,Y,,,,,,
2018,Telstra,-36.238843,146.245098,Y,,Y,,,,
2018,Telstra,-36.23562,145.40444,Y,,Y,,,,
2018,Telstra,-36.23485,149.14091,Y,,Y,,Y,,Y
2018,Telstra,-36.22105,150.13201,Y,,Y,,Y,,
2018,Telstra,-36.213785,147.539728,Y,,Y,,,,
2018,Telstra,-36.21306,144.23139,Y,,,,,,
2018,Telstra,-36.20716,147.12764,Y,,Y,,,,
2018,Telstra,-36.20205,147.32187,Y,,,,,,
2018,Telstra,-36.20019,150.081623,Y,,Y,,,,
2018,Telstra,-36.198672,147.917302,Y,,Y,,,,
2018,Telstra,-36.19132,148.8827,Y,,Y,,Y,,
2018,Telstra,-36.189568,146.497288,Y,,Y,,,,
2018,Telstra,-36.18608,145.11478,Y,,Y,,,,
2018,Telstra,-36.185287,147.976961,Y,,Y,,,,
2018,Telstra,-36.18485,147.77979,,,,,Y,,
2018,Telstra,-36.18188,146.94198,Y,,Y,,Y,,
2018,Telstra,-36.18164,150.11863,Y,,Y,,Y,,
2018,Telstra,-36.17329,140.484,Y,,Y,,,,
2018,Telstra,-36.172277,144.885995,Y,,Y,,,,
2018,Telstra,-36.17027,145.88008,Y,,Y,,,,
2018,Telstra,-36.16793,146.88306,Y,,Y,,,,
2018,Telstra,-36.16291,147.39483,Y,,,,,,
2018,Telstra,-36.14753,144.76794,Y,,,,Y,,
2018,Telstra,-36.147058,146.614352,Y,,Y,,,,
2018,Telstra,-36.146965,144.772351,Y,,,,,,
2018,Telstra,-36.14671,144.74534,Y,,Y,,Y,,
2018,Telstra,-36.14415,142.02396,Y,,Y,,,,
2018,Telstra,-36.14106,144.72815,Y,Y,Y,,Y,,
2018,Telstra,-36.13889,139.66361,Y,,,,,,
2018,Telstra,-36.13417,146.99465,Y,Y,Y,,Y,,
2018,Telstra,-36.13154,149.15659,Y,,Y,,,,
2018,Telstra,-36.131288,146.925271,Y,Y,Y,,Y,,
2018,Telstra,-36.13103,144.75091,Y,Y,Y,,Y,,
2018,Telstra,-36.13043,144.769786,Y,,Y,,Y,,
2018,Telstra,-36.127198,146.85881,Y,,Y,,Y,,
2018,Telstra,-36.12641,143.91701,Y,,,,,,
2018,Telstra,-36.1231,146.887,Y,Y,Y,,Y,,
2018,Telstra,-36.12104,144.7408,Y,,Y,,Y,,
2018,Telstra,-36.121,146.8449,Y,,Y,,,,
2018,Telstra,-36.1165,146.87462,Y,,,,,,
2018,Telstra,-36.112306,143.725738,Y,,Y,,Y,,
2018,Telstra,-36.111125,146.67118,Y,,Y,,,,
2018,Telstra,-36.107452,146.729695,Y,,Y,,,,
2018,Telstra,-36.10698,147.09169,Y,,Y,,,,
2018,Telstra,-36.10696,141.64961,Y,,Y,,,,
2018,Telstra,-36.10692,146.85261,Y,Y,Y,,Y,,
2018,Telstra,-36.103332,144.7534,Y,,Y,,Y,,
2018,Telstra,-36.09639,140.355,Y,,Y,,Y,,
2018,Telstra,-36.093904,145.667287,Y,,Y,,,,
2018,Telstra,-36.090697,145.442959,Y,,Y,,Y,,
2018,Telstra,-36.08873,146.93905,Y,,Y,,Y,,
2018,Telstra,-36.08823,150.05689,Y,,Y,,,,
2018,Telstra,-36.0836,146.88998,Y,,Y,,,,
2018,Telstra,-36.07759,146.91558,Y,,Y,,Y,,
2018,Telstra,-36.07669,143.23427,Y,,Y,,Y,,
2018,Telstra,-36.076049,146.448909,Y,,Y,,Y,,Y
2018,Telstra,-36.07316,144.69687,Y,,Y,,Y,,
2018,Telstra,-36.0605,145.2046,Y,,Y,,Y,,
2018,Telstra,-36.06008,146.948927,Y,,Y,,Y,,
2018,Telstra,-36.05966,150.12961,Y,,Y,,Y,,
2018,Telstra,-36.05159,146.93363,Y,Y,Y,,Y,,
2018,Telstra,-36.051456,144.112574,Y,,Y,,,,
2018,Telstra,-36.04924,147.931358,,,,,Y,,
2018,Telstra,-36.043234,146.993627,Y,,Y,,Y,,
2018,Telstra,-36.04041,146.91902,Y,Y,Y,,Y,,
2018,Telstra,-36.035262,146.157769,Y,,Y,,,,
2018,Telstra,-36.022273,144.604306,Y,,Y,,,,
2018,Telstra,-36.02227,148.74114,Y,,Y,,,,
2018,Telstra,-36.02001,146.96186,Y,,Y,,Y,,
2018,Telstra,-36.015762,144.968942,Y,,Y,,Y,,
2018,Telstra,-36.01398,144.45726,Y,,Y,,,,
2018,Telstra,-36.01051,146.404413,Y,,Y,,,,
2018,Telstra,-36.010098,146.00521,Y,Y,Y,,Y,,Y
2018,Telstra,-36.00778,140.33639,Y,,Y,,,,
2018,Telstra,-35.9973283,145.830813,Y,,Y,,,,
2018,Telstra,-35.99704,142.40601,Y,,Y,,,,
2018,Telstra,-35.9969,146.39074,Y,,Y,,Y,,
2018,Telstra,-35.99641,148.77434,,,,,Y,,
2018,Telstra,-35.98955,146.00208,Y,,Y,,Y,,
2018,Telstra,-35.98832,149.15064,Y,,,,,,
2018,Telstra,-35.98784,150.075899,Y,,Y,,,,
2018,Telstra,-35.98095,142.91704,Y,,Y,,,,
2018,Telstra,-35.97972,146.640448,Y,,Y,,Y,,
2018,Telstra,-35.953394,146.888213,Y,,Y,,,,
2018,Telstra,-35.93746833,140.1320133,Y,,Y,,,,
2018,Telstra,-35.93234,147.74182,Y,,,,,,
2018,Telstra,-35.93018,148.38045,Y,,,,,,
2018,Telstra,-35.92863,145.23193,Y,,Y,,,,
2018,Telstra,-35.92861,147.10117,Y,,Y,,,,
2018,Telstra,-35.9284,145.4779,Y,,Y,,,,
2018,Telstra,-35.92627,145.350381,Y,,Y,,,,
2018,Telstra,-35.920599,145.64861,Y,Y,Y,,Y,,
2018,Telstra,-35.92014,150.13487,Y,,Y,,Y,,
2018,Telstra,-35.91778,136.80861,Y,,Y,,,,
2018,Telstra,-35.91135,150.07851,Y,,Y,,Y,,
2018,Telstra,-35.90659,148.46029,Y,,,,,,
2018,Telstra,-35.90636,144.29699,Y,,Y,,,,
2018,Telstra,-35.903357,145.690268,Y,,Y,,,,
2018,Telstra,-35.88723,140.05851,Y,,Y,,,,
2018,Telstra,-35.88142,141.99154,Y,,Y,,,,
2018,Telstra,-35.86481,147.06635,Y,,Y,,,,
2018,Telstra,-35.859924,139.399953,Y,,Y,,,,
2018,Telstra,-35.84394,137.15288,Y,,Y,,,,
2018,Telstra,-35.83889256,143.5060553,Y,,Y,,,,
2018,Telstra,-35.83346,146.805082,Y,,Y,,,,
2018,Telstra,-35.82722,150.17007,Y,Y,Y,,Y,,
2018,Telstra,-35.81988,144.2331,Y,,Y,,Y,,
2018,Telstra,-35.812888,145.578207,Y,,Y,,Y,,
2018,Telstra,-35.80898,149.14989,Y,,,,,,
2018,Telstra,-35.80208,147.25395,Y,,Y,,,,
2018,Telstra,-35.80026,144.90042,Y,,,,,,
2018,Telstra,-35.79958,144.21602,Y,,,,,,
2018,Telstra,-35.79898,150.2216,Y,,Y,,Y,,
2018,Telstra,-35.79606,150.005389,Y,,Y,,,,
2018,Telstra,-35.79309,150.133597,Y,,Y,,,,
2018,Telstra,-35.78853,137.2449,Y,,Y,,,,
2018,Telstra,-35.78288,144.59463,Y,,Y,,,,
2018,Telstra,-35.77471,148.04073,Y,,Y,,,,
2018,Telstra,-35.774376,140.013145,Y,,Y,,,,
2018,Telstra,-35.773772,137.553967,Y,,Y,,,,
2018,Telstra,-35.76386,146.9029,Y,,Y,,,,
2018,Telstra,-35.763,150.1946,Y,,Y,,Y,,
2018,Telstra,-35.74099,149.14894,Y,,,,,,
2018,Telstra,-35.73354,143.9213,Y,,Y,,Y,,
2018,Telstra,-35.73167,137.91778,Y,,Y,,Y,,
2018,Telstra,-35.72994,150.18657,Y,,Y,,Y,,Y
2018,Telstra,-35.72262,147.31539,Y,,Y,,,,
2018,Telstra,-35.72152,146.59018,Y,,Y,,,,
2018,Telstra,-35.72152,142.36735,Y,,Y,,,,
2018,Telstra,-35.7196,137.93841,Y,,,,,,
2018,Telstra,-35.71832,150.17433,Y,,Y,,Y,,Y
2018,Telstra,-35.71447,150.18454,Y,,Y,,Y,,
2018,Telstra,-35.71279,143.108903,Y,,Y,,,,
2018,Telstra,-35.69582,150.21714,Y,,Y,,Y,,
2018,Telstra,-35.695421,139.856002,Y,,Y,,,,
2018,Telstra,-35.69417,139.33389,Y,,,,,,
2018,Telstra,-35.69323,146.72272,,,Y,,,,
2018,Telstra,-35.691643,142.662005,Y,,Y,,,,
2018,Telstra,-35.686693,147.373913,Y,,Y,,,,
2018,Telstra,-35.67593,143.37452,Y,,Y,,,,
2018,Telstra,-35.675,139.65028,Y,,Y,,,,
2018,Telstra,-35.66851,147.036739,Y,,Y,,,,
2018,Telstra,-35.65959,145.81092,Y,,Y,,Y,,
2018,Telstra,-35.65601,150.28803,Y,,Y,,Y,,
2018,Telstra,-35.65592,137.6383,Y,,Y,,Y,,
2018,Telstra,-35.6523,150.159268,Y,,Y,,,,
2018,Telstra,-35.65075,149.8121,Y,,Y,,,,
2018,Telstra,-35.64082,145.57739,Y,,Y,,,,
2018,Telstra,-35.63824,145.51045,Y,,Y,,,,
2018,Telstra,-35.63667,137.5225,Y,,Y,,,,
2018,Telstra,-35.6342,144.1231,Y,,Y,,Y,,
2018,Telstra,-35.60611,138.16028,Y,,Y,,,,
2018,Telstra,-35.597473,149.441596,Y,,Y,,,,
2018,Telstra,-35.59543,145.31925,Y,,Y,,,,
2018,Telstra,-35.58996,147.50877,Y,,Y,,,,
2018,Telstra,-35.58754,143.75518,Y,,Y,,,,
2018,Telstra,-35.58711,148.303538,Y,,Y,,,,
2018,Telstra,-35.57691,138.58368,Y,,Y,,Y,,
2018,Telstra,-35.567356,149.177812,Y,,Y,,,,
2018,Telstra,-35.56449,150.273879,Y,,,,,,
2018,Telstra,-35.56183,146.16279,Y,,Y,,Y,,
2018,Telstra,-35.55824,138.59948,Y,,Y,,Y,,
2018,Telstra,-35.553284,138.622505,Y,,Y,,Y,,Y
2018,Telstra,-35.54722,138.22444,Y,,Y,,,,
2018,Telstra,-35.54556,148.1994,Y,,,,,,
2018,Telstra,-35.542745,138.594991,Y,,,,,,
2018,Telstra,-35.535504,138.639562,Y,,Y,,Y,,
2018,Telstra,-35.530769,144.965262,Y,Y,Y,,Y,,
2018,Telstra,-35.52863,138.67439,Y,,Y,,Y,,Y
2018,Telstra,-35.52642,147.03898,Y,,Y,,,,
2018,Telstra,-35.525115,143.939184,Y,,Y,,,,
2018,Telstra,-35.52353,147.59257,Y,,Y,,,,
2018,Telstra,-35.51664,139.36848,Y,,Y,,,,
2018,Telstra,-35.50945,139.75862,Y,,Y,,,,
2018,Telstra,-35.50885,138.81685,Y,,Y,,Y,,
2018,Telstra,-35.50832,138.24719,Y,,Y,,,,
2018,Telstra,-35.50582,138.72278,Y,,Y,,Y,,
2018,Telstra,-35.5051,144.75184,Y,,Y,,,,
2018,Telstra,-35.50461,138.64724,Y,,Y,,,,
2018,Telstra,-35.50375,142.85097,Y,,,,,,
2018,Telstra,-35.503689,138.772531,Y,,Y,,Y,,
2018,Telstra,-35.50294,138.25357,,,Y,,,,
2018,Telstra,-35.4943,138.45738,,,,,Y,,
2018,Telstra,-35.49362,149.93059,Y,,,,,,
2018,Telstra,-35.489332,148.140633,Y,,Y,,,,
2018,Telstra,-35.48485,147.76071,,,,,Y,,
2018,Telstra,-35.48028,138.28778,Y,,Y,,Y,,
2018,Telstra,-35.470793,143.264055,Y,,Y,,,,
2018,Telstra,-35.469042,149.089205,Y,,Y,,,,
2018,Telstra,-35.46862,143.6516,Y,,,,Y,,
2018,Telstra,-35.46778,138.38278,Y,,Y,,,,
2018,Telstra,-35.46732,144.38972,Y,,Y,,,,
2018,Telstra,-35.46361,138.62647,Y,,Y,,,,
2018,Telstra,-35.46172,149.14687,Y,,,,,,
2018,Telstra,-35.45908,149.08975,Y,,Y,,,,
2018,Telstra,-35.45887,147.041842,Y,,Y,,,,
2018,Telstra,-35.45785,138.350173,,,Y,,,,
2018,Telstra,-35.45483,149.7694,Y,,Y,,Y,,
2018,Telstra,-35.452276,150.320499,Y,,Y,,,,
2018,Telstra,-35.43717,149.08199,Y,,Y,,Y,,
2018,Telstra,-35.43583,149.12441,Y,,Y,,,,
2018,Telstra,-35.427071,147.62846,Y,,Y,,,,
2018,Telstra,-35.42054,149.10245,Y,,Y,,,,
2018,Telstra,-35.420125,149.063657,Y,,,,,,
2018,Telstra,-35.41987,138.32726,Y,,Y,,Y,,
2018,Telstra,-35.419442,149.153889,Y,Y,Y,,Y,,
2018,Telstra,-35.41942,149.064412,Y,,,,Y,,
2018,Telstra,-35.41924,149.06948,Y,,,,,,
2018,Telstra,-35.41775,149.24243,Y,,,,,,
2018,Telstra,-35.41764,149.06879,Y,Y,Y,,Y,,
2018,Telstra,-35.41561,145.700373,Y,,Y,,,,
2018,Telstra,-35.41534,149.06635,Y,,,,,,
2018,Telstra,-35.41472,138.49389,Y,,Y,,,,
2018,Telstra,-35.41396,149.06376,Y,,,,,,
2018,Telstra,-35.40528,138.63083,Y,,Y,,,,
2018,Telstra,-35.40371,149.09344,Y,,,,Y,,
2018,Telstra,-35.40198,149.38164,Y,,,,,,
2018,Telstra,-35.40075,138.96832,Y,,Y,,Y,,
2018,Telstra,-35.39251,149.17081,Y,,Y,,,,
2018,Telstra,-35.39039,149.06332,Y,,Y,,Y,,
2018,Telstra,-35.38883,138.46545,,,,,Y,,
2018,Telstra,-35.385691,142.434161,Y,,Y,,,,
2018,Telstra,-35.38559,149.03806,Y,,Y,,,,
2018,Telstra,-35.38264,149.19955,Y,,Y,,Y,,
2018,Telstra,-35.38162,140.161524,,,,,Y,,
2018,Telstra,-35.38121,142.19048,Y,,Y,,,,
2018,Telstra,-35.38077,149.12527,Y,Y,Y,,Y,,
2018,Telstra,-35.37362,149.21536,Y,Y,Y,,Y,,
2018,Telstra,-35.37078,147.21432,Y,,Y,,,,
2018,Telstra,-35.37046,149.09531,Y,,Y,,Y,,
2018,Telstra,-35.36988,150.45101,Y,,Y,,Y,,Y
2018,Telstra,-35.36059,148.21617,Y,,Y,,,,
2018,Telstra,-35.35948,145.72496,Y,,Y,,Y,,
2018,Telstra,-35.359451,150.472947,,,,,,,Y
2018,Telstra,-35.35354,150.352357,Y,,Y,,,,
2018,Telstra,-35.35333,138.75083,Y,,Y,,,,
2018,Telstra,-35.3526,142.76814,Y,,,,,,
2018,Telstra,-35.3522,149.23214,Y,,Y,,Y,,
2018,Telstra,-35.35163,149.20902,Y,,Y,,Y,,
2018,Telstra,-35.35107,149.09009,Y,,Y,,Y,,
2018,Telstra,-35.35099,149.21711,Y,,Y,,Y,,
2018,Telstra,-35.34886,150.47247,Y,,Y,,Y,,Y
2018,Telstra,-35.34873,150.4533,Y,,Y,,Y,,
2018,Telstra,-35.34618,149.08573,Y,,,,Y,,
2018,Telstra,-35.34565,149.10118,Y,Y,Y,,Y,,
2018,Telstra,-35.34565,149.10118,Y,,,,,,
2018,Telstra,-35.34513,149.13476,Y,,Y,,Y,,
2018,Telstra,-35.34491,149.08522,Y,Y,Y,,Y,,Y
2018,Telstra,-35.343991,139.964914,Y,,Y,,,,
2018,Telstra,-35.34316,149.04923,Y,,Y,,Y,,
2018,Telstra,-35.34298,149.123754,,Y,,,,,
2018,Telstra,-35.341988,139.402607,Y,,Y,,,,
2018,Telstra,-35.34167,149.24642,Y,,Y,,Y,,
2018,Telstra,-35.33962,149.06849,Y,Y,Y,,Y,,
2018,Telstra,-35.33762,149.14926,Y,,Y,,Y,,
2018,Telstra,-35.3369,149.29743,Y,,Y,,,,
2018,Telstra,-35.336731,143.559342,Y,Y,Y,,Y,,
2018,Telstra,-35.33516,149.17662,Y,Y,Y,,Y,,Y
2018,Telstra,-35.33389,138.6,Y,,Y,,,,
2018,Telstra,-35.33145,149.02533,Y,,Y,,Y,,
2018,Telstra,-35.33076,138.50138,Y,,Y,,Y,,
2018,Telstra,-35.33062,138.45551,Y,,Y,,Y,,
2018,Telstra,-35.329505,149.055327,Y,,,,,,
2018,Telstra,-35.329505,149.055327,Y,,,,,,
2018,Telstra,-35.328635,146.264562,Y,,Y,,Y,,
2018,Telstra,-35.32861,140.51278,Y,,Y,,Y,,
2018,Telstra,-35.3255,149.09699,Y,Y,Y,,Y,,
2018,Telstra,-35.32395,149.15885,Y,Y,Y,,Y,,
2018,Telstra,-35.32218,149.13664,Y,Y,Y,,Y,,
2018,Telstra,-35.32164,150.46275,Y,,Y,,Y,,Y
2018,Telstra,-35.32108,149.115,Y,,Y,,Y,,
2018,Telstra,-35.31908,147.677555,Y,,Y,,,,
2018,Telstra,-35.31755,138.63332,,,,,Y,,
2018,Telstra,-35.3155,149.12973,Y,,,,,,
2018,Telstra,-35.31337,149.1298,Y,,,,Y,,Y
2018,Telstra,-35.31319,149.39751,Y,,Y,,,,
2018,Telstra,-35.313118,149.130697,Y,,,,,,
2018,Telstra,-35.31029,149.117116,,,,,Y,,
2018,Telstra,-35.31013,149.18634,Y,Y,Y,,Y,,Y
2018,Telstra,-35.30997,149.12292,Y,Y,,,Y,,
2018,Telstra,-35.30904,149.1355,Y,,Y,,Y,,
2018,Telstra,-35.30853,149.1339,Y,Y,Y,,Y,,
2018,Telstra,-35.30764,149.132533,Y,,,,,,
2018,Telstra,-35.307342,145.180336,Y,,Y,,,,
2018,Telstra,-35.3062,148.21347,Y,,Y,,Y,,Y
2018,Telstra,-35.30488,149.13559,Y,,,,,,
2018,Telstra,-35.30477,148.09464,Y,,Y,,Y,,
2018,Telstra,-35.3045,149.09236,Y,,Y,,Y,,
2018,Telstra,-35.303541,149.030016,Y,,Y,,Y,,
2018,Telstra,-35.30194,139.02861,Y,,Y,,,,
2018,Telstra,-35.30179,149.13368,Y,,,,Y,,
2018,Telstra,-35.30022,149.12512,Y,,,,,,
2018,Telstra,-35.29889,149.1284,Y,,,,,,
2018,Telstra,-35.29865,149.13136,Y,Y,Y,,Y,,
2018,Telstra,-35.29805,149.15916,Y,Y,Y,,Y,,
2018,Telstra,-35.29717,149.18635,Y,,Y,,Y,,
2018,Telstra,-35.29415,147.08975,Y,,Y,,,,
2018,Telstra,-35.285,149.12294,Y,,,,Y,,
2018,Telstra,-35.28259,149.13352,Y,Y,Y,,Y,,Y
2018,Telstra,-35.28046,149.11537,Y,,Y,,Y,,Y
2018,Telstra,-35.2803,149.1335,Y,,,,Y,,
2018,Telstra,-35.27984,149.12619,Y,Y,Y,,Y,,Y
2018,Telstra,-35.27972,136.93944,Y,,Y,,,,
2018,Telstra,-35.277114,138.469975,Y,,Y,,Y,,
2018,Telstra,-35.27689,149.12817,Y,,,,,,
2018,Telstra,-35.27688,149.13138,Y,,,,,,
2018,Telstra,-35.27625,149.131228,Y,,,,Y,,Y
2018,Telstra,-35.275779,149.127542,Y,,Y,,Y,,Y
2018,Telstra,-35.27565,149.09763,Y,,,,,,
2018,Telstra,-35.27275,138.57114,Y,,Y,,Y,,
2018,Telstra,-35.27224,138.44565,Y,,Y,,,,
2018,Telstra,-35.272134,147.115873,Y,,Y,,,,
2018,Telstra,-35.27105,149.13258,Y,,Y,,Y,,Y
2018,Telstra,-35.26984,149.15016,Y,Y,Y,,Y,,Y
2018,Telstra,-35.26113,141.18317,Y,,Y,,,,
2018,Telstra,-35.258519,149.047173,Y,,,,Y,,
2018,Telstra,-35.258298,149.131561,Y,,Y,,Y,,
2018,Telstra,-35.25695,149.56734,Y,,Y,,,,
2018,Telstra,-35.25687,150.50472,Y,,Y,,Y,,
2018,Telstra,-35.25639,139.46944,Y,,Y,,Y,,
2018,Telstra,-35.25576,149.15929,Y,Y,Y,,Y,,
2018,Telstra,-35.255,140.89944,Y,,Y,,Y,,
2018,Telstra,-35.25464,139.45373,,,Y,,,,
2018,Telstra,-35.25381,149.09135,Y,,,,Y,,
2018,Telstra,-35.25356,149.081,Y,,Y,,Y,,
2018,Telstra,-35.25221,142.67317,Y,,Y,,,,
2018,Telstra,-35.25,138.89861,Y,,Y,,Y,,
2018,Telstra,-35.24926,149.13489,Y,,Y,,Y,,
2018,Telstra,-35.24876,149.10235,Y,Y,Y,,Y,,
2018,Telstra,-35.2485,149.07277,Y,,Y,,Y,,
2018,Telstra,-35.2478,149.4521,Y,,Y,,,,
2018,Telstra,-35.24769,148.97268,Y,,Y,,,,
2018,Telstra,-35.246838,149.682574,Y,,,,,,
2018,Telstra,-35.24522,150.43796,Y,,Y,,Y,,
2018,Telstra,-35.24467,149.06495,Y,,Y,,Y,,
2018,Telstra,-35.2444,136.97504,Y,,Y,,,,
2018,Telstra,-35.24429,144.20587,Y,,Y,,,,
2018,Telstra,-35.24196,149.05699,Y,,Y,,Y,,
2018,Telstra,-35.24143,149.02622,Y,,Y,,Y,,
2018,Telstra,-35.24037,149.06823,Y,,,,,,
2018,Telstra,-35.24028,149.06611,Y,,,,Y,,
2018,Telstra,-35.23997,149.14897,Y,,Y,,Y,,
2018,Telstra,-35.23909,149.06506,Y,,,,Y,,
2018,Telstra,-35.23827,138.65334,Y,,Y,,,,
2018,Telstra,-35.23732,149.18236,Y,,,,,,
2018,Telstra,-35.23686,149.08314,Y,Y,Y,,Y,,Y
2018,Telstra,-35.23425,141.37771,Y,,Y,,,,
2018,Telstra,-35.23131,149.04806,Y,,Y,,Y,,
2018,Telstra,-35.22972,144.39361,Y,,,,,,
2018,Telstra,-35.2297,149.14611,Y,Y,Y,,Y,,
2018,Telstra,-35.22786,149.2482,Y,,Y,,,,
2018,Telstra,-35.22664,149.10429,Y,,Y,,Y,,
2018,Telstra,-35.22631,149.02374,Y,Y,Y,,Y,,
2018,Telstra,-35.22599,146.716583,Y,,Y,,,,
2018,Telstra,-35.22194,138.545,Y,,Y,,Y,,
2018,Telstra,-35.21967,149.13735,Y,,Y,,Y,,
2018,Telstra,-35.21723,138.48227,Y,,Y,,Y,,
2018,Telstra,-35.21565,147.82654,Y,,Y,,,,
2018,Telstra,-35.21473,147.52301,Y,,Y,,,,
2018,Telstra,-35.2138,149.05316,Y,,Y,,Y,,
2018,Telstra,-35.2114,144.8175,Y,,Y,,,,
2018,Telstra,-35.208943,149.088472,Y,,Y,,Y,,
2018,Telstra,-35.20779,149.11425,Y,,Y,,Y,,
2018,Telstra,-35.20259,149.02603,Y,,Y,,Y,,
2018,Telstra,-35.199019,149.0554,Y,Y,Y,,Y,,
2018,Telstra,-35.19651,138.55257,Y,,Y,,Y,,
2018,Telstra,-35.19539,138.59704,Y,,Y,,Y,,
2018,Telstra,-35.1929,147.2466,,,Y,,,,
2018,Telstra,-35.19056,138.48389,Y,,Y,,Y,,
2018,Telstra,-35.18994,149.11268,Y,,Y,,Y,,
2018,Telstra,-35.18986,138.83687,Y,,Y,,,,
2018,Telstra,-35.188526,147.309385,Y,,Y,,,,
2018,Telstra,-35.187233,143.37666,Y,,Y,,Y,,
2018,Telstra,-35.18705,142.95035,Y,,Y,,,,
2018,Telstra,-35.18461,149.15508,Y,,Y,,Y,,
2018,Telstra,-35.18324,149.0504,Y,,Y,,Y,,
2018,Telstra,-35.18056,138.78389,Y,,Y,,,,
2018,Telstra,-35.17995,149.13363,Y,,Y,,Y,,
2018,Telstra,-35.177984,149.097553,Y,,Y,,Y,,
2018,Telstra,-35.17493,149.07868,Y,,Y,,,,
2018,Telstra,-35.171153,141.820356,Y,,Y,,,,
2018,Telstra,-35.17042,138.47997,Y,,,,,,
2018,Telstra,-35.169899,144.698542,Y,,,,,,
2018,Telstra,-35.16911,147.364,Y,Y,Y,,Y,,
2018,Telstra,-35.16753,150.578643,Y,,Y,,Y,,Y
2018,Telstra,-35.16624,138.51413,Y,,Y,,,,
2018,Telstra,-35.16551,150.44529,Y,,Y,,,,
2018,Telstra,-35.16156,149.113,Y,,Y,,Y,,
2018,Telstra,-35.15755,147.33212,Y,,Y,,,,
2018,Telstra,-35.15754,138.62351,Y,,Y,,,,
2018,Telstra,-35.15728,149.13846,Y,Y,Y,,Y,,
2018,Telstra,-35.15687,147.551,Y,,Y,,,,
2018,Telstra,-35.156792,142.51882,Y,,Y,,,,
2018,Telstra,-35.15427,138.52617,Y,,Y,,Y,,
2018,Telstra,-35.15425,147.39013,Y,Y,Y,,Y,,
2018,Telstra,-35.150311,149.289271,Y,,Y,,,,
2018,Telstra,-35.14974,138.65969,,,,,Y,,
2018,Telstra,-35.14914,147.46687,Y,Y,Y,,Y,,
2018,Telstra,-35.1483,148.227721,,,,,Y,,
2018,Telstra,-35.14684,149.08902,Y,,,,,,
2018,Telstra,-35.14524,138.49408,Y,,Y,,Y,,
2018,Telstra,-35.14147,149.14967,Y,,Y,,,,
2018,Telstra,-35.13992,138.47237,Y,,Y,,Y,,
2018,Telstra,-35.13944,138.49083,Y,,Y,,,,
2018,Telstra,-35.1387,139.285,Y,,Y,,Y,,
2018,Telstra,-35.13806,138.51111,Y,,Y,,Y,,
2018,Telstra,-35.137809,147.997698,Y,,Y,,,,
2018,Telstra,-35.13565,138.53746,Y,,Y,,,,
2018,Telstra,-35.13388,139.21874,Y,Y,Y,,,,Y
2018,Telstra,-35.133736,142.024164,Y,,,,,,
2018,Telstra,-35.13246,147.37238,Y,,Y,,Y,,
2018,Telstra,-35.13228,147.34101,Y,Y,Y,,Y,,
2018,Telstra,-35.12574,139.17773,Y,,,,,,
2018,Telstra,-35.12452,138.52263,Y,,Y,,Y,,
2018,Telstra,-35.12423,138.47296,Y,,Y,,,,
2018,Telstra,-35.12331,138.55297,Y,,Y,,,,
2018,Telstra,-35.1221,150.07516,Y,,Y,,,,
2018,Telstra,-35.12137,138.49183,Y,,Y,,Y,,
2018,Telstra,-35.11996,139.27218,Y,,Y,,Y,,
2018,Telstra,-35.118177,139.294206,Y,,Y,,Y,,
2018,Telstra,-35.1181,147.35757,Y,,,,Y,,
2018,Telstra,-35.11778,139.07444,Y,,Y,,Y,,
2018,Telstra,-35.11642,147.36969,Y,Y,Y,,Y,,
2018,Telstra,-35.11483,147.3497,Y,,Y,,Y,,
2018,Telstra,-35.11474,147.303786,Y,,Y,,Y,,
2018,Telstra,-35.112859,138.807213,Y,,Y,,,,
2018,Telstra,-35.11278,138.9675,Y,,Y,,,,
2018,Telstra,-35.11222,138.50194,Y,,Y,,Y,,
2018,Telstra,-35.11031,149.37412,Y,,Y,,,,
2018,Telstra,-35.10984,138.54705,Y,,Y,,Y,,
2018,Telstra,-35.10947,137.526396,Y,,Y,,,,
2018,Telstra,-35.10907,146.7906,Y,,Y,,,,
2018,Telstra,-35.1089,148.69764,Y,,Y,,,,
2018,Telstra,-35.10635,147.37102,Y,,Y,,Y,,
2018,Telstra,-35.10553,138.52181,Y,,,,,,
2018,Telstra,-35.10528,138.59167,Y,,Y,,,,
2018,Telstra,-35.10518,138.62503,Y,,Y,,,,
2018,Telstra,-35.10108,150.63552,Y,,Y,,Y,,
2018,Telstra,-35.09944,139.89944,Y,,,,,,
2018,Telstra,-35.09888,150.62177,Y,,Y,,Y,,Y
2018,Telstra,-35.09834,139.31643,Y,,Y,,Y,,
2018,Telstra,-35.097338,149.050497,Y,,Y,,,,
2018,Telstra,-35.09652,138.49035,Y,,Y,,,,
2018,Telstra,-35.0952,138.55264,Y,,Y,,Y,,
2018,Telstra,-35.09444,138.5325,Y,,,,Y,,
2018,Telstra,-35.08982,138.85921,Y,,Y,,Y,,
2018,Telstra,-35.08848,144.03518,Y,,Y,,,,
2018,Telstra,-35.08505,150.67845,Y,,Y,,Y,,Y
2018,Telstra,-35.085,137.72583,Y,,,,Y,,
2018,Telstra,-35.08344,138.54522,Y,,Y,,Y,,
2018,Telstra,-35.08045,138.5726,Y,,Y,,Y,,
2018,Telstra,-35.07811,147.40044,Y,,Y,,,,
2018,Telstra,-35.07667,138.51889,Y,,Y,,Y,,
2018,Telstra,-35.0762,138.59172,Y,,Y,,Y,,
2018,Telstra,-35.07448,138.87586,Y,,Y,,Y,,
2018,Telstra,-35.072446,144.337786,Y,,,,,,
2018,Telstra,-35.07158,142.31179,Y,,Y,,,,
2018,Telstra,-35.06801,149.66103,Y,,Y,,,,
2018,Telstra,-35.0671,138.86091,Y,,Y,,Y,,
2018,Telstra,-35.06667,138.92139,Y,,Y,,,,
2018,Telstra,-35.06528,138.55556,Y,,Y,,Y,,
2018,Telstra,-35.06363,138.85955,Y,,,,Y,,
2018,Telstra,-35.06361,138.65222,Y,,Y,,,,
2018,Telstra,-35.06304,150.55438,Y,,Y,,Y,,
2018,Telstra,-35.06199,147.35947,Y,,Y,,,,
2018,Telstra,-35.06111,138.58389,Y,,Y,,Y,,
2018,Telstra,-35.06083,138.621,Y,,Y,,,,
2018,Telstra,-35.06,148.109135,Y,,Y,,Y,,
2018,Telstra,-35.05859,144.9485,Y,,,,,,
2018,Telstra,-35.05496,146.16977,Y,,Y,,,,
2018,Telstra,-35.05477,138.5456,Y,,Y,,,,
2018,Telstra,-35.0547,143.33,Y,,Y,,,,
2018,Telstra,-35.0539,142.8914,Y,,Y,,,,
2018,Telstra,-35.05361,138.51166,Y,,Y,,Y,,
2018,Telstra,-35.05278,138.86806,Y,,Y,,Y,,
2018,Telstra,-35.05167,138.57444,Y,,Y,,,,
2018,Telstra,-35.05165,147.724765,,,,,Y,,
2018,Telstra,-35.0461,138.6982567,Y,,Y,,,,
2018,Telstra,-35.04398,138.53061,Y,,Y,,,,
2018,Telstra,-35.04301,138.7662,Y,,Y,,,,
2018,Telstra,-35.04137,116.921353,Y,,Y,,,,
2018,Telstra,-35.0388,138.56002,Y,,Y,,,,
2018,Telstra,-35.03707,137.72959,,,,,Y,,
2018,Telstra,-35.03687,138.62739,Y,,Y,,,,
2018,Telstra,-35.03669,138.911411,,,Y,,,,
2018,Telstra,-35.03434,117.59775,Y,,Y,,Y,,
2018,Telstra,-35.03405,150.65712,Y,,Y,,Y,,
2018,Telstra,-35.03103,149.29255,Y,,,,,,
2018,Telstra,-35.03103,138.63795,,Y,Y,,,,
2018,Telstra,-35.03095,138.56563,Y,,,,,,
2018,Telstra,-35.03011,138.61927,Y,,Y,,Y,,
2018,Telstra,-35.02998,138.54176,Y,,Y,,Y,,
2018,Telstra,-35.02975,117.91494,Y,Y,Y,,Y,,
2018,Telstra,-35.02972,142.645,Y,,,,,,
2018,Telstra,-35.02922,138.59839,Y,,Y,,Y,,
2018,Telstra,-35.02914,138.80847,,,Y,,,,
2018,Telstra,-35.02527,138.57242,Y,,Y,,Y,,
2018,Telstra,-35.0242,138.80015,Y,,Y,,Y,,
2018,Telstra,-35.02351,117.88458,Y,,Y,,Y,,
2018,Telstra,-35.02293,138.52371,Y,,Y,,Y,,
2018,Telstra,-35.02231,138.91536,Y,,Y,,Y,,
2018,Telstra,-35.02197,149.87236,Y,,Y,,,,
2018,Telstra,-35.02028,138.61417,Y,,Y,,Y,,
2018,Telstra,-35.01939,138.56582,Y,,Y,,Y,,
2018,Telstra,-35.01879,150.82464,Y,,Y,,Y,,
2018,Telstra,-35.01815,138.52219,Y,,,,Y,,
2018,Telstra,-35.01784,117.87085,Y,Y,Y,,Y,,
2018,Telstra,-35.0175,137.60528,Y,,Y,,Y,,
2018,Telstra,-35.01745,138.51208,Y,,,,Y,,
2018,Telstra,-35.01571,138.54628,Y,,,,Y,,
2018,Telstra,-35.01571,138.54628,Y,,Y,,Y,,
2018,Telstra,-35.01544,147.07228,,,Y,,,,
2018,Telstra,-35.015,138.57125,Y,,Y,,Y,,
2018,Telstra,-35.01131,138.67161,Y,,Y,,,,
2018,Telstra,-35.01055,138.55887,Y,,Y,,Y,,
2018,Telstra,-35.00848,117.72689,Y,,Y,,,,
2018,Telstra,-35.0075,138.69944,Y,,Y,,Y,,
2018,Telstra,-35.00647,138.60079,Y,,Y,,,,
2018,Telstra,-35.00472,138.74111,Y,,Y,,Y,,
2018,Telstra,-35.00417,138.57389,Y,,Y,,Y,,
2018,Telstra,-35.00378,138.7851,Y,,,,,,
2018,Telstra,-35.00299,117.902759,Y,,Y,,Y,,
2018,Telstra,-35.002385,149.024605,Y,,Y,,Y,,
2018,Telstra,-35.00043,138.5908,Y,,Y,,Y,,
2018,Telstra,-34.99992,148.12878,Y,,Y,,,,
2018,Telstra,-34.99889,138.54056,Y,,Y,,Y,,
2018,Telstra,-34.99889,138.72472,Y,,Y,,Y,,Y
2018,Telstra,-34.99769,117.86143,Y,,Y,,Y,,
2018,Telstra,-34.99694,138.62694,Y,,Y,,Y,,
2018,Telstra,-34.99472,138.52667,Y,,Y,,Y,,
2018,Telstra,-34.99437,137.39901,Y,,Y,,,,
2018,Telstra,-34.9943,138.55657,Y,,Y,,Y,,
2018,Telstra,-34.99312,138.59315,Y,,Y,,Y,,
2018,Telstra,-34.99056,138.57972,Y,,Y,,Y,,
2018,Telstra,-34.98916,150.59646,Y,,Y,,,,
2018,Telstra,-34.98909,150.71955,Y,,Y,,Y,,Y
2018,Telstra,-34.98882,138.54059,Y,,Y,,Y,,
2018,Telstra,-34.987249,138.56968,Y,,Y,,Y,,
2018,Telstra,-34.98694,137.26528,Y,,,,Y,,
2018,Telstra,-34.98528,138.69444,Y,,Y,,,,
2018,Telstra,-34.98447,138.51091,Y,,,,Y,,
2018,Telstra,-34.98247,138.5723,Y,,,,Y,,
2018,Telstra,-34.981616,148.617956,,,,,Y,,
2018,Telstra,-34.98039,138.51991,Y,,Y,,Y,,
2018,Telstra,-34.97985,138.5912,Y,,Y,,Y,,
2018,Telstra,-34.97809,117.91324,Y,,Y,,Y,,
2018,Telstra,-34.97786,138.51257,Y,,Y,,Y,,
2018,Telstra,-34.977762,138.555417,Y,,Y,,Y,,
2018,Telstra,-34.97694,138.51389,Y,,Y,,Y,,
2018,Telstra,-34.97667,138.67944,Y,,Y,,,,
2018,Telstra,-34.976515,138.574176,Y,,Y,,Y,,
2018,Telstra,-34.97639,138.85111,Y,,Y,,Y,,Y
2018,Telstra,-34.97611,138.53917,Y,,Y,,Y,,
2018,Telstra,-34.975699,138.678526,Y,,Y,,,,
2018,Telstra,-34.97517,138.6103,Y,,Y,,Y,,
2018,Telstra,-34.97206,147.998136,Y,,Y,,,,
2018,Telstra,-34.97067,138.63725,Y,,Y,,Y,,Y
2018,Telstra,-34.96812,138.55356,Y,,Y,,Y,,
2018,Telstra,-34.96797,117.27879,Y,,Y,,Y,,
2018,Telstra,-34.96779,138.57253,Y,,Y,,Y,,
2018,Telstra,-34.96722,138.71417,Y,,Y,,,,
2018,Telstra,-34.96659,138.59029,Y,,Y,,Y,,
2018,Telstra,-34.96552,138.61357,,Y,,,,,
2018,Telstra,-34.96531,138.67233,Y,,Y,,,,
2018,Telstra,-34.96474,138.52491,Y,,Y,,Y,,
2018,Telstra,-34.96215,117.34123,Y,Y,Y,,Y,,
2018,Telstra,-34.96074,116.73965,Y,,Y,,,,
2018,Telstra,-34.96068,138.53944,Y,,Y,,Y,,
2018,Telstra,-34.96061,138.64226,Y,,Y,,Y,,
2018,Telstra,-34.95896,138.7355,,,,,,,Y
2018,Telstra,-34.95833,138.56167,Y,,Y,,Y,,
2018,Telstra,-34.95806,138.62028,Y,,Y,,Y,,
2018,Telstra,-34.95334,138.58992,Y,,Y,,Y,,
2018,Telstra,-34.95278,138.59939,Y,,Y,,Y,,Y
2018,Telstra,-34.95253,138.57212,Y,,Y,,Y,,Y
2018,Telstra,-34.95191,117.01889,Y,,Y,,,,
2018,Telstra,-34.95074,138.88894,Y,,Y,,Y,,
2018,Telstra,-34.94945,138.64245,Y,,Y,,Y,,
2018,Telstra,-34.94843,138.50812,Y,,Y,,Y,,
2018,Telstra,-34.9475,138.60333,Y,,Y,,Y,,
2018,Telstra,-34.945,138.58389,Y,,Y,,Y,,
2018,Telstra,-34.94444,138.54778,Y,,Y,,Y,,
2018,Telstra,-34.94384,117.84774,Y,Y,Y,,Y,,
2018,Telstra,-34.943738,138.588649,Y,,Y,,Y,,Y
2018,Telstra,-34.94354,138.5641,Y,,Y,,Y,,Y
2018,Telstra,-34.94056,138.62306,Y,,Y,,Y,,
2018,Telstra,-34.94028,138.63333,Y,,Y,,Y,,
2018,Telstra,-34.93972,138.66083,Y,,Y,,Y,,
2018,Telstra,-34.93917,138.57611,Y,,Y,,Y,,Y
2018,Telstra,-34.93893,138.64172,Y,,Y,,,,
2018,Telstra,-34.937508,149.378975,Y,,Y,,Y,,
2018,Telstra,-34.93657,138.54023,Y,Y,Y,,Y,,
2018,Telstra,-34.93645,144.76738,Y,,Y,,,,
2018,Telstra,-34.93635,150.56922,Y,,Y,,Y,,
2018,Telstra,-34.93601,138.58935,Y,,Y,,Y,,Y
2018,Telstra,-34.935,138.60417,Y,,Y,,Y,,Y
2018,Telstra,-34.9325,138.61278,Y,,,,Y,,
2018,Telstra,-34.93248,138.62443,Y,,Y,,Y,,Y
2018,Telstra,-34.932438,138.580681,Y,,,,,,
2018,Telstra,-34.93235,138.5997,Y,,Y,,Y,,Y
2018,Telstra,-34.93194,138.56194,Y,,Y,,Y,,
2018,Telstra,-34.93059,138.59707,Y,,Y,,Y,,Y
2018,Telstra,-34.93031,138.541489,,,,,,,Y
2018,Telstra,-34.930284,150.74786,Y,Y,Y,,Y,,Y
2018,Telstra,-34.93011,138.58821,Y,,Y,,Y,,Y
2018,Telstra,-34.92916,138.50725,,Y,,,,,
2018,Telstra,-34.92904,139.034676,Y,,Y,,,,
2018,Telstra,-34.927718,138.612332,Y,,,,,,
2018,Telstra,-34.92769,138.51822,Y,,Y,,Y,,
2018,Telstra,-34.92761,138.59898,Y,,Y,,Y,,Y
2018,Telstra,-34.92722,138.605,Y,,Y,,Y,,Y
2018,Telstra,-34.92722,138.605,,,,,Y,,
2018,Telstra,-34.92721,138.59413,Y,,Y,,Y,,Y
2018,Telstra,-34.92698,138.53448,,Y,,,,,
2018,Telstra,-34.92667,138.65806,Y,,,,,,
2018,Telstra,-34.92656,138.60276,Y,,,,,,
2018,Telstra,-34.92611,138.59722,Y,,,,Y,,
2018,Telstra,-34.92611,138.59722,Y,,Y,,Y,,Y
2018,Telstra,-34.92611,138.59722,,,,,Y,,
2018,Telstra,-34.92545,138.60087,Y,,Y,,Y,,
2018,Telstra,-34.92544,138.49558,Y,,,,Y,,
2018,Telstra,-34.92528,138.60694,Y,,Y,,Y,,Y
2018,Telstra,-34.92528,139.32278,Y,,Y,,Y,,
2018,Telstra,-34.92509,138.61081,Y,,Y,,Y,,Y
2018,Telstra,-34.92502,138.54996,Y,,Y,,Y,,
2018,Telstra,-34.92485,138.67636,Y,,Y,,Y,,
2018,Telstra,-34.92386,138.60205,Y,,Y,,Y,,Y
2018,Telstra,-34.92363,138.5918,Y,,Y,,Y,,Y
2018,Telstra,-34.923001,138.601331,Y,,Y,,Y,,
2018,Telstra,-34.9228,138.60621,Y,,Y,,Y,,Y
2018,Telstra,-34.922768,138.602404,Y,,Y,,Y,,
2018,Telstra,-34.92273,138.75109,Y,,Y,,,,
2018,Telstra,-34.9227,138.60606,Y,,,,Y,,
2018,Telstra,-34.92268,138.56644,Y,,Y,,Y,,
2018,Telstra,-34.92224,138.60045,Y,,,,Y,,
2018,Telstra,-34.92213,138.60306,Y,,,,Y,,
2018,Telstra,-34.92194,138.59667,Y,,Y,,Y,,Y
2018,Telstra,-34.92161,138.61472,Y,,Y,,Y,,Y
2018,Telstra,-34.921609,138.64035,Y,,Y,,Y,,
2018,Telstra,-34.92154,138.60208,Y,,Y,,Y,,Y
2018,Telstra,-34.92108,138.59465,Y,,,,Y,,Y
2018,Telstra,-34.92103,138.59727,Y,,,,Y,,
2018,Telstra,-34.92097,138.64899,Y,,Y,,Y,,
2018,Telstra,-34.92029,138.62799,Y,,Y,,Y,,Y
2018,Telstra,-34.92013,138.58669,Y,,,,Y,,Y
2018,Telstra,-34.91948,138.60887,Y,,Y,,Y,,Y
2018,Telstra,-34.91944,138.5775,Y,,Y,,Y,,Y
2018,Telstra,-34.9193,138.61522,Y,,Y,,Y,,Y
2018,Telstra,-34.9192,138.6025,Y,,Y,,Y,,Y
2018,Telstra,-34.91839,138.53821,Y,,,,Y,,
2018,Telstra,-34.91833,138.82917,Y,,Y,,,,
2018,Telstra,-34.91816,138.49446,Y,,,,Y,,
2018,Telstra,-34.91787,149.43751,,,Y,,,,
2018,Telstra,-34.91772,138.53264,Y,,,,Y,,
2018,Telstra,-34.91656,138.59663,Y,Y,Y,,Y,,Y
2018,Telstra,-34.9163,138.62355,Y,,Y,,Y,,Y
2018,Telstra,-34.91551,138.59627,Y,,Y,,Y,,Y
2018,Telstra,-34.91523,138.59729,Y,Y,Y,,Y,,Y
2018,Telstra,-34.91366,138.65791,,Y,,,,,
2018,Telstra,-34.91353,138.56409,Y,,,,Y,,
2018,Telstra,-34.91335,138.51451,,Y,,,,,
2018,Telstra,-34.91305,138.67161,Y,,Y,,Y,,
2018,Telstra,-34.9125,138.68111,Y,,Y,,Y,,
2018,Telstra,-34.91206,148.68336,Y,,Y,,,,
2018,Telstra,-34.9116,139.36523,Y,,Y,,,,
2018,Telstra,-34.91157,138.59998,Y,,,,Y,,Y
2018,Telstra,-34.91108,138.58428,Y,,Y,,Y,,Y
2018,Telstra,-34.91056,138.55917,Y,,Y,,Y,,
2018,Telstra,-34.9104,150.6073,Y,,Y,,Y,,
2018,Telstra,-34.91,138.62778,Y,,Y,,Y,,
2018,Telstra,-34.90971,138.57581,Y,,Y,,Y,,Y
2018,Telstra,-34.90962,137.79668,Y,,Y,,,,
2018,Telstra,-34.9086,137.78519,Y,,Y,,,,
2018,Telstra,-34.9075,138.50556,Y,,Y,,Y,,
2018,Telstra,-34.906915,138.530101,Y,,Y,,Y,,
2018,Telstra,-34.90587,138.60998,Y,,Y,,Y,,Y
2018,Telstra,-34.905,138.59722,Y,,Y,,Y,,Y
2018,Telstra,-34.90494,138.55194,Y,,Y,,Y,,
2018,Telstra,-34.90461,138.65725,Y,,Y,,Y,,
2018,Telstra,-34.90324,138.49083,Y,,,,,,
2018,Telstra,-34.90086,138.5676,Y,,Y,,Y,,
2018,Telstra,-34.899491,148.218615,Y,,Y,,,,
2018,Telstra,-34.89809,138.58542,,Y,,,,,
2018,Telstra,-34.89669,138.67501,Y,,Y,,Y,,
2018,Telstra,-34.89667,138.61723,Y,,Y,,Y,,
2018,Telstra,-34.89611,138.54611,Y,,Y,,Y,,
2018,Telstra,-34.89587,138.63947,Y,,Y,,Y,,
2018,Telstra,-34.89528,138.65389,Y,,Y,,Y,,
2018,Telstra,-34.8946,138.57835,Y,,Y,,Y,,
2018,Telstra,-34.89326,138.55506,Y,,Y,,Y,,
2018,Telstra,-34.89186,138.60255,Y,,Y,,Y,,
2018,Telstra,-34.89083,138.51444,Y,,Y,,Y,,
2018,Telstra,-34.890403,150.589408,Y,,Y,,Y,,
2018,Telstra,-34.88867,138.61509,Y,,Y,,Y,,
2018,Telstra,-34.888042,150.623255,Y,Y,Y,Y,Y,,
2018,Telstra,-34.88763,138.593636,Y,,Y,,Y,,
2018,Telstra,-34.88688,138.68984,Y,,Y,,Y,,
2018,Telstra,-34.88417,139.5925,Y,,Y,,Y,,
2018,Telstra,-34.88388,138.53341,Y,,Y,,Y,,
2018,Telstra,-34.88353,146.43889,Y,,Y,,,,
2018,Telstra,-34.8825,138.87111,Y,,Y,,Y,,
2018,Telstra,-34.88222,138.57833,Y,,Y,,Y,,
2018,Telstra,-34.88218,138.50368,Y,,Y,,Y,,
2018,Telstra,-34.88177,138.6354,Y,,Y,,Y,,
2018,Telstra,-34.88084,138.64883,Y,,Y,,Y,,
2018,Telstra,-34.87902,138.51569,Y,,Y,,Y,,
2018,Telstra,-34.8789,138.6639,Y,,Y,,Y,,
2018,Telstra,-34.87843,138.56464,Y,,Y,,Y,,
2018,Telstra,-34.87834,138.49174,Y,,Y,,Y,,
2018,Telstra,-34.878174,138.684128,Y,,Y,,Y,,
2018,Telstra,-34.8774,138.58137,Y,,Y,,Y,,
2018,Telstra,-34.8756,150.6011,Y,Y,Y,Y,Y,,
2018,Telstra,-34.875,138.54889,Y,,Y,,Y,,
2018,Telstra,-34.87459,138.60106,Y,,Y,,Y,,
2018,Telstra,-34.87333,138.61833,Y,,Y,,Y,,
2018,Telstra,-34.87333,138.94139,Y,,Y,,,,
2018,Telstra,-34.8719,138.70048,Y,,Y,,Y,,
2018,Telstra,-34.87028,138.52917,Y,,Y,,Y,,
2018,Telstra,-34.87,138.63861,Y,,Y,,Y,,
2018,Telstra,-34.8696,147.5618,Y,,Y,,Y,,
2018,Telstra,-34.86918,138.53909,Y,,Y,,,,
2018,Telstra,-34.8688,138.58052,Y,,Y,,Y,,
2018,Telstra,-34.867834,138.663428,Y,,Y,,Y,,
2018,Telstra,-34.86694,138.60083,Y,,Y,,Y,,
2018,Telstra,-34.86636,138.50456,Y,,Y,,Y,,Y
2018,Telstra,-34.86,138.62319,Y,,Y,,Y,,
2018,Telstra,-34.85933,138.49043,Y,,Y,,Y,,
2018,Telstra,-34.85925,150.57086,Y,Y,Y,,Y,,
2018,Telstra,-34.85891,138.57165,Y,,Y,,Y,,
2018,Telstra,-34.8575,138.65694,Y,,Y,,Y,,
2018,Telstra,-34.857063,138.723255,Y,,Y,,Y,,
2018,Telstra,-34.85529,149.93541,Y,,,,,,
2018,Telstra,-34.85444,138.54528,Y,,Y,,Y,,
2018,Telstra,-34.85419,117.72797,Y,,Y,,,,
2018,Telstra,-34.85304,138.51379,Y,,Y,,Y,,
2018,Telstra,-34.85271,138.6902,Y,,Y,,Y,,
2018,Telstra,-34.85246,138.58297,Y,,Y,,Y,,
2018,Telstra,-34.85142,138.63673,Y,,Y,,Y,,
2018,Telstra,-34.85133,148.97147,Y,,Y,,Y,,
2018,Telstra,-34.84889,138.59944,Y,,Y,,Y,,
2018,Telstra,-34.8482,150.74277,Y,,Y,,Y,,
2018,Telstra,-34.8482,138.5101,Y,,Y,,Y,,
2018,Telstra,-34.84648,138.48704,Y,,,,,,
2018,Telstra,-34.84641,138.6715,Y,,Y,,Y,,
2018,Telstra,-34.84639,138.62639,Y,,Y,,Y,,
2018,Telstra,-34.84578,138.52166,Y,,Y,,Y,,
2018,Telstra,-34.84497,150.612835,Y,,Y,,Y,,
2018,Telstra,-34.844805,148.914441,Y,,Y,,Y,,
2018,Telstra,-34.844597,118.154045,Y,,Y,,,,
2018,Telstra,-34.84306,138.55917,Y,,Y,,Y,,
2018,Telstra,-34.8419,150.59189,Y,Y,Y,,Y,,
2018,Telstra,-34.84001,138.57974,Y,,Y,,Y,,
2018,Telstra,-34.83944,138.7125,Y,,Y,,Y,,
2018,Telstra,-34.83873,138.48103,Y,,,,,,
2018,Telstra,-34.83788,138.53827,Y,,Y,,Y,,
2018,Telstra,-34.83738,138.72685,Y,,,,,,
2018,Telstra,-34.83701,138.512497,Y,,Y,,Y,,
2018,Telstra,-34.8366,138.62421,Y,,Y,,Y,,
2018,Telstra,-34.83568,138.60815,Y,,Y,,Y,,
2018,Telstra,-34.83564,149.621046,Y,,Y,,,,
2018,Telstra,-34.83417,138.69056,Y,,Y,,Y,,
2018,Telstra,-34.83391,116.027276,Y,,Y,,,,
2018,Telstra,-34.83287,138.5499,Y,,,,,,
2018,Telstra,-34.8325,138.59361,Y,,Y,,Y,,
2018,Telstra,-34.831232,143.266238,Y,,Y,,,,
2018,Telstra,-34.82849,138.64949,Y,,Y,,Y,,
2018,Telstra,-34.827625,149.043454,Y,,Y,,,,
2018,Telstra,-34.82751,137.58271,Y,,Y,,,,
2018,Telstra,-34.82662,147.308532,Y,,Y,,,,
2018,Telstra,-34.825628,148.920513,Y,,Y,,,,
2018,Telstra,-34.82516,138.88425,,,,,Y,,
2018,Telstra,-34.82448,149.19438,Y,,Y,,,,
2018,Telstra,-34.82201,138.4917,Y,,Y,,,,
2018,Telstra,-34.82167,138.77917,Y,,Y,,,,
2018,Telstra,-34.82162,138.50638,Y,,Y,,Y,,
2018,Telstra,-34.82139,148.32517,,,,,Y,,
2018,Telstra,-34.82069,138.71652,Y,,Y,,Y,,
2018,Telstra,-34.82031,138.69909,Y,,Y,,Y,,
2018,Telstra,-34.820138,144.298048,Y,,,,,,
2018,Telstra,-34.81935,138.682683,Y,,Y,,Y,,
2018,Telstra,-34.818736,138.661427,Y,,Y,,Y,,
2018,Telstra,-34.81806,138.60333,Y,,Y,,Y,,
2018,Telstra,-34.81769,138.61956,Y,,Y,,Y,,
2018,Telstra,-34.81667,138.63333,Y,,Y,,Y,,
2018,Telstra,-34.81455,138.96054,Y,,Y,,Y,,
2018,Telstra,-34.813149,148.639616,,,,,Y,,
2018,Telstra,-34.81312,148.50131,Y,,Y,,,,
2018,Telstra,-34.81306,138.675,Y,,Y,,Y,,
2018,Telstra,-34.813008,149.400496,Y,,Y,,,,
2018,Telstra,-34.80944,138.72806,Y,,Y,,Y,,
2018,Telstra,-34.80938,138.49607,Y,,Y,,,,
2018,Telstra,-34.80553,147.196865,Y,,Y,,,,
2018,Telstra,-34.80534,138.70313,Y,,Y,,Y,,
2018,Telstra,-34.8036,138.61169,Y,,Y,,Y,,
2018,Telstra,-34.80063,150.719906,Y,Y,Y,,,,
2018,Telstra,-34.79921,138.68662,Y,,Y,,Y,,
2018,Telstra,-34.798295,145.87494,Y,,Y,,,,
2018,Telstra,-34.79704,138.49629,,Y,Y,,,,
2018,Telstra,-34.795,138.60056,Y,,Y,,,,
2018,Telstra,-34.79491,138.64941,Y,,Y,,Y,,
2018,Telstra,-34.79361,138.50573,Y,,Y,,Y,,
2018,Telstra,-34.793484,143.75093,Y,,,,,,
2018,Telstra,-34.79155,147.03766,Y,,Y,,,,
2018,Telstra,-34.79153,138.61639,Y,,Y,,,,
2018,Telstra,-34.79028,138.88139,Y,,Y,,,,
2018,Telstra,-34.79,138.69472,Y,,Y,,Y,,
2018,Telstra,-34.7882,150.5427,Y,,Y,,,,
2018,Telstra,-34.78762,138.71276,Y,,Y,,Y,,
2018,Telstra,-34.78368,138.69434,Y,,Y,,,,
2018,Telstra,-34.78339,138.65552,Y,,Y,,Y,,
2018,Telstra,-34.78,139.06111,Y,,Y,,Y,,
2018,Telstra,-34.77963,138.48509,Y,,Y,,Y,,
2018,Telstra,-34.77824,148.83084,Y,,Y,,,,
2018,Telstra,-34.77694,138.59639,Y,,Y,,Y,,
2018,Telstra,-34.77691,137.59329,Y,,Y,,,,
2018,Telstra,-34.7767,142.2797,Y,,Y,,,,
2018,Telstra,-34.77567,138.61743,Y,,Y,,Y,,
2018,Telstra,-34.77472,138.72944,Y,,Y,,Y,,
2018,Telstra,-34.77344,148.72556,Y,,Y,,,,
2018,Telstra,-34.77323,138.50322,Y,,Y,,,,
2018,Telstra,-34.77278,138.63806,Y,,Y,,Y,,
2018,Telstra,-34.76944,137.85306,Y,,Y,,Y,,
2018,Telstra,-34.76784,138.6052,Y,,Y,,Y,,
2018,Telstra,-34.76665,138.62447,Y,,Y,,Y,,
2018,Telstra,-34.76611,138.66556,Y,,Y,,Y,,
2018,Telstra,-34.763704,149.69549,Y,Y,Y,,Y,,
2018,Telstra,-34.761018,138.710598,Y,,Y,,Y,,
2018,Telstra,-34.7601,138.64639,Y,,Y,,Y,,
2018,Telstra,-34.75889,138.63333,Y,,Y,,Y,,
2018,Telstra,-34.75813,138.67566,Y,,Y,,Y,,
2018,Telstra,-34.75771,139.54986,Y,,,,,,
2018,Telstra,-34.75718,149.76361,Y,,Y,,,,
2018,Telstra,-34.7563,150.82415,Y,,Y,,Y,,
2018,Telstra,-34.75549,149.71854,Y,Y,Y,,Y,,
2018,Telstra,-34.75173,138.64404,Y,,Y,,Y,,
2018,Telstra,-34.74828,138.68152,,Y,,,,,
2018,Telstra,-34.74762,149.71298,Y,Y,Y,,Y,,
2018,Telstra,-34.74756,138.66538,Y,,,,,,
2018,Telstra,-34.74632,146.55229,Y,,Y,,Y,,
2018,Telstra,-34.74323,138.60641,Y,,Y,,Y,,
2018,Telstra,-34.74278,138.58778,Y,,Y,,Y,,
2018,Telstra,-34.74274,138.66062,Y,,Y,,Y,,
2018,Telstra,-34.74223,138.64933,Y,,Y,,,,
2018,Telstra,-34.741932,138.675346,Y,,Y,,Y,,
2018,Telstra,-34.74124,149.84898,Y,,Y,,,,
2018,Telstra,-34.73983,149.928813,Y,,Y,,,,
2018,Telstra,-34.739111,138.647745,Y,,,,,,
2018,Telstra,-34.7382,146.55435,Y,,Y,,Y,,
2018,Telstra,-34.73611,140.50833,Y,,Y,,,,
2018,Telstra,-34.73521,149.72672,Y,Y,Y,,Y,,
2018,Telstra,-34.734774,135.85773,Y,,Y,,Y,,
2018,Telstra,-34.732621,138.660876,Y,,Y,,,,
2018,Telstra,-34.731884,138.639817,Y,,Y,,,,
2018,Telstra,-34.729046,135.87915,Y,,Y,,Y,,
2018,Telstra,-34.72759,149.7462,Y,,Y,,Y,,
2018,Telstra,-34.72522,135.85679,Y,,Y,,Y,,
2018,Telstra,-34.724946,142.960396,Y,,,,,,
2018,Telstra,-34.72486,135.844838,Y,,Y,,Y,,
2018,Telstra,-34.72244,150.544605,Y,,Y,,,,
2018,Telstra,-34.72221,149.181224,,,,,Y,,
2018,Telstra,-34.72058,147.87737,Y,,Y,,,,
2018,Telstra,-34.72043,138.65265,Y,,Y,,Y,,
2018,Telstra,-34.71882,138.664488,Y,,Y,,Y,,Y
2018,Telstra,-34.718709,143.89945,Y,,,,,,
2018,Telstra,-34.71851,138.76725,Y,,Y,,,,
2018,Telstra,-34.718465,143.149497,Y,,,,,,
2018,Telstra,-34.71793,140.73077,Y,,Y,,,,
2018,Telstra,-34.71767,138.68523,Y,,Y,,Y,,
2018,Telstra,-34.717012,138.672441,Y,Y,Y,,Y,,Y
2018,Telstra,-34.7157,138.64677,Y,,Y,,Y,,
2018,Telstra,-34.71243,150.84214,Y,,Y,,Y,,
2018,Telstra,-34.70848,138.70756,Y,,Y,,Y,,
2018,Telstra,-34.70472,138.65306,Y,,Y,,Y,,
2018,Telstra,-34.70268,140.84741,Y,,Y,,,,
2018,Telstra,-34.70219,138.68392,Y,,Y,,Y,,
2018,Telstra,-34.69842,150.79229,Y,,Y,,Y,,
2018,Telstra,-34.69804,137.709908,Y,,Y,,,,
2018,Telstra,-34.69535,138.70248,Y,,Y,,Y,,
2018,Telstra,-34.694591,135.830563,Y,,Y,,Y,,
2018,Telstra,-34.69418,138.59321,Y,,Y,,,,
2018,Telstra,-34.69245,138.66951,Y,,Y,,Y,,
2018,Telstra,-34.68846,150.03479,Y,,Y,,,,
2018,Telstra,-34.6882,138.68994,,Y,,,,,
2018,Telstra,-34.68525,150.83837,Y,,Y,,Y,,
2018,Telstra,-34.68427,138.65633,Y,,Y,,Y,,
2018,Telstra,-34.68222,138.69278,Y,,Y,,,,
2018,Telstra,-34.67851,138.67024,Y,,Y,,Y,,
2018,Telstra,-34.67822,138.69017,,Y,Y,,Y,,
2018,Telstra,-34.67286,150.85694,Y,,Y,,Y,,
2018,Telstra,-34.6711,148.63344,,,,,Y,,
2018,Telstra,-34.66915,139.45437,Y,,Y,,,,
2018,Telstra,-34.66639,138.56111,Y,,Y,,,,
2018,Telstra,-34.66606,138.90108,Y,,Y,,Y,,
2018,Telstra,-34.66292,118.4219,Y,,Y,,,,
2018,Telstra,-34.65833,138.64722,Y,,Y,,,,
2018,Telstra,-34.657207,142.781898,Y,,Y,,,,
2018,Telstra,-34.6572,138.71131,Y,,Y,,Y,,
2018,Telstra,-34.65594,117.64616,Y,,Y,,Y,,
2018,Telstra,-34.65512,117.896254,Y,,Y,,,,
2018,Telstra,-34.65444,138.95333,Y,,Y,,,,
2018,Telstra,-34.65212,138.68288,Y,,Y,,Y,,
2018,Telstra,-34.65082,146.21417,Y,,Y,,,,
2018,Telstra,-34.64897,150.76764,Y,,Y,,,,
2018,Telstra,-34.64737,150.25021,Y,,Y,,,,
2018,Telstra,-34.6463,138.64338,Y,,Y,,,,
2018,Telstra,-34.646,150.147114,Y,,Y,,,,
2018,Telstra,-34.64551,146.47165,Y,,,,,,
2018,Telstra,-34.64339,144.19607,Y,,,,,,
2018,Telstra,-34.64294,148.02706,Y,,Y,,Y,,
2018,Telstra,-34.63957,143.565349,Y,,Y,,,,
2018,Telstra,-34.63914,138.52794,Y,,Y,,Y,,
2018,Telstra,-34.63822156,150.8238766,Y,,Y,,Y,,
2018,Telstra,-34.63417,138.84861,Y,,Y,,,,
2018,Telstra,-34.63217,116.12315,Y,,Y,,,,
2018,Telstra,-34.62694,138.60333,Y,,Y,,,,
2018,Telstra,-34.62339,138.73086,Y,,Y,,Y,,
2018,Telstra,-34.62333,139.09833,Y,,Y,,Y,,
2018,Telstra,-34.62306,138.68901,Y,,Y,,,,
2018,Telstra,-34.62302,150.694275,Y,,,,,,
2018,Telstra,-34.62121,135.48472,Y,,Y,,Y,,
2018,Telstra,-34.61816,150.20293,Y,,Y,,,,
2018,Telstra,-34.61705,137.88654,Y,,Y,,,,
2018,Telstra,-34.61611,138.7525,Y,,Y,,Y,,
2018,Telstra,-34.60791,148.11921,Y,,Y,,,,
2018,Telstra,-34.60079,138.74973,Y,,Y,,Y,,
2018,Telstra,-34.600575,138.89126,Y,,Y,,Y,,
2018,Telstra,-34.59543,138.74836,,,,,Y,,
2018,Telstra,-34.59528,138.51444,Y,,Y,,Y,,
2018,Telstra,-34.59516,150.5065,Y,,Y,,,,
2018,Telstra,-34.59001,138.59341,Y,,Y,,Y,,
2018,Telstra,-34.58944,138.94778,Y,,Y,,Y,,
2018,Telstra,-34.58428,142.77522,Y,,Y,,,,Y
2018,Telstra,-34.58327,150.86993,Y,,Y,,Y,,
2018,Telstra,-34.58319,150.82392,Y,,Y,,Y,,
2018,Telstra,-34.5825,138.76222,Y,,Y,,Y,,
2018,Telstra,-34.58221,150.76756,Y,Y,Y,,Y,,
2018,Telstra,-34.58016,150.61732,Y,,Y,,,,
2018,Telstra,-34.57997,150.732088,Y,,Y,,,,
2018,Telstra,-34.57954,150.20897,Y,,Y,,,,
2018,Telstra,-34.57884,138.73736,Y,,Y,,Y,,
2018,Telstra,-34.57874,138.93104,Y,,,,,,
2018,Telstra,-34.57521,138.87266,Y,,,,,,
2018,Telstra,-34.57356,150.832456,Y,Y,Y,,Y,,
2018,Telstra,-34.57273917,145.9993033,Y,,Y,,,,
2018,Telstra,-34.57256,140.520505,Y,,Y,,,,
2018,Telstra,-34.5722,139.29423,,,Y,,,,
2018,Telstra,-34.56989,142.7322,Y,,Y,,,,
2018,Telstra,-34.56831,150.8661,Y,Y,Y,,Y,,
2018,Telstra,-34.565172,150.809662,Y,,Y,,Y,,
2018,Telstra,-34.56501,150.83907,Y,,,,,,
2018,Telstra,-34.5641,150.83828,Y,,Y,,Y,,
2018,Telstra,-34.5637,150.839,Y,,,,Y,,
2018,Telstra,-34.55669,139.585648,Y,,Y,,Y,,
2018,Telstra,-34.556147,148.368965,Y,,Y,,,,
2018,Telstra,-34.55425,139.13412,,,,,Y,,
2018,Telstra,-34.55259,150.86017,Y,Y,Y,,Y,,
2018,Telstra,-34.55206,146.40651,Y,Y,Y,,Y,,Y
2018,Telstra,-34.5515,146.61013,Y,,Y,,,,
2018,Telstra,-34.5474,117.2445,Y,,Y,,,,
2018,Telstra,-34.54678,150.84274,Y,,Y,,,,
2018,Telstra,-34.54443,150.37398,Y,,Y,,Y,,
2018,Telstra,-34.53728,150.78016,Y,,Y,,Y,,
2018,Telstra,-34.53551,150.31416,Y,,Y,,,,
2018,Telstra,-34.534197,117.826475,Y,,Y,,,,
2018,Telstra,-34.53232,148.32841,Y,,Y,,,,
2018,Telstra,-34.52972,138.74722,Y,,,,,,
2018,Telstra,-34.52926,147.33729,Y,,Y,,,,
2018,Telstra,-34.52722,139.03583,Y,,Y,,,,
2018,Telstra,-34.52675,147.78116,Y,,Y,,,,
2018,Telstra,-34.52656,148.89802,Y,,Y,,,,
2018,Telstra,-34.52367,138.96284,Y,,Y,,Y,,
2018,Telstra,-34.52080333,138.881125,Y,,Y,,,,
2018,Telstra,-34.51862,150.79983,Y,Y,Y,,Y,,
2018,Telstra,-34.513492,146.182297,Y,,Y,,,,
2018,Telstra,-34.51309,117.006744,Y,,Y,,,,
2018,Telstra,-34.51306,135.71418,Y,,Y,,,,
2018,Telstra,-34.5128,139.05461,Y,,,,,,
2018,Telstra,-34.51251,138.81661,Y,,,,,,
2018,Telstra,-34.50925,144.842473,Y,,Y,,,,Y
2018,Telstra,-34.5053,150.45762,Y,,Y,,Y,,Y
2018,Telstra,-34.50404,150.49658,Y,,Y,,,,
2018,Telstra,-34.50105,150.40862,Y,,Y,,Y,,Y
2018,Telstra,-34.500633,142.360353,Y,,Y,,,,
2018,Telstra,-34.49743,150.427159,Y,,Y,,Y,,Y
2018,Telstra,-34.49689,150.8908,Y,,Y,,Y,,
2018,Telstra,-34.49509,139.0615,Y,,Y,,,,
2018,Telstra,-34.49424,150.792274,Y,Y,Y,,Y,,
2018,Telstra,-34.49417,137.48806,Y,,Y,,Y,,
2018,Telstra,-34.49011,117.57993,Y,,Y,,,,
2018,Telstra,-34.48975,150.7715,,Y,,,Y,,
2018,Telstra,-34.48949,150.81233,Y,,,,Y,,
2018,Telstra,-34.48636,150.88829,Y,,,,,,
2018,Telstra,-34.48587,118.063135,Y,,Y,,,,
2018,Telstra,-34.4842,150.34343,Y,,Y,,,,
2018,Telstra,-34.47894,150.88749,Y,,Y,,Y,,
2018,Telstra,-34.47861,150.903432,Y,,Y,,Y,,
2018,Telstra,-34.47799,150.41896,Y,,Y,,Y,,
2018,Telstra,-34.4772,150.72902,Y,,,,,,
2018,Telstra,-34.47702,140.061333,Y,,Y,,,,
2018,Telstra,-34.4756,138.3588,Y,,Y,,Y,,
2018,Telstra,-34.47384,150.86275,Y,Y,Y,,Y,,
2018,Telstra,-34.47365,138.99613,Y,,Y,,Y,,
2018,Telstra,-34.46983,138.68267,,,Y,,,,
2018,Telstra,-34.46954,150.81101,Y,,,,,,
2018,Telstra,-34.46902,150.82893,Y,,Y,,Y,,
2018,Telstra,-34.46699,150.87799,Y,,,,,,
2018,Telstra,-34.46606,145.42133,Y,,,,,,
2018,Telstra,-34.46533,150.42843,Y,Y,Y,,Y,,
2018,Telstra,-34.46325,150.4202,Y,,,,,,
2018,Telstra,-34.46076,116.22495,Y,,Y,,,,
2018,Telstra,-34.46052,150.84548,Y,Y,Y,,Y,,
2018,Telstra,-34.45954,138.91137,Y,,Y,,Y,,
2018,Telstra,-34.45865,139.00067,Y,,Y,,,,
2018,Telstra,-34.45793,150.747237,Y,,Y,,,,
2018,Telstra,-34.4569,142.1956,Y,,Y,,,,
2018,Telstra,-34.45605,150.367137,Y,,Y,,,,
2018,Telstra,-34.45466,149.43928,Y,,Y,,Y,,
2018,Telstra,-34.45121,150.44602,Y,,,,Y,,
2018,Telstra,-34.45111,138.81028,Y,,Y,,Y,,
2018,Telstra,-34.450767,137.901076,Y,,Y,,Y,,
2018,Telstra,-34.44747,116.04296,Y,,Y,,,,
2018,Telstra,-34.44506,116.03556,,,,,Y,,
2018,Telstra,-34.44254,147.54487,Y,,Y,,Y,,
2018,Telstra,-34.44144,119.37166,Y,,,,,,
2018,Telstra,-34.44124,139.03264,Y,,Y,,,,
2018,Telstra,-34.44111,140.58333,Y,,Y,,Y,,
2018,Telstra,-34.43992,150.886794,Y,,Y,,Y,,
2018,Telstra,-34.4386,115.895791,Y,,Y,,,,
2018,Telstra,-34.437736,138.521978,Y,,Y,,Y,,
2018,Telstra,-34.43743,150.8749,Y,,Y,,Y,,
2018,Telstra,-34.43622,150.46212,Y,,Y,,Y,,
2018,Telstra,-34.43564,150.86115,Y,,,,,,
2018,Telstra,-34.43193,150.80916,Y,,,,,,
2018,Telstra,-34.43058,150.89329,Y,,Y,,,,
2018,Telstra,-34.42573,150.880889,Y,,,,Y,,
2018,Telstra,-34.42534,150.89785,Y,,Y,,Y,,
2018,Telstra,-34.4253,150.883666,Y,Y,Y,,Y,,
2018,Telstra,-34.42426,150.89408,Y,,,,Y,,
2018,Telstra,-34.42382,150.89101,Y,Y,Y,,Y,,
2018,Telstra,-34.42378,150.86867,Y,,Y,,Y,,
2018,Telstra,-34.42292,150.47612,Y,,Y,,,,
2018,Telstra,-34.4219,150.839906,Y,Y,Y,,Y,,
2018,Telstra,-34.42143,148.749775,Y,,Y,,Y,,
2018,Telstra,-34.4202,150.90224,Y,,Y,,Y,,
2018,Telstra,-34.4167,149.3255,Y,,Y,,,,
2018,Telstra,-34.41429,150.90009,Y,Y,Y,,Y,,
2018,Telstra,-34.41226,150.51791,Y,,,,,,
2018,Telstra,-34.40899,116.77163,Y,,Y,,,,
2018,Telstra,-34.4076,139.126037,,,,,Y,,
2018,Telstra,-34.40723,150.87853,Y,,Y,,Y,,
2018,Telstra,-34.40722,138.4475,Y,,Y,,,,
2018,Telstra,-34.407,150.48663,Y,,Y,,Y,,
2018,Telstra,-34.40333,139.19556,Y,,Y,,,,
2018,Telstra,-34.40187,150.85667,Y,,,,,,
2018,Telstra,-34.40158,149.530863,,,,,Y,,
2018,Telstra,-34.40033,150.896596,Y,,Y,,Y,,
2018,Telstra,-34.3994208,149.8116608,Y,,Y,,,,
2018,Telstra,-34.39735,150.53313,Y,,,,,,
2018,Telstra,-34.3944,143.6285,Y,,,,,,
2018,Telstra,-34.39371,116.116146,Y,,Y,,,,
2018,Telstra,-34.3925,135.95443,Y,,Y,,Y,,
2018,Telstra,-34.3924,119.37979,Y,,Y,,,,
2018,Telstra,-34.38918,150.87724,Y,,,,Y,,
2018,Telstra,-34.38829,141.5979,Y,,Y,,,,
2018,Telstra,-34.3875,150.89102,Y,,Y,,Y,,
2018,Telstra,-34.37841,136.09743,Y,,Y,,,,
2018,Telstra,-34.37479,146.92836,Y,,Y,,,,
2018,Telstra,-34.37426,137.67313,Y,,Y,,,,
2018,Telstra,-34.37376,148.27717,Y,,Y,,Y,,
2018,Telstra,-34.37118,150.8979,Y,Y,Y,,Y,,
2018,Telstra,-34.37116,150.53688,Y,,Y,,,,
2018,Telstra,-34.37079,117.54773,Y,,Y,,,,
2018,Telstra,-34.370226,150.925733,Y,,Y,,Y,,
2018,Telstra,-34.36306,139.54222,Y,,Y,,Y,,
2018,Telstra,-34.363003,150.309405,Y,,,,,,
2018,Telstra,-34.36167,118.74342,Y,,Y,,,,
2018,Telstra,-34.35934,150.48097,Y,Y,Y,,Y,,
2018,Telstra,-34.35692,146.20215,Y,,Y,,,,
2018,Telstra,-34.35667,137.69444,Y,,Y,,,,
2018,Telstra,-34.356418,150.91152,Y,,Y,,Y,,
2018,Telstra,-34.35275,138.68993,Y,,Y,,Y,,
2018,Telstra,-34.351502,139.612413,,,Y,,,,
2018,Telstra,-34.34741,147.22105,Y,,Y,,,,
2018,Telstra,-34.34417,150.90537,Y,,,,Y,,
2018,Telstra,-34.34263,117.06321,Y,,Y,,,,
2018,Telstra,-34.3425,116.46355,Y,,,,,,
2018,Telstra,-34.34097,150.55535,Y,,Y,,,,
2018,Telstra,-34.3399,142.2845,Y,,,,,,
2018,Telstra,-34.33536,116.11084,Y,,Y,,,,
2018,Telstra,-34.33479,116.30439,Y,,Y,,,,
2018,Telstra,-34.3316,146.03265,Y,,Y,,,,
2018,Telstra,-34.33026,138.91204,Y,,Y,,Y,,
2018,Telstra,-34.32872,115.12919,Y,,,,,,
2018,Telstra,-34.32827,150.89615,Y,Y,Y,,,,
2018,Telstra,-34.32477,150.77071,Y,,Y,,,,
2018,Telstra,-34.32354,150.88199,Y,,Y,,,,
2018,Telstra,-34.3232,118.34582,Y,,,,,,
2018,Telstra,-34.32156,142.39145,Y,,,,,,
2018,Telstra,-34.3166,115.15914,Y,Y,Y,,Y,,
2018,Telstra,-34.316452,150.92129,Y,,Y,,Y,,
2018,Telstra,-34.31583,141.86333,Y,,,,,,
2018,Telstra,-34.31392,148.29669,Y,,Y,,Y,,
2018,Telstra,-34.3126,148.52728,Y,,Y,,,,
2018,Telstra,-34.31098,150.59723,Y,,Y,,Y,,
2018,Telstra,-34.30934,148.27637,Y,,,,,,
2018,Telstra,-34.30877,138.45646,,,,,Y,,
2018,Telstra,-34.303,149.5303,Y,,Y,,,,
2018,Telstra,-34.30053,117.5945,Y,,Y,,,,
2018,Telstra,-34.30028,138.83694,Y,,Y,,,,
2018,Telstra,-34.29985,116.87204,Y,,,,,,
2018,Telstra,-34.299803,142.182282,Y,,Y,,,,Y
2018,Telstra,-34.29878,117.32885,Y,,,,,,
2018,Telstra,-34.29454,148.35145,Y,,Y,,Y,,
2018,Telstra,-34.291818,136.136794,,,,,Y,,
2018,Telstra,-34.290993,146.031816,Y,,Y,,Y,,
2018,Telstra,-34.28861,149.65919,Y,,Y,,,,
2018,Telstra,-34.2876,146.0469,Y,,Y,,Y,,
2018,Telstra,-34.28709,146.08105,Y,,Y,,Y,,
2018,Telstra,-34.28459,150.57586,Y,,Y,,Y,,
2018,Telstra,-34.28419,146.57132,Y,,Y,,,,
2018,Telstra,-34.28234,140.598333,Y,,Y,,Y,,
2018,Telstra,-34.276638,146.02775,Y,,Y,,Y,,
2018,Telstra,-34.27637,146.053377,Y,,Y,,Y,,
2018,Telstra,-34.27612,141.5808,Y,,,,,,
2018,Telstra,-34.2729,150.6425,Y,,Y,,,,
2018,Telstra,-34.271754,141.134295,Y,,Y,,,,
2018,Telstra,-34.2702,138.54808,Y,,Y,,Y,,
2018,Telstra,-34.26833,135.725,Y,,Y,,Y,,
2018,Telstra,-34.26751,115.20919,Y,,Y,,,,
2018,Telstra,-34.26535,150.87982,Y,,,,,,
2018,Telstra,-34.26504,150.96474,Y,,Y,,Y,,
2018,Telstra,-34.26345,150.954426,Y,,Y,,,,
2018,Telstra,-34.26143,150.95095,Y,,Y,,Y,,
2018,Telstra,-34.25688,140.8638167,Y,,Y,,,,
2018,Telstra,-34.25472,138.17917,Y,,Y,,,,
2018,Telstra,-34.25338,116.14643,Y,Y,Y,,Y,,
2018,Telstra,-34.25333,140.45694,Y,,Y,,Y,,
2018,Telstra,-34.25323,118.22035,Y,,Y,,,,
2018,Telstra,-34.24751,146.19113,Y,,Y,,,,
2018,Telstra,-34.24042,142.16386,Y,,Y,,,,
2018,Telstra,-34.23702,140.55834,,,,,Y,,
2018,Telstra,-34.235845,142.096055,Y,,Y,,,,Y
2018,Telstra,-34.23419,116.05253,Y,,Y,,,,
2018,Telstra,-34.23363,150.55457,Y,,Y,,Y,,
2018,Telstra,-34.2306,140.34003,Y,,,,,,
2018,Telstra,-34.22394,147.88477,Y,,,,,,
2018,Telstra,-34.22094,150.9879,Y,,Y,,Y,,
2018,Telstra,-34.220046,150.824492,Y,,,,,,
2018,Telstra,-34.220046,150.824492,Y,,,,,,
2018,Telstra,-34.220046,150.824492,Y,,,,,,
2018,Telstra,-34.21987,116.69241,Y,,,,,,
2018,Telstra,-34.21881,150.71701,Y,,,,,,
2018,Telstra,-34.218802,150.717021,Y,,,,,,
2018,Telstra,-34.218492,142.110973,Y,,Y,,,,
2018,Telstra,-34.21585,138.02109,Y,,Y,,,,
2018,Telstra,-34.21041,135.84423,,,Y,,,,
2018,Telstra,-34.20848,150.59718,Y,Y,Y,,Y,,
2018,Telstra,-34.2078,142.1383,Y,Y,Y,,Y,,
2018,Telstra,-34.20771,150.79478,Y,,Y,,,,
2018,Telstra,-34.20747,150.9984,Y,,,,,,
2018,Telstra,-34.205723,142.166257,Y,,Y,,,,Y
2018,Telstra,-34.20468,115.26937,Y,,Y,,,,
2018,Telstra,-34.20389,150.56514,Y,,Y,,,,
2018,Telstra,-34.20347,142.20979,Y,,Y,,,,
2018,Telstra,-34.20298,118.93904,Y,,,,,,
2018,Telstra,-34.19909,150.70778,Y,,Y,,,,
2018,Telstra,-34.19869,150.97392,Y,,Y,,Y,,
2018,Telstra,-34.19504,144.10336,Y,,,,,,
2018,Telstra,-34.18889,139.93194,Y,,Y,,Y,,
2018,Telstra,-34.18889,140.26556,Y,,Y,,,,
2018,Telstra,-34.18631,142.13303,Y,,Y,,,,Y
2018,Telstra,-34.1828,142.1619,Y,Y,Y,,Y,,
2018,Telstra,-34.1825,139.06833,Y,,Y,,,,
2018,Telstra,-34.18052,117.38869,Y,,Y,,,,
2018,Telstra,-34.1795,139.98781,Y,,Y,,Y,,
2018,Telstra,-34.17936,140.7432,Y,,Y,,Y,,
2018,Telstra,-34.17861,138.83222,Y,,Y,,Y,,
2018,Telstra,-34.17727,150.99957,Y,,Y,,,,
2018,Telstra,-34.17485,138.16674,Y,,Y,,Y,,
2018,Telstra,-34.16978,150.96988,Y,,Y,,Y,,
2018,Telstra,-34.16899,150.726001,Y,,Y,,,,
2018,Telstra,-34.168311,142.06017,Y,,Y,,,,
2018,Telstra,-34.16743,150.61868,Y,,Y,,Y,,
2018,Telstra,-34.16694,140.78194,Y,,Y,,Y,,
2018,Telstra,-34.16464,115.09445,Y,,Y,,,,
2018,Telstra,-34.15714,138.74712,,,Y,,,,
2018,Telstra,-34.15337,115.50637,Y,,Y,,,,
2018,Telstra,-34.14738,147.38351,Y,,Y,,,,
2018,Telstra,-34.14667,138.41611,Y,,Y,,Y,,
2018,Telstra,-34.14216,150.66585,Y,,Y,,,,
2018,Telstra,-34.140962,135.730395,,,,,Y,,
2018,Telstra,-34.13949,147.14088,Y,,Y,,,,
2018,Telstra,-34.13091,147.27995,Y,,Y,,,,
2018,Telstra,-34.12667,136.30139,Y,,,,Y,,
2018,Telstra,-34.12543,140.71268,,,Y,,,,
2018,Telstra,-34.125315,141.99474,Y,,Y,,,,
2018,Telstra,-34.125,135.34111,Y,,Y,,,,
2018,Telstra,-34.121987,146.234988,Y,,Y,,,,
2018,Telstra,-34.11905,136.34767,,,,,Y,,
2018,Telstra,-34.11869,150.99301,Y,,Y,,,,
2018,Telstra,-34.11744,117.3692,Y,,,,,,
2018,Telstra,-34.10972,150.77071,Y,,Y,,,,
2018,Telstra,-34.10811,145.85094,,,Y,,,,
2018,Telstra,-34.10496,115.80941,Y,,Y,,,,
2018,Telstra,-34.104149,150.784518,Y,Y,Y,,Y,,
2018,Telstra,-34.10274,141.9162,Y,,Y,,,,
2018,Telstra,-34.10092,150.8027,Y,,Y,,Y,,
2018,Telstra,-34.09922,150.69771,Y,,Y,,Y,,
2018,Telstra,-34.09695,150.99684,Y,,Y,,,,
2018,Telstra,-34.09618,117.011165,Y,,Y,,,,
2018,Telstra,-34.09317,150.8186,Y,,Y,,Y,,
2018,Telstra,-34.08833,138.78028,Y,,,,,,
2018,Telstra,-34.08571,140.67157,Y,,Y,,,,
2018,Telstra,-34.0849,151.0159,Y,,Y,,,,
2018,Telstra,-34.08418,149.15031,,,,,Y,,
2018,Telstra,-34.08136,150.50125,Y,,Y,,,,
2018,Telstra,-34.07946,150.56358,Y,,Y,,,,
2018,Telstra,-34.07789,150.80632,Y,,Y,,Y,,
2018,Telstra,-34.076794,150.748824,Y,Y,,,Y,,
2018,Telstra,-34.07643,150.82443,Y,,,,Y,,
2018,Telstra,-34.07564,150.77678,Y,,,,,,
2018,Telstra,-34.07521,150.79795,Y,,,,Y,,
2018,Telstra,-34.0744,137.57389,Y,,Y,,Y,,
2018,Telstra,-34.07285,150.84212,Y,,Y,,Y,,
2018,Telstra,-34.07197,150.63797,Y,,Y,,,,
2018,Telstra,-34.07157,118.26172,Y,,Y,,,,
2018,Telstra,-34.06823,150.81181,Y,,Y,,Y,,
2018,Telstra,-34.0668,150.71014,Y,,Y,,,,
2018,Telstra,-34.0659,151.0115,Y,,Y,,Y,,
2018,Telstra,-34.0634,150.8204,Y,,,,Y,,
2018,Telstra,-34.06233,150.69412,Y,,Y,,Y,,
2018,Telstra,-34.06201,151.1531,Y,Y,Y,,Y,,
2018,Telstra,-34.060713,137.598556,Y,,Y,,Y,,
2018,Telstra,-34.060072,151.121059,Y,Y,Y,,Y,,
2018,Telstra,-34.05774,151.03638,Y,,Y,,Y,,
2018,Telstra,-34.05743,150.78334,Y,Y,Y,,Y,,
2018,Telstra,-34.054965,150.695749,Y,,,,Y,,
2018,Telstra,-34.05361,137.91833,Y,,Y,,,,
2018,Telstra,-34.0534,116.17042,Y,,,,,,
2018,Telstra,-34.05196,150.73109,Y,Y,Y,,Y,,
2018,Telstra,-34.05159,151.15158,Y,,Y,,Y,,
2018,Telstra,-34.05148,150.81072,Y,,Y,,Y,,
2018,Telstra,-34.05141,150.83366,Y,Y,Y,,Y,,
2018,Telstra,-34.04965,148.43976,Y,,Y,,,,
2018,Telstra,-34.04839,139.75993,Y,,Y,,,,
2018,Telstra,-34.04811,151.15199,Y,Y,Y,,Y,,
2018,Telstra,-34.04701,150.85942,Y,,Y,,Y,,
2018,Telstra,-34.04547,151.08239,Y,Y,Y,,Y,,
2018,Telstra,-34.04413,117.641923,,,,,Y,,
2018,Telstra,-34.04347,151.05352,Y,,Y,,Y,,
2018,Telstra,-34.04265,151.12218,Y,,Y,,Y,,
2018,Telstra,-34.04252,150.78479,Y,Y,Y,,Y,,
2018,Telstra,-34.04205,150.73823,Y,,,,,,
2018,Telstra,-34.04179,150.75261,Y,,Y,,Y,,
2018,Telstra,-34.03956,150.99871,Y,,Y,,Y,,
2018,Telstra,-34.03917,150.76096,Y,,Y,,Y,,
2018,Telstra,-34.03846,151.13964,Y,Y,Y,,Y,,
2018,Telstra,-34.03783,150.73256,Y,,Y,,Y,,
2018,Telstra,-34.03688,151.114255,Y,,Y,,Y,,
2018,Telstra,-34.0367,151.08493,Y,,Y,,Y,,
2018,Telstra,-34.03539,151.10106,Y,Y,Y,,Y,,
2018,Telstra,-34.03539,151.10106,Y,,,,Y,,
2018,Telstra,-34.0353,151.101,Y,,,,,,
2018,Telstra,-34.03472,139.67139,Y,,,,,,
2018,Telstra,-34.03397,151.02399,Y,,Y,,,,
2018,Telstra,-34.0324,115.09453,Y,,Y,,Y,,
2018,Telstra,-34.03071,151.06089,Y,,Y,,Y,,
2018,Telstra,-34.02994,151.06624,Y,,Y,,Y,,
2018,Telstra,-34.02991,150.81422,Y,,Y,,Y,,
2018,Telstra,-34.02971,150.86097,Y,,Y,,Y,,
2018,Telstra,-34.02906,151.12573,Y,,Y,,Y,,
2018,Telstra,-34.02827,150.834178,Y,,Y,,Y,,
2018,Telstra,-34.02739,151.08057,Y,,Y,,Y,,
2018,Telstra,-34.02713,139.66522,Y,,Y,,Y,,
2018,Telstra,-34.02494,151.10537,Y,,Y,,Y,,
2018,Telstra,-34.02484,151.12139,Y,,Y,,Y,,
2018,Telstra,-34.02299,150.8416,Y,,Y,,Y,,
2018,Telstra,-34.019156,150.794422,Y,,Y,,Y,,
2018,Telstra,-34.01841,151.0544,Y,,Y,,Y,,
2018,Telstra,-34.018199,151.029421,Y,,Y,,Y,,
2018,Telstra,-34.01701,151.06563,Y,,Y,,Y,,
2018,Telstra,-34.01556,117.69636,Y,,,,,,
2018,Telstra,-34.0152,151.01263,Y,,Y,,Y,,
2018,Telstra,-34.013,151.09446,Y,,Y,,Y,,
2018,Telstra,-34.0124,151.20889,Y,,Y,,Y,,
2018,Telstra,-34.012003,150.774929,Y,,Y,,Y,,
2018,Telstra,-34.01132,150.8304,Y,,Y,,,,
2018,Telstra,-34.00924,151.0759,Y,,,,Y,,
2018,Telstra,-34.00859,150.87626,Y,Y,Y,,Y,,
2018,Telstra,-34.00858,151.10674,Y,,Y,,Y,,
2018,Telstra,-34.00446,150.85796,Y,,Y,,Y,,
2018,Telstra,-34.00446,150.85796,Y,,,,,,
2018,Telstra,-34.0043,150.84257,Y,,Y,,,,
2018,Telstra,-34.00343,151.06912,Y,,Y,,Y,,
2018,Telstra,-34.00156,138.90799,Y,,,,,,
2018,Telstra,-34.00113,115.81015,Y,,Y,,,,
2018,Telstra,-34.00102,150.74001,Y,,Y,,Y,,
2018,Telstra,-33.99986,150.69685,Y,,Y,,Y,,
2018,Telstra,-33.99848,115.19352,Y,,Y,,,,
2018,Telstra,-33.99833,151.025543,Y,,Y,,,,
2018,Telstra,-33.99824,148.40084,,,,,Y,,
2018,Telstra,-33.9972,151.0425,Y,,Y,,Y,,
2018,Telstra,-33.99655,150.85831,Y,,Y,,Y,,
2018,Telstra,-33.99541,151.11697,Y,,Y,,Y,,
2018,Telstra,-33.994711,146.884223,,,,,Y,,
2018,Telstra,-33.99335,151.13187,Y,,Y,,Y,,
2018,Telstra,-33.99278,138.67667,Y,,Y,,,,
2018,Telstra,-33.99229,151.14602,Y,,,,,,
2018,Telstra,-33.9915,151.02704,Y,,Y,,,,
2018,Telstra,-33.9873,151.13478,Y,,,,,,
2018,Telstra,-33.98715,151.13466,Y,,Y,,Y,,
2018,Telstra,-33.98629,151.24068,Y,,Y,,Y,,
2018,Telstra,-33.9862,150.865,Y,,,,,,
2018,Telstra,-33.98609,115.00392,Y,,Y,,Y,,
2018,Telstra,-33.986037,151.14295,Y,,Y,,Y,,
2018,Telstra,-33.98596,150.8562,Y,,,,,,
2018,Telstra,-33.98589,150.99352,Y,,Y,,,,
2018,Telstra,-33.98561,151.14732,Y,,Y,,,,
2018,Telstra,-33.98422,138.1943,Y,,Y,,,,
2018,Telstra,-33.98253,151.11466,Y,,Y,,Y,,
2018,Telstra,-33.98247,150.74331,Y,,Y,,Y,,
2018,Telstra,-33.98188,151.08136,Y,,Y,,Y,,
2018,Telstra,-33.98138,150.88376,Y,,Y,,Y,,
2018,Telstra,-33.97995,145.70922,Y,,Y,,,,
2018,Telstra,-33.97952,150.79665,Y,,Y,,Y,,
2018,Telstra,-33.97928,151.01253,Y,,Y,,,,
2018,Telstra,-33.97853,115.76505,Y,,,,,,
2018,Telstra,-33.9781,151.105,Y,,Y,,Y,,
2018,Telstra,-33.97687,150.57303,Y,,Y,,,,
2018,Telstra,-33.97586,151.0474,Y,,,,Y,,
2018,Telstra,-33.9756,150.95601,Y,,Y,,Y,,
2018,Telstra,-33.97517,151.12953,Y,Y,Y,,Y,,
2018,Telstra,-33.97443,151.21687,Y,,Y,,Y,,Y
2018,Telstra,-33.97432,151.15061,Y,,Y,,,,
2018,Telstra,-33.97211,150.82769,Y,,Y,,,,
2018,Telstra,-33.97182,151.08013,Y,,Y,,Y,,
2018,Telstra,-33.96822,151.03543,Y,,Y,,Y,,
2018,Telstra,-33.9682,151.10292,Y,,Y,,Y,,
2018,Telstra,-33.96819,151.06489,Y,,Y,,Y,,
2018,Telstra,-33.96805,150.9045,Y,,Y,,Y,,
2018,Telstra,-33.96788,151.2304,Y,,Y,,Y,,Y
2018,Telstra,-33.96742,151.13416,Y,Y,Y,,Y,,
2018,Telstra,-33.96735,151.13292,Y,,,,Y,,
2018,Telstra,-33.96648,151.1043,Y,,,,Y,,
2018,Telstra,-33.96647,148.949821,,,,,Y,,
2018,Telstra,-33.96556,116.14219,Y,,Y,,Y,,
2018,Telstra,-33.96535,151.10133,Y,,Y,,Y,,
2018,Telstra,-33.96498,151.00276,Y,,Y,,Y,,
2018,Telstra,-33.964551,151.094666,Y,,Y,,Y,,
2018,Telstra,-33.96454,151.10057,Y,,,,,,
2018,Telstra,-33.96436,118.48808,Y,,Y,,,,
2018,Telstra,-33.9643,150.79368,Y,,Y,,,,
2018,Telstra,-33.964284,137.717418,Y,,Y,,Y,,
2018,Telstra,-33.96397,115.07633,Y,,Y,,Y,,
2018,Telstra,-33.96391,151.01975,Y,,Y,,Y,,
2018,Telstra,-33.96389,151.1329,Y,,Y,,Y,,Y
2018,Telstra,-33.96343,151.13412,Y,,,,,,
2018,Telstra,-33.96295,151.0669,Y,,Y,,,,
2018,Telstra,-33.96283,150.98363,Y,,Y,,Y,,
2018,Telstra,-33.96245,151.21764,Y,,Y,,Y,,
2018,Telstra,-33.96241,151.23758,Y,,Y,,Y,,
2018,Telstra,-33.96225,151.07932,Y,,Y,,Y,,
2018,Telstra,-33.96052,151.04916,Y,,Y,,Y,,
2018,Telstra,-33.96046,151.15572,Y,,,,,,
2018,Telstra,-33.96046,151.15572,Y,,Y,,Y,,
2018,Telstra,-33.96005,150.9397,,Y,,,,,
2018,Telstra,-33.96003,151.25161,Y,,Y,,Y,,Y
2018,Telstra,-33.96001,117.26515,Y,,Y,,,,
2018,Telstra,-33.9597078,151.2111993,Y,,Y,,Y,,Y
2018,Telstra,-33.95953,151.14762,Y,,Y,,Y,,Y
2018,Telstra,-33.95847,151.10283,Y,,Y,,,,
2018,Telstra,-33.95841,151.140611,Y,,,,Y,,
2018,Telstra,-33.95806,151.11757,Y,,Y,,Y,,
2018,Telstra,-33.95785,150.72732,Y,,Y,,,,
2018,Telstra,-33.95762,150.89041,Y,Y,Y,,Y,,
2018,Telstra,-33.95688,150.95857,,Y,,,,,
2018,Telstra,-33.95576,150.86443,Y,,Y,,,,
2018,Telstra,-33.95554,151.13801,Y,,Y,,Y,,
2018,Telstra,-33.95489,150.99879,Y,,Y,,,,
2018,Telstra,-33.95443,150.9438,Y,,Y,,Y,,
2018,Telstra,-33.95361,150.83426,Y,,Y,,Y,,
2018,Telstra,-33.95304,151.08332,Y,,Y,,Y,,
2018,Telstra,-33.95294,151.13755,Y,,,,,,
2018,Telstra,-33.95272,151.06555,Y,,Y,,Y,,
2018,Telstra,-33.95206,151.0135,Y,,Y,,Y,,
2018,Telstra,-33.95204,151.22364,Y,,Y,,Y,,Y
2018,Telstra,-33.95147,151.161184,,,,,,,Y
2018,Telstra,-33.95146,151.2309,Y,,Y,,Y,,
2018,Telstra,-33.951102,151.039398,Y,,Y,,Y,,
2018,Telstra,-33.95085,115.07702,Y,Y,Y,,Y,,
2018,Telstra,-33.95071,151.202837,Y,,Y,,Y,,Y
2018,Telstra,-33.94939,151.125,Y,,Y,,Y,,
2018,Telstra,-33.94922,150.90657,Y,,Y,,Y,,
2018,Telstra,-33.94917,150.8856,Y,,Y,,Y,,
2018,Telstra,-33.94907,151.11346,Y,,Y,,Y,,Y
2018,Telstra,-33.94878,151.13973,Y,,Y,,Y,,
2018,Telstra,-33.94878,151.13973,Y,,,,,,
2018,Telstra,-33.9471,151.19091,Y,,Y,,Y,,Y
2018,Telstra,-33.9468,150.82429,Y,,Y,,Y,,
2018,Telstra,-33.94674,151.16714,Y,Y,Y,,Y,,
2018,Telstra,-33.94602,150.97283,Y,,Y,,Y,,
2018,Telstra,-33.94599,151.20207,Y,,Y,,Y,,Y
2018,Telstra,-33.94597,151.21968,Y,,Y,,Y,,Y
2018,Telstra,-33.94592,151.05149,Y,,Y,,Y,,
2018,Telstra,-33.94565,151.01833,Y,,Y,,Y,,
2018,Telstra,-33.94505,151.25441,Y,,Y,,Y,,
2018,Telstra,-33.9449,150.95435,Y,,Y,,Y,,
2018,Telstra,-33.94471,151.22379,Y,,,,Y,,
2018,Telstra,-33.94381,147.77835,Y,,,,,,
2018,Telstra,-33.942341,150.900322,Y,,Y,,Y,,
2018,Telstra,-33.94234,151.2392,Y,,Y,,Y,,Y
2018,Telstra,-33.941985,151.217451,Y,,,,,,
2018,Telstra,-33.94156,151.13164,Y,,Y,,Y,,
2018,Telstra,-33.94137,118.91874,Y,,Y,,,,
2018,Telstra,-33.94119,151.07634,Y,,Y,,Y,,
2018,Telstra,-33.94118,150.94149,Y,,Y,,Y,,
2018,Telstra,-33.94114,150.72622,Y,,Y,,,,
2018,Telstra,-33.94034,151.10053,Y,,Y,,Y,,
2018,Telstra,-33.9403,151.2277,Y,,Y,,Y,,
2018,Telstra,-33.93997,151.19653,Y,,Y,,Y,,Y
2018,Telstra,-33.93909,151.25355,Y,,Y,,Y,,Y
2018,Telstra,-33.93907,150.99417,Y,,Y,,Y,,
2018,Telstra,-33.93854,151.14917,Y,Y,Y,,Y,,
2018,Telstra,-33.93846,150.93072,Y,,Y,,,,
2018,Telstra,-33.93822,151.06031,Y,,Y,,Y,,
2018,Telstra,-33.937558,151.1657,Y,,,,Y,,
2018,Telstra,-33.93734,151.1524,Y,,,,Y,,
2018,Telstra,-33.93723,151.11267,Y,,Y,,Y,,
2018,Telstra,-33.93719,118.00713,Y,,Y,,,,
2018,Telstra,-33.93679,150.84609,Y,,Y,,Y,,
2018,Telstra,-33.93641,151.09645,Y,,Y,,Y,,Y
2018,Telstra,-33.93623,151.20915,Y,,,,Y,,
2018,Telstra,-33.93603,151.11209,Y,,,,Y,,
2018,Telstra,-33.935646,151.029134,Y,,Y,,Y,,
2018,Telstra,-33.93469,151.01045,Y,,Y,,Y,,
2018,Telstra,-33.93464,115.08644,Y,,Y,,Y,,
2018,Telstra,-33.93456,151.1572,Y,,Y,,Y,,
2018,Telstra,-33.93425,150.88658,Y,,Y,,Y,,Y
2018,Telstra,-33.93416,151.17938,Y,Y,Y,,Y,,Y
2018,Telstra,-33.93406,151.06875,Y,,Y,,Y,,
2018,Telstra,-33.93364,150.8654,Y,,Y,,Y,,
2018,Telstra,-33.93313,150.769425,Y,,Y,,,,
2018,Telstra,-33.93303,120.13353,Y,,Y,,,,
2018,Telstra,-33.93302,150.94045,Y,,Y,,Y,,
2018,Telstra,-33.93285,151.1842,Y,Y,Y,,Y,,
2018,Telstra,-33.932616,151.257462,Y,,Y,,Y,,
2018,Telstra,-33.932309,151.179206,Y,Y,Y,,Y,,Y
2018,Telstra,-33.93186,151.04992,Y,,Y,,Y,,
2018,Telstra,-33.93138,150.98836,Y,,Y,,Y,,Y
2018,Telstra,-33.9312,151.07507,Y,,Y,,Y,,
2018,Telstra,-33.93102,150.9086,Y,,Y,,Y,,
2018,Telstra,-33.93052,115.21352,Y,,Y,,,,
2018,Telstra,-33.93,137.62083,Y,,Y,,Y,,Y
2018,Telstra,-33.92959,151.23985,Y,,Y,,Y,,Y
2018,Telstra,-33.929323,151.193992,Y,,Y,,Y,,
2018,Telstra,-33.92897,118.23084,Y,,,,,,
2018,Telstra,-33.92871,151.02202,Y,,Y,,,,
2018,Telstra,-33.92775,151.1404,Y,,Y,,Y,,
2018,Telstra,-33.92773,151.10949,Y,,Y,,Y,,
2018,Telstra,-33.92752,150.86967,Y,,Y,,Y,,
2018,Telstra,-33.927398,151.214763,Y,,Y,,Y,,Y
2018,Telstra,-33.92697,150.8059707,Y,,Y,,,,
2018,Telstra,-33.92628,151.15359,Y,,Y,,Y,,Y
2018,Telstra,-33.92625,150.9657,Y,,Y,,Y,,
2018,Telstra,-33.92625,151.12742,Y,,Y,,Y,,Y
2018,Telstra,-33.92614,150.923903,Y,Y,Y,,Y,,Y
2018,Telstra,-33.92587,151.09763,Y,,Y,,Y,,
2018,Telstra,-33.92558,151.23111,Y,,Y,,Y,,Y
2018,Telstra,-33.925181,151.178053,Y,,Y,,Y,,
2018,Telstra,-33.92503,151.05519,Y,,Y,,Y,,
2018,Telstra,-33.92491,151.20729,Y,,Y,,Y,,Y
2018,Telstra,-33.924799,151.188043,Y,,Y,,Y,,
2018,Telstra,-33.923217,151.187345,Y,,,,,,
2018,Telstra,-33.923217,151.187345,Y,,,,Y,,
2018,Telstra,-33.92274,151.16275,Y,,Y,,Y,,Y
2018,Telstra,-33.92271,151.01197,Y,,Y,,Y,,
2018,Telstra,-33.92235,151.18074,Y,,Y,,Y,,Y
2018,Telstra,-33.92231,151.25571,Y,Y,Y,,Y,,Y
2018,Telstra,-33.92219,151.06842,Y,,Y,,Y,,
2018,Telstra,-33.921854,147.206275,Y,,Y,,Y,,
2018,Telstra,-33.92076,151.07624,Y,,Y,,Y,,
2018,Telstra,-33.920226,150.930031,Y,,Y,,Y,,Y
2018,Telstra,-33.9199,151.20258,Y,,Y,,Y,,
2018,Telstra,-33.91879,150.92397,Y,,,,Y,,
2018,Telstra,-33.91848,138.724095,,,,,Y,,
2018,Telstra,-33.918408,150.883692,Y,,Y,,,,
2018,Telstra,-33.91832,151.23863,Y,,,,,,
2018,Telstra,-33.91826,151.19379,Y,Y,Y,,Y,,Y
2018,Telstra,-33.91822,151.26031,Y,,Y,,Y,,
2018,Telstra,-33.918137,151.159113,Y,,Y,,Y,,
2018,Telstra,-33.91807,151.2503,Y,,Y,,Y,,
2018,Telstra,-33.91804,148.85726,Y,,Y,,,,
2018,Telstra,-33.91784,150.99871,Y,,Y,,Y,,
2018,Telstra,-33.91778,150.924771,,,,,,,Y
2018,Telstra,-33.9177,151.23937,Y,Y,Y,,Y,,Y
2018,Telstra,-33.91732,151.23941,Y,,,,Y,,
2018,Telstra,-33.917309,151.238496,Y,,,,,,
2018,Telstra,-33.91727,151.22861,Y,Y,Y,,Y,,
2018,Telstra,-33.91684,116.18704,Y,,Y,,,,
2018,Telstra,-33.91672,151.1437,Y,,Y,,Y,,Y
2018,Telstra,-33.916719,151.032638,Y,,,,,,
2018,Telstra,-33.91655,150.966149,Y,,Y,,Y,,
2018,Telstra,-33.91592,151.1095,Y,,Y,,Y,,
2018,Telstra,-33.91587,151.03839,Y,,,,Y,,
2018,Telstra,-33.91568,151.03096,Y,,Y,,Y,,
2018,Telstra,-33.915364,151.09537,Y,,Y,,Y,,
2018,Telstra,-33.91507,151.03644,Y,,Y,,Y,,
2018,Telstra,-33.915058,151.176294,Y,,Y,,Y,,Y
2018,Telstra,-33.91339,151.18554,Y,,Y,,Y,,
2018,Telstra,-33.91338,151.10388,Y,,,,Y,,
2018,Telstra,-33.91334,151.05667,Y,,Y,,Y,,
2018,Telstra,-33.913304,150.710851,Y,,Y,,,,
2018,Telstra,-33.91319,150.94054,Y,,Y,,Y,,Y
2018,Telstra,-33.91301,115.540304,Y,,Y,,,,
2018,Telstra,-33.912655,151.241876,Y,,Y,,Y,,Y
2018,Telstra,-33.91263282,151.1703926,Y,Y,Y,,Y,,
2018,Telstra,-33.912562,151.207913,Y,,Y,,Y,,
2018,Telstra,-33.91232,151.25832,Y,,Y,,Y,,
2018,Telstra,-33.9122,151.1196,Y,,Y,,,,
2018,Telstra,-33.91181,150.92228,Y,,Y,,Y,,Y
2018,Telstra,-33.91157,151.14106,Y,,Y,,Y,,Y
2018,Telstra,-33.91132,151.20395,Y,,Y,,Y,,Y
2018,Telstra,-33.91123,151.22271,Y,,Y,,Y,,
2018,Telstra,-33.91044,151.13279,Y,,Y,,Y,,
2018,Telstra,-33.90992,151.15559,Y,Y,Y,,Y,,
2018,Telstra,-33.90984,151.23528,Y,Y,Y,,Y,,Y
2018,Telstra,-33.90972,151.19891,Y,Y,Y,,Y,,Y
2018,Telstra,-33.90884,151.01606,Y,,,,,,
2018,Telstra,-33.90839,151.22996,Y,Y,Y,,Y,,Y
2018,Telstra,-33.90802,151.07526,Y,,Y,,Y,,
2018,Telstra,-33.90738,151.10295,Y,,,,Y,,
2018,Telstra,-33.90734,151.24798,Y,,Y,,Y,,Y
2018,Telstra,-33.90717,150.6042,Y,,Y,,Y,,
2018,Telstra,-33.90669,151.268924,Y,,Y,,,,
2018,Telstra,-33.906635,151.171311,Y,,,,Y,,
2018,Telstra,-33.906139,151.021605,Y,,Y,,Y,,
2018,Telstra,-33.90613,151.26186,Y,,Y,,Y,,
2018,Telstra,-33.90611,136.56528,Y,,Y,,,,
2018,Telstra,-33.90592,150.85439,Y,Y,Y,,Y,,
2018,Telstra,-33.90559,151.03918,Y,,Y,,Y,,
2018,Telstra,-33.90533,151.205781,Y,,Y,,Y,,Y
2018,Telstra,-33.90516,151.21308,Y,,,,Y,,
2018,Telstra,-33.905055,151.15765,Y,,Y,,Y,,Y
2018,Telstra,-33.9049,151.22436,Y,Y,Y,,Y,,Y
2018,Telstra,-33.904429,151.266504,Y,,,,,,
2018,Telstra,-33.90442,151.25403,,,,,,,Y
2018,Telstra,-33.904358,151.18619,Y,Y,Y,,Y,,Y
2018,Telstra,-33.90429,151.12993,Y,,Y,,Y,,
2018,Telstra,-33.90308,151.21477,Y,Y,Y,,Y,,
2018,Telstra,-33.90301,151.00911,Y,,Y,,Y,,
2018,Telstra,-33.90261,151.26206,Y,,,,,,
2018,Telstra,-33.90256,151.14307,Y,,,,Y,,
2018,Telstra,-33.90241,150.8729,Y,,Y,,Y,,
2018,Telstra,-33.902333,151.065149,Y,,Y,,Y,,
2018,Telstra,-33.90203,150.97214,Y,,Y,,Y,,
2018,Telstra,-33.90083,151.20275,Y,,Y,,Y,,Y
2018,Telstra,-33.9006,150.91688,Y,,Y,,Y,,
2018,Telstra,-33.89991,150.9931,Y,,,,Y,,
2018,Telstra,-33.89934,151.10632,Y,,Y,,Y,,Y
2018,Telstra,-33.89918,151.26632,Y,,,,Y,,
2018,Telstra,-33.8991,151.17133,Y,,Y,,Y,,
2018,Telstra,-33.89894,151.04689,Y,,Y,,Y,,
2018,Telstra,-33.89745,151.21221,Y,,Y,,Y,,Y
2018,Telstra,-33.896809,151.210975,Y,,,,,,
2018,Telstra,-33.89626,151.19589,Y,,Y,,Y,,Y
2018,Telstra,-33.89624,151.16316,Y,,Y,,Y,,
2018,Telstra,-33.89609,151.2541,Y,Y,Y,,Y,,
2018,Telstra,-33.896077,151.119513,Y,,Y,,Y,,
2018,Telstra,-33.89605,151.17964,Y,Y,Y,,Y,,Y
2018,Telstra,-33.89595,151.2512,Y,,Y,,Y,,
2018,Telstra,-33.89595,151.2512,Y,,,,,,
2018,Telstra,-33.89595,151.2512,Y,,,,,,
2018,Telstra,-33.89527,151.15438,Y,,Y,,Y,,Y
2018,Telstra,-33.89521,148.16857,Y,,Y,,,,
2018,Telstra,-33.894947,151.171405,Y,,Y,,Y,,
2018,Telstra,-33.89478,150.94614,Y,,Y,,Y,,
2018,Telstra,-33.89439,150.90439,Y,,Y,,Y,,
2018,Telstra,-33.89402,150.89097,Y,,Y,,Y,,
2018,Telstra,-33.89386,151.26208,Y,,Y,,Y,,Y
2018,Telstra,-33.89362,150.93578,Y,,Y,,Y,,
2018,Telstra,-33.893299,151.13787,Y,,Y,,Y,,
2018,Telstra,-33.89294,151.20236,Y,Y,Y,,Y,,Y
2018,Telstra,-33.89285,151.18626,Y,Y,Y,,Y,,Y
2018,Telstra,-33.89242,151.22388,Y,Y,,,Y,,
2018,Telstra,-33.89242,151.22388,Y,Y,Y,,Y,,
2018,Telstra,-33.89242,151.22388,Y,Y,,,Y,,
2018,Telstra,-33.89242,151.22388,Y,Y,,,Y,,
2018,Telstra,-33.89233,151.21653,Y,,Y,,Y,,Y
2018,Telstra,-33.89199,151.24717,Y,Y,Y,,Y,,
2018,Telstra,-33.89186,151.19868,Y,Y,,,Y,,
2018,Telstra,-33.89168,151.190911,Y,,,,Y,,
2018,Telstra,-33.89149,151.08299,Y,,Y,,Y,,
2018,Telstra,-33.891452,151.250536,Y,,,,Y,,Y
2018,Telstra,-33.89078,151.18216,Y,,,,Y,,
2018,Telstra,-33.89078,138.629826,,,,,Y,,
2018,Telstra,-33.89064,150.98822,Y,,Y,,Y,,
2018,Telstra,-33.8906,151.23174,Y,Y,Y,,Y,,Y
2018,Telstra,-33.89051,151.27409,Y,Y,Y,,Y,,Y
2018,Telstra,-33.89032,151.20515,Y,,,,Y,,
2018,Telstra,-33.8902,150.60648,Y,,Y,,,,
2018,Telstra,-33.88964,151.21142,Y,Y,Y,,Y,,
2018,Telstra,-33.88955,151.06069,Y,,Y,,Y,,
2018,Telstra,-33.88926,151.183164,,Y,,,Y,,
2018,Telstra,-33.88911,151.22538,Y,Y,,,Y,,
2018,Telstra,-33.8891,151.12589,Y,Y,Y,,Y,,Y
2018,Telstra,-33.88909,151.22409,Y,Y,,,Y,,
2018,Telstra,-33.88906,151.15349,Y,,Y,,Y,,Y
2018,Telstra,-33.88896,151.17099,Y,Y,Y,,Y,,
2018,Telstra,-33.88867,150.8555,Y,,Y,,Y,,
2018,Telstra,-33.888593,150.855927,,Y,,,,,
2018,Telstra,-33.88858,151.04216,Y,,Y,,Y,,
2018,Telstra,-33.888541,151.237808,Y,,,,,,
2018,Telstra,-33.88852,151.19066,Y,,Y,,Y,,Y
2018,Telstra,-33.88851,151.272051,Y,,Y,,Y,,Y
2018,Telstra,-33.8885,151.20063,Y,Y,Y,,Y,,Y
2018,Telstra,-33.88839,150.96871,Y,,Y,,Y,,
2018,Telstra,-33.88808,151.24476,Y,,Y,,Y,,
2018,Telstra,-33.887975,151.124987,Y,,,,,,
2018,Telstra,-33.88781,150.87367,Y,,Y,,,,
2018,Telstra,-33.88736,151.02181,Y,,,,,,
2018,Telstra,-33.88723,151.12151,Y,Y,Y,,Y,,
2018,Telstra,-33.88694,151.17907,Y,Y,Y,,Y,,Y
2018,Telstra,-33.88669,151.28353,Y,,Y,,Y,,Y
2018,Telstra,-33.8866,151.09327,Y,,Y,,Y,,
2018,Telstra,-33.8864,151.2088,Y,,Y,,Y,,Y
2018,Telstra,-33.88629,151.22879,Y,Y,Y,,Y,,Y
2018,Telstra,-33.88628,151.25799,Y,Y,Y,,Y,,
2018,Telstra,-33.88595,151.15761,Y,,Y,,Y,,
2018,Telstra,-33.88564,150.91065,Y,,Y,,,,
2018,Telstra,-33.88526,151.14869,Y,,Y,,Y,,
2018,Telstra,-33.8851,151.2178,Y,,,,Y,,
2018,Telstra,-33.8851,151.23709,Y,,Y,,Y,,Y
2018,Telstra,-33.88491,150.89214,Y,,Y,,Y,,
2018,Telstra,-33.88466,151.19561,Y,Y,Y,,Y,,Y
2018,Telstra,-33.88462,150.92402,Y,,Y,,Y,,
2018,Telstra,-33.88444,138.70556,Y,,,,,,
2018,Telstra,-33.88434,151.01264,Y,,Y,,Y,,
2018,Telstra,-33.88434,151.01264,,,,,Y,,
2018,Telstra,-33.88432,151.20307,Y,Y,Y,,Y,,Y
2018,Telstra,-33.88424,151.18644,Y,Y,Y,,Y,,Y
2018,Telstra,-33.8842,151.21034,Y,Y,Y,,Y,,Y
2018,Telstra,-33.883125,151.134215,Y,,,,Y,,
2018,Telstra,-33.88292,150.94002,Y,,Y,,,,
2018,Telstra,-33.88284,151.20719,Y,,,,,,
2018,Telstra,-33.88274,151.06866,Y,,Y,,Y,,
2018,Telstra,-33.88262,151.20615,Y,,,,,,
2018,Telstra,-33.88259,151.02144,Y,,Y,,Y,,
2018,Telstra,-33.88251,151.04759,Y,,Y,,Y,,
2018,Telstra,-33.88206,151.21672,Y,Y,Y,,Y,,Y
2018,Telstra,-33.88197743,151.1693421,Y,,Y,,Y,,Y
2018,Telstra,-33.8813,151.22057,Y,,,,,,
2018,Telstra,-33.881254,151.27036,Y,,,,Y,,
2018,Telstra,-33.880726,151.205692,Y,Y,Y,,Y,,Y
2018,Telstra,-33.88061,151.188674,Y,,Y,,Y,,Y
2018,Telstra,-33.88058,151.20046,Y,,Y,,Y,,
2018,Telstra,-33.88024,151.20569,Y,Y,,,,,
2018,Telstra,-33.88024,151.20569,Y,Y,,,,,
2018,Telstra,-33.88024,151.20569,Y,Y,,,,,
2018,Telstra,-33.88024,151.20569,Y,Y,,,,,
2018,Telstra,-33.88024,151.20569,Y,Y,,,,,
2018,Telstra,-33.88024,151.20569,Y,Y,,,,,
2018,Telstra,-33.88024,151.20569,,,,,Y,,
2018,Telstra,-33.88024,151.20569,,,,,Y,,
2018,Telstra,-33.88024,151.20569,Y,,Y,,Y,,
2018,Telstra,-33.88024,151.20569,,,,,Y,,Y
2018,Telstra,-33.88024,151.20569,,,,,Y,,Y
2018,Telstra,-33.88024,151.20569,,,,,Y,,Y
2018,Telstra,-33.88024,151.20569,Y,Y,,,Y,,Y
2018,Telstra,-33.88024,151.20569,Y,Y,,,Y,,
2018,Telstra,-33.88024,151.20569,Y,Y,,,Y,,
2018,Telstra,-33.88024,151.20569,Y,Y,,,,,
2018,Telstra,-33.88024,151.20569,Y,Y,,,,,
2018,Telstra,-33.88024,151.20569,Y,,,,,,
2018,Telstra,-33.88024,151.20569,,,,,Y,,
2018,Telstra,-33.880228,150.978037,Y,,Y,,Y,,
2018,Telstra,-33.879859,151.203827,Y,,,,Y,,
2018,Telstra,-33.87964,151.23648,Y,,,,,,
2018,Telstra,-33.87964,151.23648,Y,,,,,,
2018,Telstra,-33.87964,151.23648,Y,,,,Y,,
2018,Telstra,-33.879491,151.238482,Y,,,,,,
2018,Telstra,-33.87949,151.23865,Y,,Y,,Y,,
2018,Telstra,-33.87933,150.83425,Y,,Y,,,,
2018,Telstra,-33.87909,151.19977,Y,,,,,,
2018,Telstra,-33.87903,151.23555,Y,,Y,,Y,,Y
2018,Telstra,-33.879,151.19801,Y,Y,Y,,Y,,Y
2018,Telstra,-33.87866,151.20888,Y,Y,Y,,Y,,
2018,Telstra,-33.87866,151.20888,Y,Y,,,,,
2018,Telstra,-33.878647,151.213444,Y,Y,Y,,Y,,Y
2018,Telstra,-33.87829,151.20345,Y,Y,Y,,Y,,Y
2018,Telstra,-33.87814,151.20891,Y,,,,Y,,
2018,Telstra,-33.87813,151.22234,Y,Y,Y,,Y,,Y
2018,Telstra,-33.87806,151.20134,Y,,,,Y,,
2018,Telstra,-33.87803,151.10421,Y,,,,,,
2018,Telstra,-33.877784,151.208014,Y,,,,Y,,
2018,Telstra,-33.87773,151.21732,,,,,,,Y
2018,Telstra,-33.8775,151.17783,Y,,Y,,Y,,Y
2018,Telstra,-33.87743,151.10136,Y,Y,Y,,Y,,
2018,Telstra,-33.87734,151.21237,Y,Y,Y,,Y,,
2018,Telstra,-33.87725,150.96626,Y,,Y,,Y,,
2018,Telstra,-33.87712,151.23198,Y,Y,Y,,Y,,Y
2018,Telstra,-33.877,151.21062,Y,,,,Y,,
2018,Telstra,-33.87699,151.20661,Y,,,,Y,,
2018,Telstra,-33.87687,151.20058,Y,,Y,,Y,,Y
2018,Telstra,-33.87687,151.19266,Y,Y,Y,,Y,,Y
2018,Telstra,-33.87663,151.21008,Y,,,,,,
2018,Telstra,-33.87645,151.20625,Y,,,,Y,,
2018,Telstra,-33.87645,151.20625,Y,,,,Y,,
2018,Telstra,-33.87624,151.21237,Y,,,,Y,,
2018,Telstra,-33.87618,151.10105,Y,,,,,,
2018,Telstra,-33.876123,150.858727,Y,,Y,,,,
2018,Telstra,-33.87609,151.00426,Y,,Y,,Y,,
2018,Telstra,-33.87606,151.24343,Y,Y,Y,,Y,,
2018,Telstra,-33.875716,151.217127,Y,,,,Y,,
2018,Telstra,-33.87571,151.20879,Y,Y,Y,,Y,,Y
2018,Telstra,-33.87571,151.20879,Y,,,,,,
2018,Telstra,-33.87571,151.20879,Y,,,,,,
2018,Telstra,-33.87568,151.20921,Y,,,,,,
2018,Telstra,-33.87551,151.19782,Y,Y,Y,,Y,,Y
2018,Telstra,-33.87548,151.15835,Y,,Y,,Y,,Y
2018,Telstra,-33.87542,151.22577,Y,Y,Y,,Y,,Y
2018,Telstra,-33.875249,151.203029,Y,,,,Y,,
2018,Telstra,-33.87513,151.20584,Y,Y,Y,,Y,,
2018,Telstra,-33.87512,150.8748,Y,,Y,,,,
2018,Telstra,-33.87512,121.89512,Y,Y,Y,,Y,,
2018,Telstra,-33.87501,151.20937,Y,,Y,,Y,,Y
2018,Telstra,-33.875,138.89833,Y,,,,,,
2018,Telstra,-33.87478,151.12638,Y,,Y,,Y,,Y
2018,Telstra,-33.874779,151.206549,Y,,,,Y,,
2018,Telstra,-33.87473,151.20876,Y,,,,,,
2018,Telstra,-33.874636,151.202382,Y,,,,Y,,
2018,Telstra,-33.87463,151.10604,Y,,,,Y,,
2018,Telstra,-33.87459,151.20693,Y,,,,Y,,
2018,Telstra,-33.874473,151.202235,Y,,Y,,Y,,Y
2018,Telstra,-33.87441,151.21822,Y,Y,Y,,Y,,Y
2018,Telstra,-33.87437,150.98643,Y,,Y,,Y,,
2018,Telstra,-33.87429,151.21331,Y,Y,Y,,Y,,Y
2018,Telstra,-33.8742,150.69687,Y,,Y,,,,
2018,Telstra,-33.8741,151.199675,Y,,,,Y,,
2018,Telstra,-33.874085,151.207269,Y,,,,Y,,
2018,Telstra,-33.874017,151.202519,Y,,,,Y,,
2018,Telstra,-33.87372,151.20686,Y,,,,,,
2018,Telstra,-33.87372,151.20686,Y,Y,,,,,
2018,Telstra,-33.87365,151.20937,Y,,,,Y,,
2018,Telstra,-33.87357,151.18218,Y,Y,Y,,Y,,Y
2018,Telstra,-33.87334,151.19936,Y,,Y,,Y,,Y
2018,Telstra,-33.8733,151.27432,Y,Y,Y,,Y,,Y
2018,Telstra,-33.87309,151.09406,Y,Y,Y,,Y,,Y
2018,Telstra,-33.87305,151.19254,Y,Y,Y,,Y,,
2018,Telstra,-33.87302,151.20946,Y,,,,,,
2018,Telstra,-33.87301,151.10501,Y,,Y,,Y,,Y
2018,Telstra,-33.87295,150.92628,Y,,Y,,Y,,
2018,Telstra,-33.87288,151.28091,Y,,Y,,Y,,
2018,Telstra,-33.87285,114.99491,Y,,Y,,Y,,
2018,Telstra,-33.87273,151.20745,Y,Y,,,Y,,
2018,Telstra,-33.8727,151.08207,Y,,,,,,
2018,Telstra,-33.87262,151.25025,Y,,Y,,,,
2018,Telstra,-33.87257,151.20291,Y,,,,Y,,
2018,Telstra,-33.87252,144.88483,Y,,,,,,
2018,Telstra,-33.8725,151.0834,Y,Y,Y,,Y,,Y
2018,Telstra,-33.87241,151.20364,Y,,,,Y,,
2018,Telstra,-33.87225,151.20671,Y,,,,,,
2018,Telstra,-33.87224,151.20875,Y,,,,Y,,
2018,Telstra,-33.87215,151.20614,Y,Y,Y,,Y,,Y
2018,Telstra,-33.87187,151.20977,Y,,,,Y,,
2018,Telstra,-33.871839,151.207857,Y,,,,Y,,
2018,Telstra,-33.87182,151.19477,Y,,Y,,Y,,Y
2018,Telstra,-33.87161,151.20378,Y,,,,Y,,
2018,Telstra,-33.87156,151.19887,Y,,,,Y,,
2018,Telstra,-33.8715,151.2086,Y,,,,Y,,
2018,Telstra,-33.87138,151.2044,Y,,,,Y,,
2018,Telstra,-33.87125,150.95616,Y,,Y,,Y,,
2018,Telstra,-33.87117,151.20591,Y,,,,Y,,
2018,Telstra,-33.87112,151.03225,Y,,Y,,Y,,
2018,Telstra,-33.87109,151.19793,Y,Y,Y,,Y,,Y
2018,Telstra,-33.87103,150.79494,Y,,Y,,,,
2018,Telstra,-33.87097,151.12247,Y,,Y,,Y,,Y
2018,Telstra,-33.87089,151.20752,Y,,,,,,
2018,Telstra,-33.87078869,151.2674436,Y,Y,Y,,Y,,Y
2018,Telstra,-33.870707,151.142987,Y,,,,,,
2018,Telstra,-33.87065,151.2075,Y,,,,Y,,
2018,Telstra,-33.87061,151.20575,Y,,,,Y,,
2018,Telstra,-33.87055,151.20793,Y,Y,Y,,Y,,Y
2018,Telstra,-33.87055,151.22487,Y,Y,,,Y,,
2018,Telstra,-33.87053,151.21182,Y,,,,,,
2018,Telstra,-33.87039,151.20911,Y,,,,Y,,
2018,Telstra,-33.8703,151.2101,Y,Y,Y,,Y,,Y
2018,Telstra,-33.87029,151.20963,Y,Y,Y,,Y,,Y
2018,Telstra,-33.87029,151.11366,Y,,Y,,Y,,Y
2018,Telstra,-33.87019,151.2131,Y,,,,,,
2018,Telstra,-33.87012,151.2068,Y,,Y,,Y,,Y
2018,Telstra,-33.87012,151.20918,Y,,,,,,
2018,Telstra,-33.86999,151.25226,Y,,,,,,
2018,Telstra,-33.869817,150.76265,Y,,Y,,,,
2018,Telstra,-33.8698,151.20461,Y,Y,Y,,Y,,Y
2018,Telstra,-33.86958664,151.2076555,Y,,,,,,
2018,Telstra,-33.86952,151.12893,Y,,Y,,Y,,
2018,Telstra,-33.86945,151.19564,Y,,,,,,
2018,Telstra,-33.86926,151.20389,Y,,,,Y,,
2018,Telstra,-33.869228,151.2185074,Y,,,,,,
2018,Telstra,-33.86914,151.20885,Y,,,,Y,,
2018,Telstra,-33.869109,151.207281,Y,Y,,,Y,,
2018,Telstra,-33.869109,151.207281,Y,,Y,,Y,,Y
2018,Telstra,-33.86889,151.10523,Y,,,,,,
2018,Telstra,-33.86881,151.19682,Y,,,,,,
2018,Telstra,-33.8688,151.2093,Y,,,,,,
2018,Telstra,-33.86878,151.240087,Y,,Y,,,,
2018,Telstra,-33.868668,151.211166,Y,,,,,,
2018,Telstra,-33.868497,151.205439,Y,,,,,,
2018,Telstra,-33.86848,151.15406,Y,,Y,,Y,,Y
2018,Telstra,-33.86845,147.38249,Y,,Y,,,,
2018,Telstra,-33.86839,151.20412,Y,,,,Y,,
2018,Telstra,-33.86837,151.2067,Y,,,,Y,,
2018,Telstra,-33.86836,151.25103,,Y,,,,,
2018,Telstra,-33.86832,151.21135,Y,,,,,,
2018,Telstra,-33.8681,151.239178,Y,,Y,,,,
2018,Telstra,-33.86803,151.1946,Y,,,,Y,,
2018,Telstra,-33.8679,151.28006,Y,,Y,,Y,,Y
2018,Telstra,-33.86788,151.20798,Y,,,,Y,,
2018,Telstra,-33.86788,151.20685,Y,,,,Y,,
2018,Telstra,-33.8678,151.19648,Y,,,,Y,,
2018,Telstra,-33.86774,151.09783,Y,,Y,,Y,,Y
2018,Telstra,-33.867738,151.175231,Y,,Y,,Y,,Y
2018,Telstra,-33.86757,151.20416,Y,,,,Y,,
2018,Telstra,-33.86755,151.1978,Y,,,,,,
2018,Telstra,-33.86749,151.206793,Y,,,,,,
2018,Telstra,-33.867458,115.849459,Y,,,,,,
2018,Telstra,-33.86738,151.21094,Y,,,,Y,,
2018,Telstra,-33.86736,151.20409,Y,,,,Y,,
2018,Telstra,-33.86733,151.21028,Y,,,,Y,,
2018,Telstra,-33.86729,151.21321,Y,Y,Y,,Y,,Y
2018,Telstra,-33.86697,151.21159,Y,,,,Y,,
2018,Telstra,-33.86685,151.20827,Y,,,,Y,,
2018,Telstra,-33.86673,151.20865,Y,,,,Y,,
2018,Telstra,-33.8667,151.2111,Y,,,,,,
2018,Telstra,-33.86669,151.20953,Y,,,,Y,,
2018,Telstra,-33.86667,151.19592,Y,,,,,,
2018,Telstra,-33.86663,151.182243,Y,,Y,,Y,,Y
2018,Telstra,-33.86656,151.22456,Y,,Y,,,,
2018,Telstra,-33.86654,151.20424,Y,,,,Y,,
2018,Telstra,-33.86652,151.20585,Y,,,,,,
2018,Telstra,-33.86652,151.20585,Y,Y,,,,,
2018,Telstra,-33.86651,151.208822,Y,Y,Y,,Y,,Y
2018,Telstra,-33.86648,151.19139,Y,,Y,,Y,,Y
2018,Telstra,-33.86645,151.20217,Y,,,,,,
2018,Telstra,-33.8664,150.96206,Y,,Y,,Y,,
2018,Telstra,-33.86633,151.20469,Y,Y,Y,,Y,,Y
2018,Telstra,-33.86629,151.224821,Y,,Y,,,,
2018,Telstra,-33.86597,151.20461,Y,,,,Y,,
2018,Telstra,-33.86581,151.20286,Y,Y,Y,,Y,,Y
2018,Telstra,-33.86563,151.20737,Y,,Y,,Y,,Y
2018,Telstra,-33.8656,151.20513,Y,,,,Y,,
2018,Telstra,-33.86557,151.2117,Y,,,,,,
2018,Telstra,-33.86555,151.20453,Y,,,,Y,,
2018,Telstra,-33.8655,151.21077,Y,,Y,,Y,,Y
2018,Telstra,-33.86543,151.21002,Y,,,,Y,,
2018,Telstra,-33.86535,151.21331,Y,,,,,,
2018,Telstra,-33.86528,151.224366,Y,,Y,,,,
2018,Telstra,-33.86525,138.00823,,,,,Y,,
2018,Telstra,-33.86522,151.06347,Y,,Y,,Y,,Y
2018,Telstra,-33.8652,150.65352,Y,,Y,,,,
2018,Telstra,-33.86519,151.11897,Y,,Y,,Y,,
2018,Telstra,-33.86504,151.20212,Y,,Y,,Y,,Y
2018,Telstra,-33.86497,151.20717,Y,,,,,,
2018,Telstra,-33.86485,151.20775,Y,,,,Y,,
2018,Telstra,-33.86482,151.21081,Y,,,,,,
2018,Telstra,-33.86481,151.04421,Y,,Y,,Y,,
2018,Telstra,-33.86476,150.90479,Y,,Y,,Y,,
2018,Telstra,-33.86466,151.21194,Y,,,,Y,,
2018,Telstra,-33.86466,151.20436,Y,,,,,,
2018,Telstra,-33.86453,151.21128,Y,,,,,,
2018,Telstra,-33.8645,151.21003,Y,,,,Y,,
2018,Telstra,-33.8645,151.19657,Y,,,,Y,,
2018,Telstra,-33.86433,151.20794,Y,,,,Y,,
2018,Telstra,-33.86432,151.20914,Y,,,,,,
2018,Telstra,-33.86431,151.20212,Y,,Y,,Y,,Y
2018,Telstra,-33.86428,151.20356,Y,,,,Y,,
2018,Telstra,-33.86409,151.20788,Y,,,,,,
2018,Telstra,-33.86406,151.20622,Y,,,,,,
2018,Telstra,-33.86405,151.12833,Y,,Y,,,,
2018,Telstra,-33.86395,151.21131,Y,,,,,,
2018,Telstra,-33.86383,151.20923,Y,,,,,,
2018,Telstra,-33.8638,148.13951,Y,,,,,,
2018,Telstra,-33.86376,150.93878,Y,,Y,,Y,,
2018,Telstra,-33.86373,150.87958,Y,,Y,,Y,,
2018,Telstra,-33.86368,151.01613,Y,,Y,,Y,,
2018,Telstra,-33.86361,151.2072,Y,,,,Y,,
2018,Telstra,-33.86358,151.20483,Y,Y,Y,,Y,,Y
2018,Telstra,-33.86354,151.20202,Y,,Y,,Y,,Y
2018,Telstra,-33.86335,151.20928,Y,Y,Y,,Y,,Y
2018,Telstra,-33.86322,151.20815,Y,,,,Y,,
2018,Telstra,-33.86285,151.20843,Y,Y,Y,,Y,,Y
2018,Telstra,-33.86283,151.20695,Y,,,,Y,,
2018,Telstra,-33.8628,151.06662,Y,,,,,,
2018,Telstra,-33.86271,151.16784,Y,,Y,,Y,,
2018,Telstra,-33.86264,151.10449,Y,,,,,,
2018,Telstra,-33.86261,151.0931,Y,,,,,,
2018,Telstra,-33.86245,151.20802,Y,,,,Y,,
2018,Telstra,-33.862331,151.212654,Y,,Y,,Y,,Y
2018,Telstra,-33.86216,151.20319,Y,,,,Y,,
2018,Telstra,-33.86215,151.20979,Y,,,,Y,,
2018,Telstra,-33.86212,146.70033,Y,,,,,,
2018,Telstra,-33.86189,150.99282,Y,,,,Y,,
2018,Telstra,-33.86182,151.21364,Y,,,,Y,,
2018,Telstra,-33.86158,151.20643,Y,,,,,,
2018,Telstra,-33.86155,150.85495,Y,,Y,,,,
2018,Telstra,-33.86154,151.20796,Y,,,,,,
2018,Telstra,-33.86135,150.71797,Y,,Y,,,,
2018,Telstra,-33.86097,151.07468,Y,Y,Y,,Y,,Y
2018,Telstra,-33.86079,150.97583,Y,,Y,,Y,,
2018,Telstra,-33.86054,151.20156,Y,Y,Y,,Y,,Y
2018,Telstra,-33.86051,151.20347,Y,,,,,,
2018,Telstra,-33.86025,150.91759,Y,,Y,,Y,,
2018,Telstra,-33.85992,151.1422,Y,,Y,,Y,,Y
2018,Telstra,-33.8595,151.08807,Y,Y,Y,,Y,,Y
2018,Telstra,-33.85947,151.20749,Y,Y,Y,,Y,,Y
2018,Telstra,-33.85928,151.27824,Y,,Y,,Y,,
2018,Telstra,-33.85924,151.27344,Y,,Y,,,,
2018,Telstra,-33.85918,151.05791,Y,,Y,,Y,,Y
2018,Telstra,-33.85829,151.18368,Y,,,,,,
2018,Telstra,-33.85823,151.18825,Y,,Y,,Y,,
2018,Telstra,-33.85807,151.28299,Y,,Y,,Y,,
2018,Telstra,-33.857993,151.214784,Y,,,,,,
2018,Telstra,-33.85788919,150.8997373,Y,,Y,,Y,,
2018,Telstra,-33.8578,117.16497,Y,,Y,,Y,,
2018,Telstra,-33.8576,116.40817,Y,,Y,,,,
2018,Telstra,-33.85717,151.20453,Y,,Y,,Y,,Y
2018,Telstra,-33.85688,151.13105,Y,,Y,,Y,,
2018,Telstra,-33.85684,151.17774,Y,,Y,,Y,,Y
2018,Telstra,-33.85684,151.17774,Y,,,,,,
2018,Telstra,-33.85679,151.06565,Y,,Y,,Y,,
2018,Telstra,-33.85644,151.17323,Y,,Y,,Y,,Y
2018,Telstra,-33.855952,151.280242,Y,,,,,,
2018,Telstra,-33.855952,151.280242,Y,,Y,,Y,,
2018,Telstra,-33.85584,151.16215,Y,,Y,,Y,,Y
2018,Telstra,-33.85567,151.26979,Y,,,,,,
2018,Telstra,-33.85465,151.10273,Y,,Y,,,,
2018,Telstra,-33.85441,150.98788,Y,,Y,,Y,,
2018,Telstra,-33.85438,151.20909,Y,,,,Y,,
2018,Telstra,-33.852875,116.056917,Y,,Y,,,,
2018,Telstra,-33.85279,150.95802,Y,,Y,,Y,,Y
2018,Telstra,-33.85258,151.15172,Y,,Y,,Y,,Y
2018,Telstra,-33.85207,151.210777,Y,,,,,,
2018,Telstra,-33.85188,119.20256,Y,,Y,,,,
2018,Telstra,-33.8512,150.90914,Y,,Y,,Y,,
2018,Telstra,-33.85101,151.21912,Y,,,,,,
2018,Telstra,-33.850807,151.085675,Y,,Y,,Y,,Y
2018,Telstra,-33.85066,150.88982,Y,,Y,,Y,,Y
2018,Telstra,-33.850623,151.032515,Y,,Y,,Y,,
2018,Telstra,-33.85057,151.06633,Y,,,,,,
2018,Telstra,-33.85007,150.94326,Y,,Y,,Y,,
2018,Telstra,-33.85003,151.21746,Y,Y,Y,,Y,,Y
2018,Telstra,-33.85003,151.05787,Y,,Y,,Y,,
2018,Telstra,-33.84985,150.99721,Y,,Y,,Y,,
2018,Telstra,-33.8498,151.06382,Y,,,,,,
2018,Telstra,-33.84973,151.04649,Y,,Y,,Y,,
2018,Telstra,-33.84938,151.09397,Y,,,,,,
2018,Telstra,-33.84889,138.59556,Y,,Y,,Y,,
2018,Telstra,-33.84839,115.10389,,,Y,,,,
2018,Telstra,-33.848,151.06725,Y,,,,,,
2018,Telstra,-33.848,151.06725,Y,,Y,,Y,,Y
2018,Telstra,-33.84783,151.10786,Y,,,,Y,,
2018,Telstra,-33.84781,150.96983,Y,,Y,,Y,,
2018,Telstra,-33.84778,151.20563,Y,Y,Y,,Y,,Y
2018,Telstra,-33.84761,151.28621,Y,,Y,,,,
2018,Telstra,-33.84743,151.14125,Y,,Y,,Y,,
2018,Telstra,-33.847297,151.069519,Y,,,,,,
2018,Telstra,-33.84718,151.17176,Y,,Y,,Y,,Y
2018,Telstra,-33.84713,151.0634,Y,Y,,,Y,Y,Y
2018,Telstra,-33.84682,150.68836,Y,,Y,,,,
2018,Telstra,-33.84676,151.1152,Y,,Y,,Y,,
2018,Telstra,-33.846711,151.070845,Y,,,,,,
2018,Telstra,-33.84652,151.069564,Y,,,,,,
2018,Telstra,-33.846482,151.07159,Y,,,,,,
2018,Telstra,-33.84614,150.97903,Y,,Y,,Y,,
2018,Telstra,-33.845708,151.068172,Y,,,,Y,,
2018,Telstra,-33.84556,138.50667,Y,,Y,,,,
2018,Telstra,-33.84548,151.0709,Y,,,,Y,,
2018,Telstra,-33.845359,151.043281,Y,,Y,,Y,,Y
2018,Telstra,-33.845,150.91199,Y,,,,,,
2018,Telstra,-33.84448,151.06531,Y,,,,,,
2018,Telstra,-33.84433,150.90431,Y,,Y,,Y,,
2018,Telstra,-33.84432,151.06208,Y,,,,Y,Y,
2018,Telstra,-33.84411,151.2122,Y,,Y,,Y,,Y
2018,Telstra,-33.84327,151.07449,Y,,Y,,Y,,Y
2018,Telstra,-33.842962,151.066643,Y,Y,Y,,Y,,Y
2018,Telstra,-33.84293,151.20453,Y,,Y,,Y,,
2018,Telstra,-33.84194,151.12056,Y,,,,,,
2018,Telstra,-33.84185,146.27089,Y,,,,,,
2018,Telstra,-33.84173,151.22934,Y,Y,Y,,Y,,
2018,Telstra,-33.84166,150.8671,Y,,Y,,,,
2018,Telstra,-33.84161,150.91811,Y,,Y,,Y,,
2018,Telstra,-33.840685,151.205264,Y,,,,Y,,
2018,Telstra,-33.840246,151.136514,Y,,,,,,
2018,Telstra,-33.84011,151.20684,Y,Y,Y,,Y,,Y
2018,Telstra,-33.84011,150.95386,Y,,Y,,Y,,
2018,Telstra,-33.840095,151.017215,Y,,Y,,Y,,Y
2018,Telstra,-33.84009,115.11502,Y,,Y,,Y,,
2018,Telstra,-33.84002,151.20163,Y,,,,,,
2018,Telstra,-33.839967,151.052774,Y,,,,,,
2018,Telstra,-33.83996,151.20752,Y,,,,Y,,
2018,Telstra,-33.83989,151.20835,,,Y,,Y,,Y
2018,Telstra,-33.83989,151.20835,Y,,,,Y,,
2018,Telstra,-33.83981,151.21153,Y,Y,Y,,Y,,Y
2018,Telstra,-33.83977,151.22041,Y,,Y,,Y,,
2018,Telstra,-33.83939,151.10641,Y,,Y,,Y,,
2018,Telstra,-33.83899,151.21059,Y,,,,Y,,
2018,Telstra,-33.83889,151.14388,Y,,,,,,
2018,Telstra,-33.83883,151.05305,Y,,Y,,Y,,Y
2018,Telstra,-33.83861,150.64528,Y,,Y,,,,
2018,Telstra,-33.838467,151.047685,Y,,,,Y,,
2018,Telstra,-33.8384,151.20559,Y,,,,,,
2018,Telstra,-33.83831,151.0925,Y,,Y,,Y,,Y
2018,Telstra,-33.838253,150.997198,Y,,Y,,Y,,
2018,Telstra,-33.83824,151.20597,Y,,,,,,
2018,Telstra,-33.83824,151.20597,Y,,,,,,
2018,Telstra,-33.83813,151.20594,Y,Y,Y,,Y,,Y
2018,Telstra,-33.83782,151.20663,Y,,,,Y,,
2018,Telstra,-33.83746,151.03492,Y,,Y,,Y,,Y
2018,Telstra,-33.83742,150.90755,Y,,,,,,
2018,Telstra,-33.83737,151.2096,Y,Y,Y,,Y,,Y
2018,Telstra,-33.83737,151.19741,Y,Y,,,Y,,
2018,Telstra,-33.83734,151.132769,Y,,Y,,Y,,
2018,Telstra,-33.83726,150.93439,Y,,Y,,Y,,
2018,Telstra,-33.83645,150.88686,Y,,Y,,Y,,
2018,Telstra,-33.83641,151.20585,Y,Y,Y,,Y,,Y
2018,Telstra,-33.83624,121.89438,Y,Y,Y,,Y,,
2018,Telstra,-33.83615,151.023,Y,,Y,,Y,,Y
2018,Telstra,-33.83584893,151.1697076,Y,,,,,,
2018,Telstra,-33.8354,150.98639,Y,,Y,,Y,,
2018,Telstra,-33.835214,151.085269,Y,,,,Y,,
2018,Telstra,-33.83505,151.08829,Y,,,,,,
2018,Telstra,-33.83505,138.62032,Y,,Y,,Y,,
2018,Telstra,-33.83503,151.24808,Y,Y,Y,,Y,,
2018,Telstra,-33.83482,151.00793,Y,,Y,,Y,,Y
2018,Telstra,-33.83446,150.98938,Y,,,,Y,,
2018,Telstra,-33.83446,150.9891,Y,,,,Y,,
2018,Telstra,-33.83431,151.15291,Y,,Y,,Y,,Y
2018,Telstra,-33.83415,151.20889,Y,,Y,,Y,,Y
2018,Telstra,-33.83414,151.14507,Y,,Y,,Y,,
2018,Telstra,-33.83331,150.96845,Y,,Y,,Y,,
2018,Telstra,-33.833262,151.086054,Y,Y,Y,,Y,,
2018,Telstra,-33.83306,151.20512,Y,,Y,,Y,,Y
2018,Telstra,-33.83266,151.19186,Y,Y,,,Y,,
2018,Telstra,-33.83254,151.05726,Y,,,,,,
2018,Telstra,-33.83246,116.38912,,,Y,,,,
2018,Telstra,-33.83219,151.22298,Y,,Y,,Y,,Y
2018,Telstra,-33.83209,151.02095,,,,,Y,,
2018,Telstra,-33.83136,151.19568,Y,Y,Y,,Y,,Y
2018,Telstra,-33.83103,151.24439,Y,,Y,,Y,,
2018,Telstra,-33.83096,151.22549,Y,,,,Y,,
2018,Telstra,-33.8309,151.13666,Y,,Y,,Y,,Y
2018,Telstra,-33.8309,151.13666,Y,,,,,,
2018,Telstra,-33.82982,151.12614,Y,,Y,,Y,,
2018,Telstra,-33.82953,138.7979,,,,,Y,,
2018,Telstra,-33.82952,151.05177,Y,,Y,,Y,,Y
2018,Telstra,-33.8294,151.21828,Y,,Y,,Y,,Y
2018,Telstra,-33.82913,150.951266,Y,,Y,,Y,,Y
2018,Telstra,-33.82906,148.69693,Y,,Y,,Y,,
2018,Telstra,-33.82868,151.2296,Y,,Y,,Y,,Y
2018,Telstra,-33.82849,151.20091,Y,Y,Y,,Y,,
2018,Telstra,-33.82833,150.99746,Y,,Y,,Y,,
2018,Telstra,-33.82825,151.07559,Y,,,,,,
2018,Telstra,-33.82816,151.22631,Y,,Y,,Y,,Y
2018,Telstra,-33.8281,150.75545,Y,,Y,,Y,,
2018,Telstra,-33.82775,150.82969,Y,,Y,,Y,,
2018,Telstra,-33.82676,151.20956,Y,,,,,,
2018,Telstra,-33.82674,151.03095,Y,,Y,,Y,,Y
2018,Telstra,-33.82644,151.00681,Y,,Y,,Y,,Y
2018,Telstra,-33.82637,150.98246,Y,,,,Y,,
2018,Telstra,-33.82606,150.94425,Y,,Y,,Y,,
2018,Telstra,-33.82572,151.2436,Y,,,,,,
2018,Telstra,-33.82533,151.09179,Y,,Y,,Y,,Y
2018,Telstra,-33.82515,151.2384,Y,,Y,,Y,,Y
2018,Telstra,-33.82498,151.24287,Y,,Y,,Y,,Y
2018,Telstra,-33.82495,151.19898,Y,,Y,,Y,,
2018,Telstra,-33.82474,151.18832,Y,Y,Y,,Y,,
2018,Telstra,-33.82428,151.20064,Y,,Y,,Y,,Y
2018,Telstra,-33.82375,150.92114,Y,,Y,,Y,,
2018,Telstra,-33.82359,151.17276,Y,,Y,,Y,,
2018,Telstra,-33.82355,151.19598,Y,Y,Y,,Y,,Y
2018,Telstra,-33.82355,151.19598,Y,,,,,,
2018,Telstra,-33.82336,151.10795,Y,,,,,,
2018,Telstra,-33.82323,151.02387,Y,Y,,,Y,,
2018,Telstra,-33.82295,122.109632,Y,,Y,,,,
2018,Telstra,-33.82269,151.20575,Y,,,,,,
2018,Telstra,-33.82222613,151.1968029,Y,Y,Y,,Y,,Y
2018,Telstra,-33.82218,151.19412,Y,,,,Y,,
2018,Telstra,-33.82185,149.59521,,,Y,,,,
2018,Telstra,-33.82182,151.20986,Y,,,,Y,,
2018,Telstra,-33.82139,151.1497,Y,,,,Y,,
2018,Telstra,-33.82087,151.192083,Y,,,,Y,,
2018,Telstra,-33.82085,151.19294,Y,,,,Y,,
2018,Telstra,-33.820771,149.325833,,,,,Y,,
2018,Telstra,-33.820522,150.020879,Y,,,,,,
2018,Telstra,-33.82042,151.185475,Y,,,,,,
2018,Telstra,-33.82014,151.19194,Y,,,,,,
2018,Telstra,-33.81991,145.62344,Y,,Y,,,,
2018,Telstra,-33.81887,151.191,Y,,Y,,Y,,Y
2018,Telstra,-33.81884,150.99909,Y,Y,Y,,Y,,Y
2018,Telstra,-33.81883,150.78082,Y,,Y,,,,
2018,Telstra,-33.8188,151.00779,Y,Y,Y,,Y,,Y
2018,Telstra,-33.81871,151.02016,Y,,Y,,Y,,
2018,Telstra,-33.81851,150.98188,Y,,Y,,Y,,
2018,Telstra,-33.81812,116.54575,Y,,Y,,,,
2018,Telstra,-33.81806,151.201745,Y,,Y,,Y,,Y
2018,Telstra,-33.81794,151.1816,Y,,Y,,Y,,Y
2018,Telstra,-33.81793,149.32098,Y,,Y,,,,
2018,Telstra,-33.81752,151.002539,Y,,Y,,Y,,Y
2018,Telstra,-33.81736,151.19051,Y,,,,Y,,
2018,Telstra,-33.8169,150.96411,Y,,Y,,Y,,
2018,Telstra,-33.81689,151.00577,Y,,,,Y,,
2018,Telstra,-33.81674,151.15214,Y,,Y,,Y,,
2018,Telstra,-33.816693,151.161005,Y,,,,,,
2018,Telstra,-33.816663,151.123045,Y,,Y,,Y,,
2018,Telstra,-33.81666,150.92694,Y,,Y,,,,
2018,Telstra,-33.81603,151.24281,Y,,Y,,Y,,
2018,Telstra,-33.81597,151.005707,Y,,,,Y,,
2018,Telstra,-33.815444,151.103799,Y,,,,,,
2018,Telstra,-33.81508,151.00467,Y,Y,Y,,Y,,Y
2018,Telstra,-33.8149,151.05301,Y,,Y,,Y,,
2018,Telstra,-33.81479,151.17975,Y,,,,Y,,
2018,Telstra,-33.81472,151.09176,Y,,Y,,Y,,Y
2018,Telstra,-33.81469,150.99935,Y,Y,Y,,Y,,Y
2018,Telstra,-33.81431,151.17787,Y,,,,,,
2018,Telstra,-33.81426,151.00254,Y,,,,,,
2018,Telstra,-33.81426,151.00254,Y,,,,,,
2018,Telstra,-33.81426,151.00254,Y,,,,,,
2018,Telstra,-33.81426,151.00254,Y,,,,,,
2018,Telstra,-33.81425,151.16849,Y,,,,,,
2018,Telstra,-33.81417,151.0023,Y,,,,,,
2018,Telstra,-33.81417,151.0023,Y,,,,,,
2018,Telstra,-33.81413,151.16842,Y,,Y,,Y,,Y
2018,Telstra,-33.81399,151.16821,Y,,,,,,
2018,Telstra,-33.813982,151.002427,Y,Y,Y,,Y,,Y
2018,Telstra,-33.81394,151.00988,Y,Y,Y,,Y,,
2018,Telstra,-33.81394,151.00817,Y,,,,,,
2018,Telstra,-33.81384,151.06836,Y,,Y,,Y,,
2018,Telstra,-33.81375,151.02747,Y,,Y,,Y,,Y
2018,Telstra,-33.81368,151.04826,Y,,Y,,Y,,
2018,Telstra,-33.813676,151.034623,Y,,Y,,Y,,
2018,Telstra,-33.81367,151.1054,Y,,Y,,Y,,
2018,Telstra,-33.81367,151.1054,Y,,,,,,
2018,Telstra,-33.813652,151.001995,Y,,,,,,
2018,Telstra,-33.81349,151.19129,Y,,Y,,Y,,Y
2018,Telstra,-33.813392,150.690299,Y,,Y,,,,
2018,Telstra,-33.81321433,151.1806147,Y,,,,Y,,
2018,Telstra,-33.81321,151.00075,Y,,,,Y,,
2018,Telstra,-33.81294,150.95162,Y,,Y,,Y,,
2018,Telstra,-33.812654,151.170485,Y,,,,,,
2018,Telstra,-33.812642,151.1748365,Y,,,,,,
2018,Telstra,-33.8124,151.10605,Y,,,,Y,,
2018,Telstra,-33.8124,151.10605,Y,,,,Y,,
2018,Telstra,-33.8124,151.10605,Y,,,,Y,,
2018,Telstra,-33.812398,151.10605,Y,,,,Y,,
2018,Telstra,-33.81228,151.22042,Y,,Y,,Y,,Y
2018,Telstra,-33.81157,150.79498,Y,,Y,,Y,,
2018,Telstra,-33.81085,151.197,Y,,,,,,
2018,Telstra,-33.81068,151.17608,Y,,Y,,Y,,Y
2018,Telstra,-33.810561,151.16367,Y,,,,,,
2018,Telstra,-33.81047,151.14477,Y,,Y,,Y,,Y
2018,Telstra,-33.81035,151.20933,Y,,Y,,Y,,Y
2018,Telstra,-33.810279,150.873038,Y,,Y,,Y,,
2018,Telstra,-33.81027,151.2119,Y,,,,,,
2018,Telstra,-33.81006,142.05933,Y,,Y,,,,
2018,Telstra,-33.80983,151.15043,Y,,,,,,
2018,Telstra,-33.80976,151.18564,Y,,Y,,Y,,
2018,Telstra,-33.80968,151.19972,Y,,Y,,Y,,
2018,Telstra,-33.80965,151.09048,Y,,Y,,Y,,Y
2018,Telstra,-33.80898,151.17862,Y,,,,,,
2018,Telstra,-33.80855,150.97115,Y,,Y,,Y,,
2018,Telstra,-33.80835,150.91409,Y,,Y,,,,
2018,Telstra,-33.80809,151.02345,Y,,Y,,Y,,Y
2018,Telstra,-33.80787,150.98656,Y,,Y,,Y,,
2018,Telstra,-33.80786,150.94172,Y,,Y,,Y,,
2018,Telstra,-33.80749,151.14975,Y,,Y,,Y,,
2018,Telstra,-33.80747,151.00592,Y,Y,Y,,Y,,
2018,Telstra,-33.80691,116.71863,Y,,Y,,,,
2018,Telstra,-33.80662,151.24705,Y,,Y,,Y,,Y
2018,Telstra,-33.80638,151.24698,,,,,,Y,
2018,Telstra,-33.80636,151.07465,Y,,Y,,Y,,
2018,Telstra,-33.80587,151.29335,Y,,Y,,Y,,
2018,Telstra,-33.80551,151.18069,Y,,Y,,Y,,
2018,Telstra,-33.80515,150.85116,Y,,Y,,Y,,
2018,Telstra,-33.805102,150.851275,Y,,,,,,
2018,Telstra,-33.80494,151.11454,Y,,,,Y,,
2018,Telstra,-33.80468,150.96038,Y,,Y,,Y,,
2018,Telstra,-33.8044,151.2100573,Y,,,,,,
2018,Telstra,-33.80437,150.64341,Y,,Y,,,,
2018,Telstra,-33.80403,150.98782,Y,,Y,,Y,,
2018,Telstra,-33.80362,151.198572,Y,,Y,,Y,,
2018,Telstra,-33.8032,120.38843,Y,,,,,,
2018,Telstra,-33.80311,151.02468,Y,,,,,,
2018,Telstra,-33.80276,151.21291,Y,,Y,,Y,,
2018,Telstra,-33.8023703,151.101907,Y,,Y,,Y,,
2018,Telstra,-33.80228,150.90806,Y,,Y,,,,
2018,Telstra,-33.80201,151.00794,Y,Y,Y,,Y,,Y
2018,Telstra,-33.801936,151.022041,,,,,Y,,
2018,Telstra,-33.80156,150.99175,Y,,Y,,Y,,
2018,Telstra,-33.80129,150.94254,Y,,Y,,Y,,
2018,Telstra,-33.80105,150.8395,Y,,Y,,Y,,
2018,Telstra,-33.80096,151.19883,Y,,,,,,
2018,Telstra,-33.800691,151.255699,Y,,,,,,
2018,Telstra,-33.80028,150.87631,Y,Y,,,Y,,
2018,Telstra,-33.80026,150.87632,Y,,,,,,
2018,Telstra,-33.80017,150.91894,Y,,Y,,Y,,
2018,Telstra,-33.800091,151.057271,Y,,Y,,Y,,
2018,Telstra,-33.80009,151.12039,Y,,Y,,Y,,
2018,Telstra,-33.79948,151.28934,Y,Y,Y,,Y,,
2018,Telstra,-33.799478,151.284009,Y,,,,,,
2018,Telstra,-33.79943,150.77998,Y,,Y,,Y,,
2018,Telstra,-33.79933,151.18555,Y,,Y,,Y,,
2018,Telstra,-33.79906,150.87253,Y,,,,,,
2018,Telstra,-33.79897,151.04805,Y,,Y,,Y,,
2018,Telstra,-33.798208,150.981868,Y,,Y,,Y,,
2018,Telstra,-33.79757,151.18038,Y,,,,,,
2018,Telstra,-33.7974,151.18047,Y,Y,Y,,Y,,Y
2018,Telstra,-33.79738,151.13951,Y,,Y,,Y,,Y
2018,Telstra,-33.79736,115.07855,Y,,Y,,Y,,
2018,Telstra,-33.79732,151.20962,Y,,,,,,
2018,Telstra,-33.79729,151.18102,Y,,,,Y,,
2018,Telstra,-33.79726,151.25188,Y,,Y,,Y,,
2018,Telstra,-33.79717,151.18331,Y,,,,Y,,
2018,Telstra,-33.79713,151.28806,Y,,,,,,
2018,Telstra,-33.79701,150.95782,Y,,Y,,Y,,
2018,Telstra,-33.79685,151.25461,Y,,Y,,Y,,Y
2018,Telstra,-33.796679,151.285293,Y,,,,,,
2018,Telstra,-33.79667,135.84556,Y,,,,,,
2018,Telstra,-33.79661,151.27756,Y,,Y,,Y,,Y
2018,Telstra,-33.79642,151.28649,Y,,Y,,Y,,Y
2018,Telstra,-33.796391,151.185022,Y,,Y,,Y,,Y
2018,Telstra,-33.79622,151.14322,Y,Y,Y,,Y,,
2018,Telstra,-33.79605,151.20074,Y,,,,,,
2018,Telstra,-33.79604,151.18277,Y,,Y,,Y,,
2018,Telstra,-33.79577,151.13987,Y,,,,Y,,
2018,Telstra,-33.79574,150.99758,Y,,Y,,Y,,Y
2018,Telstra,-33.79532,151.18736,Y,,Y,,Y,,Y
2018,Telstra,-33.79484,151.1188,Y,,Y,,Y,,
2018,Telstra,-33.79478,151.17819,Y,,Y,,Y,,
2018,Telstra,-33.7947,151.18583,Y,,,,Y,,
2018,Telstra,-33.79455,151.20839,Y,,Y,,Y,,
2018,Telstra,-33.79455,151.196226,Y,,,,,,
2018,Telstra,-33.79448,151.04196,Y,,Y,,Y,,
2018,Telstra,-33.79401,151.19689,Y,,,,Y,,
2018,Telstra,-33.79388,150.8929,Y,,Y,,,,
2018,Telstra,-33.79372,150.85868,Y,,Y,,,,
2018,Telstra,-33.793648,151.263934,Y,,,,,,
2018,Telstra,-33.79361579,151.0908897,Y,,,,,,
2018,Telstra,-33.79356,151.26337,Y,,Y,,Y,,Y
2018,Telstra,-33.79276,151.24123,Y,,Y,,Y,,
2018,Telstra,-33.79263,150.7893,Y,,Y,,Y,,
2018,Telstra,-33.79233,117.51727,Y,,Y,,Y,,
2018,Telstra,-33.79188,151.28675,Y,Y,Y,,Y,,
2018,Telstra,-33.79188,151.082969,Y,,Y,,Y,,
2018,Telstra,-33.7918,151.1805,Y,Y,Y,,Y,,Y
2018,Telstra,-33.79108,150.701557,Y,,Y,,Y,,
2018,Telstra,-33.79029,150.80705,Y,,Y,,Y,,
2018,Telstra,-33.7902,151.16019,Y,,Y,,Y,,
2018,Telstra,-33.78962998,151.0216442,Y,,,,,,
2018,Telstra,-33.78962,117.15867,Y,,,,,,
2018,Telstra,-33.78958,150.99502,Y,,Y,,Y,,Y
2018,Telstra,-33.78932,150.66797,Y,,Y,,Y,,
2018,Telstra,-33.78865,151.19865,Y,,Y,,Y,,Y
2018,Telstra,-33.78825,151.26666,Y,,Y,,Y,,
2018,Telstra,-33.78813,150.81504,Y,,,,,,
2018,Telstra,-33.78813,150.81504,Y,,,,,,
2018,Telstra,-33.78786,150.95059,Y,,Y,,Y,,
2018,Telstra,-33.78785,151.19984,Y,,Y,,Y,,
2018,Telstra,-33.78756,151.12868,Y,Y,Y,,Y,,
2018,Telstra,-33.7872,151.12888,Y,,,,,,
2018,Telstra,-33.78674,150.78749,Y,,Y,,,,
2018,Telstra,-33.786369,150.881527,Y,,Y,,,,
2018,Telstra,-33.78615,151.20064,Y,,,,,,
2018,Telstra,-33.78469,150.77132,Y,,Y,,Y,,
2018,Telstra,-33.78457,150.92472,Y,,,,Y,,
2018,Telstra,-33.78422,151.11857,Y,,Y,,Y,,Y
2018,Telstra,-33.7842,151.12452,Y,,,,,,
2018,Telstra,-33.78417,151.12749,Y,,,,Y,,
2018,Telstra,-33.78417,151.12749,Y,,,,Y,,
2018,Telstra,-33.78417,151.12749,Y,,,,Y,,
2018,Telstra,-33.78412,150.9409,Y,,Y,,Y,,
2018,Telstra,-33.78401,151.17601,Y,,Y,,Y,,
2018,Telstra,-33.78375,151.19178,Y,,,,,,
2018,Telstra,-33.7837,151.09441,Y,,Y,,Y,,
2018,Telstra,-33.7835,150.83982,Y,,,,Y,,
2018,Telstra,-33.783,151.043,Y,,Y,,Y,,
2018,Telstra,-33.7828,151.17253,Y,,,,,,
2018,Telstra,-33.78259,151.12179,Y,,Y,,Y,,Y
2018,Telstra,-33.78259,151.07089,Y,,Y,,Y,,
2018,Telstra,-33.78259,150.96929,Y,,Y,,Y,,
2018,Telstra,-33.78247,150.73924,Y,,Y,,,,
2018,Telstra,-33.7817,150.6859,Y,,Y,,Y,,
2018,Telstra,-33.78157,150.81632,Y,,Y,,Y,,
2018,Telstra,-33.781052,151.130141,Y,Y,Y,,Y,,
2018,Telstra,-33.78068,151.18656,Y,,,,,,
2018,Telstra,-33.78057,118.54732,Y,,,,,,
2018,Telstra,-33.78022,150.7117,Y,Y,Y,,Y,,
2018,Telstra,-33.77995,151.05388,Y,,Y,,Y,,
2018,Telstra,-33.77966,151.02886,Y,,,,Y,,
2018,Telstra,-33.77937,151.27689,Y,,Y,,Y,,
2018,Telstra,-33.7788,150.98671,Y,,,,Y,,
2018,Telstra,-33.77875,151.12172,Y,,,,,,
2018,Telstra,-33.77871,151.24024,Y,,Y,,Y,,
2018,Telstra,-33.77788,151.28458,Y,,Y,,Y,,
2018,Telstra,-33.77778,138.22028,Y,,Y,,,,
2018,Telstra,-33.77771,151.10771,Y,,Y,,Y,,
2018,Telstra,-33.77767,151.13554,Y,,Y,,Y,,
2018,Telstra,-33.777333,150.917146,Y,,Y,,Y,,
2018,Telstra,-33.77729,151.14922,Y,,Y,,Y,,
2018,Telstra,-33.77729,151.09904,Y,,Y,,Y,,
2018,Telstra,-33.77723,151.11328,Y,,,,,,
2018,Telstra,-33.776969,151.120605,Y,,,,Y,,
2018,Telstra,-33.776837,151.168467,Y,,Y,,Y,,
2018,Telstra,-33.77661,150.66487,Y,,Y,,Y,,
2018,Telstra,-33.776337,151.052713,Y,,,,Y,,
2018,Telstra,-33.77617,150.917317,Y,,,,Y,,
2018,Telstra,-33.775825,151.279768,Y,Y,,,Y,,
2018,Telstra,-33.775649,151.119136,Y,,,,,,
2018,Telstra,-33.775645,150.917523,Y,,,,Y,,
2018,Telstra,-33.7756383,150.93209,Y,,Y,,Y,,
2018,Telstra,-33.77557,151.26288,Y,,Y,,Y,,
2018,Telstra,-33.77533,151.1931,Y,,Y,,Y,,
2018,Telstra,-33.77527,151.01029,Y,,Y,,Y,,Y
2018,Telstra,-33.774894,150.627798,Y,,Y,,Y,,
2018,Telstra,-33.77442,150.94961,Y,,Y,,Y,,
2018,Telstra,-33.77398,151.12043,Y,Y,Y,,Y,,
2018,Telstra,-33.7735,115.96954,Y,,Y,,Y,,
2018,Telstra,-33.77331,151.13539,Y,,,,,,
2018,Telstra,-33.77314,150.7947,Y,,Y,,,,
2018,Telstra,-33.772803,151.217305,Y,,,,Y,,
2018,Telstra,-33.77216,150.96942,Y,,Y,,Y,,
2018,Telstra,-33.77186,150.86602,Y,,Y,,Y,,
2018,Telstra,-33.77182,151.082353,Y,,Y,,Y,,
2018,Telstra,-33.771336,151.104143,Y,,Y,,Y,,
2018,Telstra,-33.770373,150.908097,Y,,Y,,Y,,Y
2018,Telstra,-33.77025,150.90594,Y,,Y,,Y,,
2018,Telstra,-33.77025,150.90594,Y,,,,Y,,
2018,Telstra,-33.77008,150.7758,Y,,Y,,Y,,
2018,Telstra,-33.76984,151.06668,Y,,Y,,Y,,
2018,Telstra,-33.76963,151.00067,Y,,Y,,Y,,
2018,Telstra,-33.76944,151.15978,Y,,Y,,Y,,
2018,Telstra,-33.76922,151.02713,Y,,Y,,Y,,
2018,Telstra,-33.76847,150.68613,Y,Y,Y,,Y,,
2018,Telstra,-33.76757,151.11338,Y,,Y,,Y,,
2018,Telstra,-33.767318,150.727428,Y,,Y,,Y,,
2018,Telstra,-33.76708,150.82857,Y,,Y,,Y,,
2018,Telstra,-33.76701,150.81991,Y,,,,,,
2018,Telstra,-33.76671,150.67301,Y,,Y,,Y,,
2018,Telstra,-33.76662,151.04527,Y,,Y,,Y,,
2018,Telstra,-33.76662,151.04527,Y,,,,Y,,
2018,Telstra,-33.766483,151.177003,Y,,Y,,Y,,
2018,Telstra,-33.76644,151.26334,Y,Y,Y,,Y,,
2018,Telstra,-33.7664,151.01433,Y,,Y,,Y,,Y
2018,Telstra,-33.76626,150.83923,Y,,Y,,Y,,
2018,Telstra,-33.76623,150.820796,Y,,Y,,Y,,
2018,Telstra,-33.76565,150.95447,Y,,Y,,Y,,Y
2018,Telstra,-33.765612,150.740914,Y,,Y,,Y,,
2018,Telstra,-33.76486,150.88305,Y,,Y,,Y,,
2018,Telstra,-33.76485,151.15679,Y,,,,,,
2018,Telstra,-33.7648,151.27768,Y,,Y,,Y,,
2018,Telstra,-33.76443,150.98189,Y,,Y,,Y,,
2018,Telstra,-33.76433,151.106871,Y,,Y,,Y,,
2018,Telstra,-33.764248,151.157282,Y,,Y,,Y,,
2018,Telstra,-33.76422,151.08555,Y,,Y,,Y,,
2018,Telstra,-33.76368,150.92002,Y,,Y,,Y,,
2018,Telstra,-33.76363,151.13691,Y,,,,,,
2018,Telstra,-33.76308,151.195074,Y,,Y,,Y,,
2018,Telstra,-33.763,151.20968,Y,,Y,,Y,,
2018,Telstra,-33.76295,150.86856,Y,,Y,,Y,,
2018,Telstra,-33.76293,150.78926,Y,,Y,,Y,,Y
2018,Telstra,-33.76236,150.93047,Y,,Y,,Y,,
2018,Telstra,-33.76198,151.12844,Y,,Y,,Y,,
2018,Telstra,-33.76123,150.95759,Y,,Y,,,,
2018,Telstra,-33.76121,150.77476,Y,,Y,,Y,,
2018,Telstra,-33.76047,151.21947,Y,,Y,,Y,,
2018,Telstra,-33.760033,150.712779,Y,,Y,,Y,,
2018,Telstra,-33.75991,150.6483,Y,,Y,,Y,,
2018,Telstra,-33.75987,122.55046,Y,,Y,,,,
2018,Telstra,-33.75949,151.28135,Y,,Y,,Y,,
2018,Telstra,-33.75886,150.99231,Y,,Y,,Y,,
2018,Telstra,-33.75745,151.07955,Y,,,,Y,,
2018,Telstra,-33.75742,151.15308,Y,,Y,,,,
2018,Telstra,-33.7573,150.692584,Y,,,,Y,,
2018,Telstra,-33.75692,150.91344,Y,,Y,,Y,,
2018,Telstra,-33.75592,151.297752,Y,,Y,,Y,,
2018,Telstra,-33.75525,151.26373,Y,,,,,,
2018,Telstra,-33.75509,151.16781,Y,,,,,,
2018,Telstra,-33.75495,150.82451,Y,,Y,,,,
2018,Telstra,-33.75446,151.05701,Y,,Y,,Y,,
2018,Telstra,-33.75421,150.61775,Y,,Y,,Y,,
2018,Telstra,-33.75399,150.37197,Y,,,,,,
2018,Telstra,-33.7535,151.17603,Y,,Y,,Y,,
2018,Telstra,-33.75318,151.28616,Y,,Y,,Y,,
2018,Telstra,-33.75311,150.9435,Y,,Y,,Y,,
2018,Telstra,-33.75300137,151.2463929,Y,,Y,,Y,,
2018,Telstra,-33.75291,150.699812,Y,,Y,,Y,,
2018,Telstra,-33.75256,121.02398,Y,,,,,,
2018,Telstra,-33.75252,150.85501,Y,,Y,,,,
2018,Telstra,-33.75232,151.23992,Y,,Y,,Y,,
2018,Telstra,-33.7523,151.14343,Y,,,,,,
2018,Telstra,-33.75228,151.15023,Y,Y,Y,,Y,,
2018,Telstra,-33.751959,151.276711,Y,,Y,,Y,,
2018,Telstra,-33.75156,151.00946,Y,,,,Y,,
2018,Telstra,-33.75139,151.22671,Y,,Y,,Y,,
2018,Telstra,-33.75117,150.69294,Y,,,,Y,,
2018,Telstra,-33.75113,151.144856,Y,,Y,,Y,,
2018,Telstra,-33.75108,150.71587,Y,,Y,,Y,,
2018,Telstra,-33.74979,150.77622,Y,,Y,,Y,,
2018,Telstra,-33.74971,150.80044,Y,,Y,,,,
2018,Telstra,-33.74936,151.06466,Y,,Y,,Y,,
2018,Telstra,-33.74915,150.90117,Y,,Y,,Y,,
2018,Telstra,-33.74873,150.87948,Y,,Y,,Y,,
2018,Telstra,-33.74864,115.17692,Y,,Y,,,,
2018,Telstra,-33.748618,151.111833,Y,,Y,,Y,,
2018,Telstra,-33.74803,150.69195,Y,,Y,,Y,,
2018,Telstra,-33.74796,150.65813,Y,,Y,,Y,,
2018,Telstra,-33.74761,150.91174,Y,,,,Y,,
2018,Telstra,-33.74754,150.99354,Y,,,,Y,,
2018,Telstra,-33.74726,151.04952,Y,,Y,,Y,,
2018,Telstra,-33.74668,150.97137,Y,,Y,,Y,,
2018,Telstra,-33.746327,151.113898,Y,,,,,,
2018,Telstra,-33.746246,150.83676,Y,,Y,,,,
2018,Telstra,-33.74611,138.13417,Y,,Y,,,,
2018,Telstra,-33.745407,151.112568,Y,,,,,,
2018,Telstra,-33.7454,150.7408,Y,,Y,,Y,,
2018,Telstra,-33.74529,151.26439,Y,,Y,,Y,,
2018,Telstra,-33.74523,150.95447,Y,,Y,,Y,,
2018,Telstra,-33.74501,151.14243,Y,,Y,,Y,,
2018,Telstra,-33.74473,150.82904,Y,Y,Y,,,,
2018,Telstra,-33.74449,151.29437,Y,,,,Y,,
2018,Telstra,-33.74442,150.80991,Y,,Y,,,,
2018,Telstra,-33.74409,150.98237,Y,,Y,,Y,,
2018,Telstra,-33.74271,150.92314,Y,,Y,,Y,,
2018,Telstra,-33.74259,150.67007,Y,,Y,,Y,,Y
2018,Telstra,-33.742264,151.079378,Y,,,,Y,,
2018,Telstra,-33.741501,150.949571,Y,,,,,,
2018,Telstra,-33.741255,150.718132,Y,,,,Y,,
2018,Telstra,-33.74114,150.77136,Y,,Y,,,,
2018,Telstra,-33.74077,150.88555,Y,,Y,,Y,,
2018,Telstra,-33.7403,151.21074,Y,,Y,,Y,,
2018,Telstra,-33.74027,151.03803,Y,,Y,,Y,,
2018,Telstra,-33.74025,151.13951,Y,,Y,,Y,,
2018,Telstra,-33.740247,151.139505,Y,,,,,,
2018,Telstra,-33.740247,151.139505,Y,,,,,,
2018,Telstra,-33.740247,151.139505,Y,,,,,,
2018,Telstra,-33.740247,151.139505,Y,,,,,,
2018,Telstra,-33.74019,122.291657,Y,,Y,,,,
2018,Telstra,-33.74017,151.28628,Y,,Y,,Y,,
2018,Telstra,-33.73999,150.94317,Y,,Y,,Y,,
2018,Telstra,-33.73964,151.07077,Y,Y,Y,,Y,,
2018,Telstra,-33.73943,151.12173,Y,,,,,,
2018,Telstra,-33.73939,150.99886,Y,,Y,,Y,,Y
2018,Telstra,-33.73908,150.95173,Y,,,,,,
2018,Telstra,-33.73898,151.05751,Y,,Y,,Y,,
2018,Telstra,-33.73881,150.87657,Y,,Y,,Y,,
2018,Telstra,-33.73854,151.20404,Y,,Y,,Y,,
2018,Telstra,-33.73811,150.96752,Y,,,,Y,,
2018,Telstra,-33.73799,150.86429,Y,,Y,,,,
2018,Telstra,-33.73716,151.13261,Y,,,,,,
2018,Telstra,-33.73676,150.95064,Y,,,,Y,,
2018,Telstra,-33.7363,150.60994,Y,,Y,,,,
2018,Telstra,-33.73608,150.95836,Y,Y,Y,,Y,,Y
2018,Telstra,-33.73556,151.15919,Y,Y,Y,,Y,,
2018,Telstra,-33.73549,151.01943,Y,,,,Y,,
2018,Telstra,-33.73468,150.91672,Y,Y,Y,,Y,,
2018,Telstra,-33.73426,151.24754,Y,,Y,,Y,,
2018,Telstra,-33.73399,150.89254,Y,,Y,,Y,,
2018,Telstra,-33.733594,150.94632,Y,,Y,,Y,,
2018,Telstra,-33.73359,151.12699,Y,,,,Y,,
2018,Telstra,-33.73342,151.09948,Y,,Y,,Y,,
2018,Telstra,-33.73282,150.63021,Y,,Y,,Y,,
2018,Telstra,-33.73279,150.8086,Y,,Y,,Y,,
2018,Telstra,-33.73273,151.28266,Y,,Y,,Y,,
2018,Telstra,-33.73245,150.69267,Y,,Y,,Y,Y,
2018,Telstra,-33.73238,150.78122,Y,,Y,,Y,,
2018,Telstra,-33.73217,151.22785,Y,,Y,,Y,,
2018,Telstra,-33.73214,151.00533,Y,Y,Y,,Y,,
2018,Telstra,-33.73214,151.00533,Y,,,,,,
2018,Telstra,-33.7319,150.84795,Y,,Y,,,,
2018,Telstra,-33.731737,151.156046,Y,,Y,,Y,,
2018,Telstra,-33.731498,150.97653,Y,Y,Y,,Y,,
2018,Telstra,-33.73142,151.08145,Y,,,,Y,,
2018,Telstra,-33.73069,151.029,Y,,,,,,
2018,Telstra,-33.73042,115.48685,Y,,,,,,
2018,Telstra,-33.729804,151.006125,Y,,,,Y,,
2018,Telstra,-33.72942,151.29234,Y,,Y,,Y,,
2018,Telstra,-33.72932,151.08219,Y,,,,Y,,
2018,Telstra,-33.72907,151.13914,Y,,Y,,Y,,
2018,Telstra,-33.72905,150.4837,Y,,Y,,Y,,
2018,Telstra,-33.72893,151.08152,Y,,,,Y,,
2018,Telstra,-33.72878,151.12162,Y,,,,,,
2018,Telstra,-33.72787,151.30003,Y,,,,Y,,
2018,Telstra,-33.72687,150.70405,Y,,Y,,,,
2018,Telstra,-33.72676,150.99764,Y,,Y,,Y,,
2018,Telstra,-33.726348,151.205837,Y,,Y,,Y,,
2018,Telstra,-33.72614,150.88449,Y,,Y,,Y,,
2018,Telstra,-33.72556,150.97622,Y,,,,,,
2018,Telstra,-33.725103,151.15079,Y,,,,,,
2018,Telstra,-33.72489,151.11942,Y,,,,,,
2018,Telstra,-33.72486,122.7517,Y,,Y,,,,
2018,Telstra,-33.724525,151.109403,Y,,,,,,
2018,Telstra,-33.72444,151.12222,Y,,Y,,Y,,
2018,Telstra,-33.72381,151.08464,Y,,Y,,Y,,
2018,Telstra,-33.72344,115.043264,Y,,Y,,,,
2018,Telstra,-33.72318,150.38517,Y,,Y,,,,
2018,Telstra,-33.72248,121.36443,Y,,,,,,
2018,Telstra,-33.7222,151.17069,Y,,,,,,
2018,Telstra,-33.72178,150.83311,Y,,Y,,Y,,
2018,Telstra,-33.7217,150.9339,Y,,Y,,Y,,
2018,Telstra,-33.72131,151.01863,Y,Y,Y,,Y,,
2018,Telstra,-33.72078,150.855734,Y,,Y,,Y,,
2018,Telstra,-33.72074,151.045146,Y,,Y,,Y,,
2018,Telstra,-33.720625,151.148102,Y,,,,,,
2018,Telstra,-33.7204,151.13107,Y,,Y,,Y,,
2018,Telstra,-33.719982,150.722111,Y,,Y,,Y,,
2018,Telstra,-33.71983,150.43822,Y,,Y,,,,
2018,Telstra,-33.719652,151.105741,Y,,,,,,
2018,Telstra,-33.71943,150.90715,Y,,Y,,Y,,
2018,Telstra,-33.71906,121.59636,Y,,Y,,,,
2018,Telstra,-33.71833,136.79778,Y,,Y,,,,
2018,Telstra,-33.71815,150.91969,Y,Y,Y,,Y,,
2018,Telstra,-33.71781,150.89228,Y,,Y,,Y,,
2018,Telstra,-33.71778,150.95898,Y,,Y,,Y,,
2018,Telstra,-33.71763,151.11658,Y,,Y,,Y,,
2018,Telstra,-33.71763,151.11658,Y,,,,,,
2018,Telstra,-33.71763,151.11658,Y,,,,,,
2018,Telstra,-33.71757,151.26416,Y,,,,Y,,
2018,Telstra,-33.71734,151.21146,Y,,Y,,Y,,
2018,Telstra,-33.71721,150.98712,Y,Y,Y,,Y,,
2018,Telstra,-33.71646,151.17156,Y,,Y,,Y,,
2018,Telstra,-33.71597,151.07389,Y,,Y,,Y,,
2018,Telstra,-33.71543,150.3118,Y,,Y,,Y,,
2018,Telstra,-33.71535,150.50375,Y,,Y,,Y,,
2018,Telstra,-33.71446,150.79237,Y,,Y,,,,
2018,Telstra,-33.71423,150.844772,Y,,Y,,Y,,
2018,Telstra,-33.712449,151.125969,Y,,,,,,
2018,Telstra,-33.71223,150.5923,Y,,Y,,,,
2018,Telstra,-33.71202,150.33145,Y,,Y,,,,
2018,Telstra,-33.71134,119.43952,Y,,,,,,
2018,Telstra,-33.70986,151.10349,Y,Y,Y,,Y,,
2018,Telstra,-33.70968,150.30086,Y,,Y,,,,
2018,Telstra,-33.709549,151.2949305,Y,,Y,,Y,,
2018,Telstra,-33.70944,115.893055,,,,,,,Y
2018,Telstra,-33.70935,150.94333,Y,,Y,,,,
2018,Telstra,-33.709241,151.122071,Y,,,,,,
2018,Telstra,-33.70913,117.05899,Y,,Y,,,,
2018,Telstra,-33.70898,151.16338,Y,,Y,,Y,,
2018,Telstra,-33.708177,151.217345,Y,,Y,,,,
2018,Telstra,-33.70807,151.18907,Y,,Y,,Y,,
2018,Telstra,-33.70784,151.11761,Y,,Y,,Y,,
2018,Telstra,-33.70552,150.44575,Y,,Y,,Y,,
2018,Telstra,-33.70483,150.96746,Y,Y,Y,,Y,,
2018,Telstra,-33.704824,151.213651,Y,,Y,,,,
2018,Telstra,-33.70466,150.92993,Y,,Y,,Y,,
2018,Telstra,-33.70454,147.32194,Y,,Y,,,,
2018,Telstra,-33.70429,150.53453,Y,,Y,,,,
2018,Telstra,-33.70351,151.02589,Y,,Y,,Y,,
2018,Telstra,-33.7034,151.10187,Y,,,,Y,,
2018,Telstra,-33.70335,151.09926,,Y,Y,,,,
2018,Telstra,-33.702904,151.149736,Y,,Y,,Y,,
2018,Telstra,-33.70275,149.83936,Y,Y,Y,,Y,,
2018,Telstra,-33.70216,150.74863,Y,,Y,,,,
2018,Telstra,-33.70192,151.13857,Y,,Y,,Y,,
2018,Telstra,-33.70185277,151.112875,Y,,,,Y,,
2018,Telstra,-33.70166,151.09747,Y,,Y,,Y,,
2018,Telstra,-33.70147,151.05032,Y,Y,Y,,Y,,
2018,Telstra,-33.70107,150.31998,Y,,Y,,,,
2018,Telstra,-33.70041,151.01528,Y,,,,,,
2018,Telstra,-33.70008,150.48988,Y,,,,,,
2018,Telstra,-33.69891,150.87744,Y,,Y,,Y,,
2018,Telstra,-33.6984,150.5668,Y,,Y,,Y,,
2018,Telstra,-33.69738,150.362,Y,,Y,,,,
2018,Telstra,-33.69709,151.11327,Y,,Y,,Y,,
2018,Telstra,-33.69567,151.27956,Y,,Y,,Y,,
2018,Telstra,-33.69564,151.29545,Y,,,,Y,,
2018,Telstra,-33.69465,150.69864,Y,,Y,,,,
2018,Telstra,-33.693859,151.116908,Y,,Y,,Y,,
2018,Telstra,-33.693754,115.068208,Y,,Y,,,,
2018,Telstra,-33.6937,151.01912,Y,,Y,,,,
2018,Telstra,-33.69345,150.84047,Y,,Y,,,,
2018,Telstra,-33.69344,151.22169,Y,,Y,,,,
2018,Telstra,-33.69319,150.57599,Y,Y,Y,,Y,,
2018,Telstra,-33.69265,151.30162,Y,,Y,,Y,,
2018,Telstra,-33.69143,116.27135,Y,,,,,,
2018,Telstra,-33.69128,150.99194,Y,,Y,,,,
2018,Telstra,-33.69039,150.92588,Y,,,,Y,,
2018,Telstra,-33.69021,151.09868,Y,,Y,,Y,,
2018,Telstra,-33.68955,117.55593,Y,,Y,,,,
2018,Telstra,-33.68826,151.10702,Y,,Y,,Y,,
2018,Telstra,-33.68745,150.72878,Y,,Y,,,,
2018,Telstra,-33.6855,151.23435,Y,,Y,,,,
2018,Telstra,-33.68549,150.79825,Y,,Y,,Y,,
2018,Telstra,-33.68495,115.86077,Y,,Y,,,,
2018,Telstra,-33.68462,150.900659,Y,,Y,,Y,,
2018,Telstra,-33.68460072,150.9284015,Y,Y,Y,,Y,,
2018,Telstra,-33.68245,150.87293,Y,,Y,,Y,,
2018,Telstra,-33.68213,151.00938,Y,,,,,,
2018,Telstra,-33.68203,151.26291,Y,,Y,,,,
2018,Telstra,-33.68065,115.32475,Y,Y,Y,,Y,,
2018,Telstra,-33.68028,136.92306,Y,,Y,,Y,,
2018,Telstra,-33.679,151.12067,Y,,Y,,Y,,
2018,Telstra,-33.67867,120.79558,Y,,,,,,
2018,Telstra,-33.67814,151.30159,Y,,Y,,Y,,
2018,Telstra,-33.67814,151.30159,Y,,,,,,
2018,Telstra,-33.67806,136.48194,Y,,Y,,Y,,
2018,Telstra,-33.6775,138.95472,Y,,Y,,Y,,
2018,Telstra,-33.67662,151.28801,Y,,Y,,Y,,
2018,Telstra,-33.67656,151.03159,Y,,Y,,,,
2018,Telstra,-33.67649,115.25078,,,,,,,Y
2018,Telstra,-33.67569,151.27873,Y,,Y,,Y,,
2018,Telstra,-33.67528,150.60269,Y,,Y,,Y,,
2018,Telstra,-33.674768,150.913586,Y,,Y,,Y,,
2018,Telstra,-33.6736,151.30961,Y,,Y,,Y,,
2018,Telstra,-33.67273,119.29981,Y,,,,,,
2018,Telstra,-33.67203,151.19337,Y,,Y,,,,
2018,Telstra,-33.67082,151.11415,Y,,Y,,Y,,
2018,Telstra,-33.67064,150.60841,Y,,,,,,
2018,Telstra,-33.66993,151.00688,Y,,Y,,Y,,
2018,Telstra,-33.66953,119.70621,Y,,Y,,,,
2018,Telstra,-33.66814,150.8934,Y,,Y,,,,
2018,Telstra,-33.66298,150.86157,Y,,Y,,,,
2018,Telstra,-33.66294,122.08326,Y,,Y,,,,
2018,Telstra,-33.66259,150.76081,Y,,Y,,,,
2018,Telstra,-33.661132,151.324479,,,,,Y,,
2018,Telstra,-33.66012,151.09178,Y,,Y,,,,
2018,Telstra,-33.65919,115.29712,Y,Y,Y,,Y,,
2018,Telstra,-33.65891,115.274188,Y,,Y,,Y,,
2018,Telstra,-33.65809,115.22959,Y,Y,Y,,Y,,
2018,Telstra,-33.65718,134.88998,Y,,,,,,
2018,Telstra,-33.65677,151.30539,Y,,,,Y,,
2018,Telstra,-33.65595,151.13453,Y,,Y,,Y,,
2018,Telstra,-33.65543,150.73816,Y,,Y,,,,
2018,Telstra,-33.65504,151.02893,Y,,Y,,Y,,
2018,Telstra,-33.65484,151.32116,Y,,Y,,Y,,
2018,Telstra,-33.65433,115.32018,Y,,,,Y,,
2018,Telstra,-33.65143,150.93039,Y,,Y,,,,
2018,Telstra,-33.651,115.34672,Y,Y,Y,,Y,,Y
2018,Telstra,-33.65025,116.59236,Y,,,,,,
2018,Telstra,-33.64886,150.86506,Y,,Y,,Y,,
2018,Telstra,-33.6483,149.2693,,,,,Y,,
2018,Telstra,-33.64775,115.02912,Y,,Y,,Y,,
2018,Telstra,-33.64738,120.40103,Y,,,,,,
2018,Telstra,-33.64636,150.8194,Y,Y,Y,,Y,,
2018,Telstra,-33.64633,120.44503,Y,,Y,,,,
2018,Telstra,-33.64624,150.68537,Y,,Y,,,,
2018,Telstra,-33.64585,151.28047,Y,,Y,,,,
2018,Telstra,-33.64479,151.23541,Y,,,,,,
2018,Telstra,-33.64344,151.332554,Y,,,,,,
2018,Telstra,-33.64328,151.13117,Y,,Y,,,,
2018,Telstra,-33.64322,151.31417,Y,Y,Y,,Y,,
2018,Telstra,-33.64314,151.13416,Y,,,,,,
2018,Telstra,-33.64222,150.28356,Y,,Y,,Y,,
2018,Telstra,-33.641734,150.785413,Y,,Y,,,,
2018,Telstra,-33.63853489,151.327451,Y,,Y,,,,
2018,Telstra,-33.638117,151.327923,Y,,,,,,
2018,Telstra,-33.63599,151.1469,Y,,Y,,,,
2018,Telstra,-33.634913,121.826298,Y,,Y,,,,
2018,Telstra,-33.63086,117.898483,Y,,Y,,,,
2018,Telstra,-33.6299,150.8395,Y,,Y,,,,
2018,Telstra,-33.62944,115.39433,Y,,Y,,Y,,
2018,Telstra,-33.62886,151.00555,Y,,,,,,
2018,Telstra,-33.62599,150.89463,Y,,Y,,,,
2018,Telstra,-33.62483,115.08099,Y,,Y,,Y,,
2018,Telstra,-33.62345,151.14682,Y,,Y,,Y,,
2018,Telstra,-33.62345,151.14682,Y,,,,,,
2018,Telstra,-33.62315,150.81524,Y,Y,Y,,Y,,
2018,Telstra,-33.621621,151.33297,Y,,Y,,,,
2018,Telstra,-33.617512,151.057218,Y,,Y,,,,
2018,Telstra,-33.61638,150.75162,Y,,Y,,Y,,
2018,Telstra,-33.61526,115.105501,Y,Y,Y,,Y,,Y
2018,Telstra,-33.61521,150.78495,Y,Y,Y,,Y,,
2018,Telstra,-33.61233,150.81629,Y,,,,,,
2018,Telstra,-33.612,151.32743,Y,,Y,,,,
2018,Telstra,-33.611997,151.136985,Y,,Y,,Y,,
2018,Telstra,-33.6114,151.33012,Y,,Y,,,,
2018,Telstra,-33.61066,146.984251,Y,,Y,,,,
2018,Telstra,-33.60752,150.81963,Y,,Y,,Y,,
2018,Telstra,-33.60694,138.67833,Y,,,,,,
2018,Telstra,-33.60496,151.32681,Y,Y,Y,,Y,,
2018,Telstra,-33.6038,151.1639,Y,,Y,,,,
2018,Telstra,-33.60274,150.93557,Y,,Y,,,,
2018,Telstra,-33.60055,151.12524,Y,,,,,,
2018,Telstra,-33.60008,151.00571,Y,,Y,,,,
2018,Telstra,-33.59998,137.93139,Y,,Y,,,,
2018,Telstra,-33.59732,149.077,Y,,Y,,,,
2018,Telstra,-33.59643,150.74862,Y,Y,Y,,Y,,
2018,Telstra,-33.59479,137.94315,Y,,Y,,Y,,
2018,Telstra,-33.58723,150.71065,Y,Y,Y,,Y,,
2018,Telstra,-33.58595,115.52505,Y,,Y,,Y,,
2018,Telstra,-33.585726,147.782651,Y,,Y,,,,
2018,Telstra,-33.58569,150.25805,Y,,Y,,,,
2018,Telstra,-33.585,134.96917,Y,,,,,,
2018,Telstra,-33.58409,149.365564,,,Y,,,,
2018,Telstra,-33.58391,148.66782,Y,,Y,,Y,,
2018,Telstra,-33.58234,120.04574,Y,,Y,,,,
2018,Telstra,-33.58214,150.86948,Y,,Y,,,,
2018,Telstra,-33.581318,150.93512,Y,,Y,,,,
2018,Telstra,-33.57839,151.18445,Y,,Y,,,,
2018,Telstra,-33.57659,121.195522,Y,,Y,,,,
2018,Telstra,-33.57421,150.70673,Y,,,,,,
2018,Telstra,-33.57327,115.83775,Y,,Y,,Y,,
2018,Telstra,-33.57198,150.23322,Y,,Y,,,,
2018,Telstra,-33.57098,121.583693,Y,,Y,,,,
2018,Telstra,-33.570206,115.028412,Y,,Y,,Y,,
2018,Telstra,-33.56778,150.89747,Y,,Y,,,,
2018,Telstra,-33.56739,135.75793,Y,,Y,,,,
2018,Telstra,-33.56394,117.453656,Y,,Y,,,,
2018,Telstra,-33.56349,150.79918,Y,,Y,,,,
2018,Telstra,-33.56324,149.23867,Y,Y,Y,,Y,,
2018,Telstra,-33.55854,117.08218,Y,,Y,,,,
2018,Telstra,-33.557587,151.193803,Y,,Y,,,,
2018,Telstra,-33.55297,150.83852,Y,,Y,,Y,,
2018,Telstra,-33.550196,151.275393,Y,,,,,,
2018,Telstra,-33.548749,151.270371,Y,,,,,,
2018,Telstra,-33.5466,115.03122,Y,,,,,,
2018,Telstra,-33.5421,150.61801,Y,,Y,,Y,,
2018,Telstra,-33.54172,118.149885,Y,,,,,,
2018,Telstra,-33.54155,151.19886,Y,,Y,,,,
2018,Telstra,-33.53959,150.77353,Y,Y,Y,,Y,,
2018,Telstra,-33.53937,150.87104,Y,,Y,,Y,,
2018,Telstra,-33.53935,151.2296,Y,,Y,,,,
2018,Telstra,-33.53716,115.58189,Y,,Y,,Y,,
2018,Telstra,-33.53637,151.30634,Y,Y,Y,,Y,,
2018,Telstra,-33.53525,115.97176,Y,,Y,,,,
2018,Telstra,-33.53429,118.5128,Y,,,,,,
2018,Telstra,-33.524855,115.50961,Y,,Y,,,,
2018,Telstra,-33.52095,121.75397,Y,,,,,,
2018,Telstra,-33.51875,116.125828,Y,,Y,,,,
2018,Telstra,-33.51478,151.33491,Y,,Y,,Y,,
2018,Telstra,-33.512295,150.77453,Y,,Y,,Y,,
2018,Telstra,-33.5119,150.28416,Y,,Y,,,,
2018,Telstra,-33.51123,150.11441,Y,,Y,,,,
2018,Telstra,-33.5102,151.40256,Y,,Y,,,,
2018,Telstra,-33.50616,151.32106,Y,,Y,,Y,,
2018,Telstra,-33.50592,150.1478,Y,Y,Y,,,,
2018,Telstra,-33.50503833,151.3337933,Y,Y,Y,,Y,,
2018,Telstra,-33.50455,151.05526,Y,,,,,,
2018,Telstra,-33.50396,120.03513,Y,,,,,,
2018,Telstra,-33.50092,145.54277,Y,,Y,,,,
2018,Telstra,-33.50032,138.60903,,,,,Y,,
2018,Telstra,-33.49788,150.52199,Y,,Y,,,,
2018,Telstra,-33.49672,151.18889,Y,,,,,,
2018,Telstra,-33.4947,150.71703,Y,,Y,,,,
2018,Telstra,-33.49274,151.32061,Y,,Y,,,,
2018,Telstra,-33.4912,118.23312,Y,,,,,,
2018,Telstra,-33.49036,138.47992,Y,,Y,,,,
2018,Telstra,-33.48826,150.161997,Y,Y,Y,,Y,,
2018,Telstra,-33.48774,151.32376,Y,,,,,,
2018,Telstra,-33.48747,151.39126,Y,Y,Y,,Y,,
2018,Telstra,-33.48584,115.75556,Y,,Y,,Y,,
2018,Telstra,-33.4817,151.43186,Y,,,,,,
2018,Telstra,-33.48059,150.89156,Y,,Y,,,,
2018,Telstra,-33.47945,150.158498,Y,,Y,,,,
2018,Telstra,-33.47732,121.08248,Y,,,,,,
2018,Telstra,-33.47426,151.39365,Y,,Y,,,,
2018,Telstra,-33.47354,151.35901,Y,,,,,,
2018,Telstra,-33.47326,151.31728,Y,Y,Y,,Y,,
2018,Telstra,-33.47194,149.98777,Y,,Y,,,,
2018,Telstra,-33.46942,116.91309,Y,,Y,,,,
2018,Telstra,-33.468128,148.993171,Y,,,,Y,,
2018,Telstra,-33.46471,118.79194,Y,,Y,,,,
2018,Telstra,-33.46376,149.828566,Y,,Y,,,,
2018,Telstra,-33.45759,148.37079,Y,,Y,,,,
2018,Telstra,-33.45562,148.98599,Y,,Y,,Y,,
2018,Telstra,-33.4555,149.3641,Y,,Y,,,,
2018,Telstra,-33.45427,115.892605,Y,,Y,,,,
2018,Telstra,-33.45312,151.440949,Y,,,,Y,,Y
2018,Telstra,-33.452973,151.20187,Y,,Y,,,,
2018,Telstra,-33.452488,151.067957,,,,,Y,,
2018,Telstra,-33.45057,116.30878,Y,,,,,,
2018,Telstra,-33.45048,149.54733,Y,,Y,,Y,,Y
2018,Telstra,-33.450058,151.403013,Y,Y,Y,,Y,,
2018,Telstra,-33.449645,116.322412,Y,,,,,,
2018,Telstra,-33.44913,119.698383,Y,,Y,,,,
2018,Telstra,-33.44778,138.61556,Y,,Y,,,,
2018,Telstra,-33.44768,122.47407,Y,,Y,,,,
2018,Telstra,-33.44456,115.856,Y,,Y,,,,
2018,Telstra,-33.44417,138.20833,Y,,Y,,Y,,
2018,Telstra,-33.44329,151.4377,Y,,Y,,,,
2018,Telstra,-33.44322,115.62481,Y,,Y,,Y,,
2018,Telstra,-33.43977,149.16934,Y,,Y,,,,
2018,Telstra,-33.43975,151.37119,Y,,Y,,,,
2018,Telstra,-33.43932,116.1371,Y,,Y,,,,
2018,Telstra,-33.43854,151.39284,Y,,,,,,
2018,Telstra,-33.438327,150.883315,,,,,Y,,
2018,Telstra,-33.43427,151.39017,Y,,,,,,
2018,Telstra,-33.43187,146.72495,Y,,Y,,,,
2018,Telstra,-33.4311,151.26857,Y,,,,,,
2018,Telstra,-33.43076,122.745748,Y,,Y,,,,
2018,Telstra,-33.4285,151.342,Y,Y,Y,,Y,,
2018,Telstra,-33.42795,149.54993,Y,Y,Y,,Y,,
2018,Telstra,-33.42579,150.10618,Y,,Y,,Y,,
2018,Telstra,-33.425189,151.342712,Y,,,,,,
2018,Telstra,-33.42512,151.30192,Y,Y,Y,,Y,,
2018,Telstra,-33.42488,138.30331,,,Y,,,,
2018,Telstra,-33.42476,149.61758,Y,,Y,,,,
2018,Telstra,-33.424336,151.343205,Y,,Y,,Y,,
2018,Telstra,-33.42414,151.35609,Y,Y,Y,,Y,,
2018,Telstra,-33.422894,145.306143,Y,,,,,,
2018,Telstra,-33.42254,151.31985,Y,,Y,,Y,,
2018,Telstra,-33.42115,151.33978,Y,,Y,,,,
2018,Telstra,-33.41959,149.57912,Y,Y,Y,,Y,,
2018,Telstra,-33.41436,151.44317,Y,Y,Y,,Y,,
2018,Telstra,-33.41021,150.99806,Y,,Y,,Y,,
2018,Telstra,-33.40893,149.61198,Y,,Y,,,,
2018,Telstra,-33.4075,138.10222,Y,,Y,,,,
2018,Telstra,-33.4069,149.55412,Y,Y,Y,,Y,,
2018,Telstra,-33.40588,149.57236,Y,Y,Y,,Y,,
2018,Telstra,-33.40314,151.39413,Y,Y,Y,,,,
2018,Telstra,-33.40278,150.081897,Y,,,,,,
2018,Telstra,-33.39866,151.3435,Y,Y,Y,,,,
2018,Telstra,-33.39803,151.29573,Y,,Y,,,,
2018,Telstra,-33.39666,116.26953,Y,,Y,,,,
2018,Telstra,-33.39661,115.9148,Y,,,,,,
2018,Telstra,-33.39133,115.61105,Y,Y,Y,,Y,,
2018,Telstra,-33.39,138.85278,Y,,Y,,,,
2018,Telstra,-33.3876,151.46821,Y,Y,Y,,Y,,
2018,Telstra,-33.386478,148.00677,Y,,Y,,Y,,
2018,Telstra,-33.386007,142.571549,Y,,Y,,,,
2018,Telstra,-33.38585,150.98665,Y,,,,,,
2018,Telstra,-33.385087,121.449592,Y,,Y,,,,
2018,Telstra,-33.37861,151.45865,Y,,Y,,,,
2018,Telstra,-33.3783199,151.35827,Y,,Y,,,,
2018,Telstra,-33.37475,151.47433,Y,,Y,,,,
2018,Telstra,-33.37357,151.30542,Y,,Y,,,,
2018,Telstra,-33.373279,142.215289,Y,,,,,,
2018,Telstra,-33.37157,115.65235,Y,Y,Y,,Y,,
2018,Telstra,-33.36895,148.00742,Y,,Y,,,,
2018,Telstra,-33.36856,150.72143,Y,,Y,,,,
2018,Telstra,-33.36415,151.3856,Y,Y,Y,,,,
2018,Telstra,-33.36372,146.216903,Y,,Y,,,,
2018,Telstra,-33.36253012,116.1746471,Y,,Y,,Y,,
2018,Telstra,-33.36207,151.44298,Y,,Y,,,,
2018,Telstra,-33.36019,151.34033,Y,,Y,,,,
2018,Telstra,-33.35857,151.48508,Y,,Y,,,,
2018,Telstra,-33.35831,150.033961,Y,,,,,,
2018,Telstra,-33.357296,144.957534,Y,,,,,,
2018,Telstra,-33.35613,151.37436,Y,,Y,,,,
2018,Telstra,-33.356,151.49461,Y,Y,,,,,
2018,Telstra,-33.35432,150.0158,Y,,Y,,Y,,
2018,Telstra,-33.35286,149.1858,Y,,Y,,,,
2018,Telstra,-33.35284,116.69353,Y,,Y,,,,
2018,Telstra,-33.3522,138.20562,Y,,Y,,Y,,
2018,Telstra,-33.35113,115.69247,Y,,Y,,Y,,
2018,Telstra,-33.34928,117.035851,Y,,,,,,
2018,Telstra,-33.34886,151.4332,Y,Y,Y,,,,
2018,Telstra,-33.34856658,115.6292471,Y,Y,Y,,Y,,Y
2018,Telstra,-33.34488,116.14264,Y,Y,Y,,Y,,
2018,Telstra,-33.34305,116.26092,Y,,,,,,
2018,Telstra,-33.342904,148.983314,Y,,Y,,,,
2018,Telstra,-33.34163,115.6528,Y,,Y,,Y,,Y
2018,Telstra,-33.3402,151.49869,Y,,Y,,,,
2018,Telstra,-33.337128,116.743484,Y,,Y,,,,
2018,Telstra,-33.33668,115.66035,Y,,,,Y,,
2018,Telstra,-33.32978,151.42351,Y,,,,,,
2018,Telstra,-33.329151,151.436308,Y,,Y,,,,
2018,Telstra,-33.32698,115.6299,Y,,,,,,
2018,Telstra,-33.326718,115.636444,Y,Y,Y,,Y,,Y
2018,Telstra,-33.32529,115.72067,Y,Y,Y,,Y,,
2018,Telstra,-33.32125,147.57251,Y,,Y,,,,
2018,Telstra,-33.3201,115.65224,Y,Y,Y,,Y,,
2018,Telstra,-33.31785,149.094213,Y,,,,Y,,
2018,Telstra,-33.3146,151.40519,Y,Y,Y,,Y,,
2018,Telstra,-33.31459,115.97458,Y,,Y,,,,
2018,Telstra,-33.31433,151.51997,Y,Y,Y,,Y,,
2018,Telstra,-33.31407,117.27866,Y,,Y,,Y,,
2018,Telstra,-33.31361,117.73879,Y,,,,,,
2018,Telstra,-33.310973,149.113074,Y,,Y,,,,
2018,Telstra,-33.30952,149.59436,Y,,Y,,,,
2018,Telstra,-33.30778,149.09519,Y,,Y,,Y,,
2018,Telstra,-33.30757,151.41213,Y,,,,Y,,
2018,Telstra,-33.30361,149.04695,Y,Y,Y,,,,
2018,Telstra,-33.30051,151.4186993,Y,,Y,,,,
2018,Telstra,-33.2999,115.74331,Y,,Y,,Y,,
2018,Telstra,-33.29806,146.37306,Y,,Y,,,,
2018,Telstra,-33.29402,117.80654,Y,,Y,,,,
2018,Telstra,-33.29237,149.07433,Y,,Y,,Y,,
2018,Telstra,-33.28952,151.2365,Y,,Y,,,,
2018,Telstra,-33.28706,149.09985,Y,Y,Y,,Y,,
2018,Telstra,-33.28663,148.710645,Y,,Y,,,,
2018,Telstra,-33.28406,151.42467,Y,Y,Y,,Y,,
2018,Telstra,-33.28406,151.42467,Y,,,,,,
2018,Telstra,-33.28276,136.18219,Y,,Y,,Y,,
2018,Telstra,-33.27995,115.72092,Y,Y,Y,,Y,,Y
2018,Telstra,-33.27689,151.55294,Y,Y,,,Y,,
2018,Telstra,-33.27422,149.0834,Y,,Y,,Y,,
2018,Telstra,-33.27361,138.35694,Y,,,,,,
2018,Telstra,-33.27012,115.86065,Y,,Y,,Y,,
2018,Telstra,-33.26939,151.47068,Y,Y,Y,,Y,,
2018,Telstra,-33.26902,151.4333,Y,,Y,,,,
2018,Telstra,-33.26853833,137.1037383,Y,,Y,,Y,,
2018,Telstra,-33.26649,149.13338,Y,,Y,,,,
2018,Telstra,-33.26455,137.2019,Y,,Y,,,,
2018,Telstra,-33.26178,149.10203,Y,Y,Y,,Y,,
2018,Telstra,-33.25813,151.51109,Y,Y,,,,,
2018,Telstra,-33.25759,144.57004,Y,,,,,,
2018,Telstra,-33.25527,151.49538,Y,,Y,,Y,,
2018,Telstra,-33.2518,148.33731,Y,,Y,,,,
2018,Telstra,-33.24884,151.44914,Y,,Y,,,,
2018,Telstra,-33.24184,121.916385,Y,,Y,,,,
2018,Telstra,-33.24129,116.06632,Y,Y,Y,,,,
2018,Telstra,-33.240705,151.5038,,,,,,,Y
2018,Telstra,-33.24031,151.496768,Y,Y,Y,,Y,,
2018,Telstra,-33.23556,121.702079,Y,,,,,,
2018,Telstra,-33.235346,146.132893,Y,,,,,,
2018,Telstra,-33.23516,115.7228,Y,Y,Y,,Y,,
2018,Telstra,-33.23361,151.40192,Y,Y,Y,,,,
2018,Telstra,-33.22817,151.54103,Y,Y,Y,,Y,,
2018,Telstra,-33.22481,151.22249,,,,,Y,,
2018,Telstra,-33.219802,119.979692,Y,,Y,,,,
2018,Telstra,-33.214545,151.5414667,Y,,Y,,,,
2018,Telstra,-33.212,115.74172,Y,,Y,,,,
2018,Telstra,-33.20911,151.52447,Y,,Y,,Y,,
2018,Telstra,-33.20802,138.00097,Y,,Y,,Y,,
2018,Telstra,-33.20156,138.60651,Y,,Y,,Y,,
2018,Telstra,-33.19519,151.50225,Y,,Y,,,,
2018,Telstra,-33.19252,151.355316,Y,,Y,,,,
2018,Telstra,-33.191387,144.065829,Y,,,,,,
2018,Telstra,-33.18961,151.5632,Y,,Y,,,,
2018,Telstra,-33.18769,118.08477,Y,,,,,,
2018,Telstra,-33.185987,138.003053,Y,,Y,,Y,,
2018,Telstra,-33.18584,148.6997,Y,,,,,,
2018,Telstra,-33.18501,138.30054,Y,,Y,,,,
2018,Telstra,-33.18128,138.48396,,,,,Y,,
2018,Telstra,-33.17333,134.70583,Y,,,,,,
2018,Telstra,-33.169245,148.648483,Y,,Y,,,,
2018,Telstra,-33.16538,151.61077,Y,,Y,,,,
2018,Telstra,-33.160275,151.540965,Y,,Y,,Y,,
2018,Telstra,-33.15784,118.249857,Y,,Y,,,,
2018,Telstra,-33.15591,148.17,Y,,,,Y,,
2018,Telstra,-33.152661,138.116507,Y,,,,,,
2018,Telstra,-33.15018,138.92036,,,,,Y,,
2018,Telstra,-33.14617,151.45848,Y,Y,Y,,,,
2018,Telstra,-33.14325,115.71855,Y,,Y,,Y,,
2018,Telstra,-33.14279,151.57855,Y,Y,Y,,Y,,
2018,Telstra,-33.14154,118.97104,Y,,,,,,
2018,Telstra,-33.13644,148.17342,Y,Y,Y,,Y,,
2018,Telstra,-33.12946,147.43901,Y,,Y,,,,
2018,Telstra,-33.1225,136.3961,Y,,Y,,Y,,
2018,Telstra,-33.12248,137.22806,Y,,,,,,
2018,Telstra,-33.12083,138.63834,Y,,Y,,,,
2018,Telstra,-33.12005,121.62612,Y,,Y,,,,
2018,Telstra,-33.11712,148.17392,Y,,Y,,Y,,
2018,Telstra,-33.1139,151.51385,Y,Y,Y,,Y,,
2018,Telstra,-33.10929,151.55819,Y,,,,,,
2018,Telstra,-33.109236,146.4722,,,,,Y,,
2018,Telstra,-33.10752,147.83063,Y,,Y,,,,
2018,Telstra,-33.104511,142.376542,Y,,,,,,
2018,Telstra,-33.104125,138.164596,Y,,Y,,,,
2018,Telstra,-33.101071,148.833243,Y,,Y,,,,
2018,Telstra,-33.09944,118.46122,Y,,Y,,,,
2018,Telstra,-33.09921,115.72849,Y,,,,,,
2018,Telstra,-33.09334,148.86931,Y,,Y,,,,
2018,Telstra,-33.09311,119.02295,Y,,Y,,Y,,
2018,Telstra,-33.0922,151.46817,Y,,Y,,Y,,
2018,Telstra,-33.08928,151.63729,Y,Y,Y,,Y,,
2018,Telstra,-33.07925,138.9328,Y,,Y,,,,
2018,Telstra,-33.07808,147.15676,Y,,Y,,Y,,
2018,Telstra,-33.07472,119.71243,Y,,,,,,
2018,Telstra,-33.070883,151.485358,Y,Y,Y,,Y,,
2018,Telstra,-33.07004,115.91179,Y,,Y,,Y,,
2018,Telstra,-33.06526,151.52306,Y,,Y,,Y,,
2018,Telstra,-33.06131,117.23061,Y,,,,,,
2018,Telstra,-33.05963,151.58344,,,,,,,Y
2018,Telstra,-33.05926,116.16992,Y,,,,,,
2018,Telstra,-33.055262,151.570035,Y,Y,Y,,,,
2018,Telstra,-33.05125,151.6654,Y,Y,Y,,,,
2018,Telstra,-33.04906,135.46113,Y,,,,,,
2018,Telstra,-33.04687,145.3942,Y,,,,,,
2018,Telstra,-33.0382,118.7529,Y,,,,,,
2018,Telstra,-33.03607,138.26605,Y,,,,Y,,
2018,Telstra,-33.0353,151.45867,Y,Y,Y,,Y,,
2018,Telstra,-33.03365,151.6086,Y,,Y,,,,
2018,Telstra,-33.03248,137.531062,Y,,Y,,Y,,
2018,Telstra,-33.03192,149.58261,Y,,Y,,,,
2018,Telstra,-33.030812,137.574506,Y,,Y,,Y,,
2018,Telstra,-33.02637,116.84704,Y,,Y,,,,
2018,Telstra,-33.0259594,137.550553,Y,,Y,,Y,,
2018,Telstra,-33.02499,151.64865,Y,Y,Y,,Y,,
2018,Telstra,-33.02316,137.51241,Y,,Y,,Y,,
2018,Telstra,-33.02306,141.65076,Y,,,,,,
2018,Telstra,-33.02172,151.53241,Y,,Y,,,,
2018,Telstra,-33.015535,151.58138,Y,Y,Y,,Y,,
2018,Telstra,-33.00912,151.67356,Y,,Y,,,,
2018,Telstra,-33.00472,137.98628,Y,,Y,,,,
2018,Telstra,-33.00435,151.64676,Y,Y,Y,,,,
2018,Telstra,-33.001713,146.583233,Y,,,,,,
2018,Telstra,-32.997316,137.523991,Y,,Y,,,,
2018,Telstra,-32.99292,151.57432,Y,Y,Y,,Y,,
2018,Telstra,-32.991493,145.899089,Y,,,,,,
2018,Telstra,-32.98749,150.68987,Y,,,,,,
2018,Telstra,-32.98694,135.54222,Y,,,,,,
2018,Telstra,-32.98522,151.71335,Y,Y,Y,,Y,,
2018,Telstra,-32.982,121.64299,Y,,,,,,
2018,Telstra,-32.98139,138.83111,Y,,Y,,Y,,
2018,Telstra,-32.97844,151.52346,Y,,Y,,,,
2018,Telstra,-32.96753,151.46336,Y,,Y,,,,
2018,Telstra,-32.96648,151.69559,Y,,Y,,,,
2018,Telstra,-32.96604,151.6335,Y,Y,Y,,Y,,
2018,Telstra,-32.96574,116.44918,Y,,,,,,
2018,Telstra,-32.96412,151.69321,Y,,Y,,Y,,
2018,Telstra,-32.96353,150.1059,Y,,Y,,,,
2018,Telstra,-32.963327,148.887617,Y,,Y,,,,
2018,Telstra,-32.96083,151.69694,Y,Y,Y,,Y,,
2018,Telstra,-32.96066,151.59077,Y,,,,,,
2018,Telstra,-32.95953,149.85664,,,Y,,,,
2018,Telstra,-32.958148,146.400025,Y,,,,,,
2018,Telstra,-32.95776,151.66016,Y,Y,Y,,Y,,
2018,Telstra,-32.95554,115.74791,Y,,Y,,Y,,
2018,Telstra,-32.95516,151.62324,,,,,,,Y
2018,Telstra,-32.95374,151.64112,Y,Y,Y,,Y,,
2018,Telstra,-32.951945,151.746961,Y,,Y,,Y,,
2018,Telstra,-32.95117,151.72097,Y,Y,Y,,Y,,
2018,Telstra,-32.94184,151.75488,Y,,Y,,Y,,
2018,Telstra,-32.94176,151.71078,Y,,,,Y,,
2018,Telstra,-32.9413,149.09447,,,,,Y,,
2018,Telstra,-32.93856,116.0233,Y,,Y,,,,
2018,Telstra,-32.93759,151.14087,Y,,,,,,
2018,Telstra,-32.93708,117.159,Y,,Y,,,,
2018,Telstra,-32.93503,118.017069,Y,,,,,,
2018,Telstra,-32.93433,117.1776,Y,,Y,,,,
2018,Telstra,-32.93312,148.0472,Y,,,,,,
2018,Telstra,-32.932054,151.68998,Y,,Y,,,,
2018,Telstra,-32.93153,139.07062,Y,,,,,,
2018,Telstra,-32.93133,151.76562,Y,,Y,,Y,,
2018,Telstra,-32.93101,151.7453,Y,Y,Y,,Y,,
2018,Telstra,-32.92999,151.63545,Y,Y,Y,,Y,,
2018,Telstra,-32.928709,151.788564,Y,,Y,,Y,,
2018,Telstra,-32.92812,151.783362,Y,,Y,,Y,,
2018,Telstra,-32.92793,148.75571,Y,,Y,,,,
2018,Telstra,-32.92752,151.76305,Y,Y,Y,,Y,,Y
2018,Telstra,-32.927453,151.7796,Y,,,,Y,,
2018,Telstra,-32.92718,151.77425,Y,Y,Y,,Y,,
2018,Telstra,-32.92708,151.56046,Y,,Y,,,,
2018,Telstra,-32.92579,151.74864,Y,Y,Y,,Y,,
2018,Telstra,-32.92481,151.73249,Y,Y,Y,,Y,,
2018,Telstra,-32.923976,151.696595,Y,,Y,,Y,,
2018,Telstra,-32.92353,151.71296,Y,,,,Y,,
2018,Telstra,-32.92055,144.27722,Y,,Y,,,,
2018,Telstra,-32.92021,151.76757,Y,Y,Y,,Y,,
2018,Telstra,-32.92016,116.457181,Y,,,,,,
2018,Telstra,-32.919933,151.756085,Y,Y,Y,,Y,,
2018,Telstra,-32.9149,151.65851,Y,Y,Y,,Y,,
2018,Telstra,-32.91443,118.44828,Y,,Y,,,,
2018,Telstra,-32.91419,151.71155,Y,,,,Y,,
2018,Telstra,-32.91359,151.64505,Y,,Y,,,,
2018,Telstra,-32.91329,151.58177,Y,,Y,,,,
2018,Telstra,-32.91086,151.62241,Y,Y,,,,,
2018,Telstra,-32.91006,151.319206,Y,,Y,,Y,,
2018,Telstra,-32.90991,151.74006,Y,,Y,,Y,,
2018,Telstra,-32.9081,151.72652,Y,,Y,,Y,,
2018,Telstra,-32.90467,115.93225,Y,,Y,,Y,,
2018,Telstra,-32.902924,151.689867,Y,,,,,,Y
2018,Telstra,-32.90149,151.68392,Y,,Y,,,,
2018,Telstra,-32.90107,151.67292,Y,,Y,,,,
2018,Telstra,-32.90051,147.70404,Y,,Y,,,,
2018,Telstra,-32.9004,151.70462,Y,Y,Y,,Y,,
2018,Telstra,-32.89972,151.72037,Y,,,,,,Y
2018,Telstra,-32.89933,151.75232,Y,,Y,,Y,,
2018,Telstra,-32.896611,151.734876,Y,Y,Y,,Y,,
2018,Telstra,-32.89328,148.2758,Y,,Y,,,,
2018,Telstra,-32.89321,117.16079,Y,,Y,,,,
2018,Telstra,-32.88971,151.69667,Y,,Y,,Y,,
2018,Telstra,-32.8896,151.6518,Y,Y,Y,,,,
2018,Telstra,-32.88727,151.77018,Y,Y,Y,,Y,,
2018,Telstra,-32.88692,151.73441,Y,,Y,,,,
2018,Telstra,-32.88555822,151.7945045,Y,,Y,,,,
2018,Telstra,-32.88343,151.26353,Y,Y,Y,,Y,,
2018,Telstra,-32.881329,151.684293,Y,Y,Y,,,,
2018,Telstra,-32.88006,138.34678,Y,,Y,,,,
2018,Telstra,-32.877413,151.71511,Y,Y,Y,,,,
2018,Telstra,-32.8752,115.65434,Y,,Y,,,,
2018,Telstra,-32.87504,115.707865,Y,,Y,,Y,,
2018,Telstra,-32.87208,149.990262,Y,,Y,,,,
2018,Telstra,-32.87112,151.599,Y,,,,,,
2018,Telstra,-32.86765,119.27249,Y,,,,,,
2018,Telstra,-32.86354,116.43673,Y,,,,,,
2018,Telstra,-32.86277,151.53639,Y,,Y,,,,
2018,Telstra,-32.860761,151.81284,Y,,Y,,,,
2018,Telstra,-32.85656,135.15448,Y,,Y,,,,
2018,Telstra,-32.84862,151.33329,Y,,Y,,,,
2018,Telstra,-32.84755,139.24115,Y,,,,,,
2018,Telstra,-32.84597,139.15132,Y,,,,,,
2018,Telstra,-32.84262,115.92089,Y,,Y,,Y,,
2018,Telstra,-32.8403,145.877431,Y,,,,,,
2018,Telstra,-32.83689,142.32374,Y,,,,,,
2018,Telstra,-32.83531,151.45493,Y,,Y,,,,
2018,Telstra,-32.83393,151.68789,Y,,Y,,,,
2018,Telstra,-32.83335,151.35946,Y,Y,Y,,Y,,
2018,Telstra,-32.83064,149.15287,Y,,Y,,,,
2018,Telstra,-32.82903,151.47763,Y,Y,Y,,,,
2018,Telstra,-32.8287,151.7278,Y,,,,,,
2018,Telstra,-32.82642,151.71685,Y,,Y,,,,
2018,Telstra,-32.826387,145.359722,Y,,,,,,
2018,Telstra,-32.81807,115.70387,Y,,Y,,Y,,
2018,Telstra,-32.81528,151.76444,Y,,Y,,,,
2018,Telstra,-32.81492,151.58729,Y,,Y,,,,
2018,Telstra,-32.81402,117.19405,Y,,Y,,,,
2018,Telstra,-32.81311,151.64587,Y,Y,Y,,Y,,
2018,Telstra,-32.81309,138.20133,Y,,Y,,,,
2018,Telstra,-32.80958,148.91912,Y,,,,,,
2018,Telstra,-32.80779,151.65702,Y,,Y,,,,
2018,Telstra,-32.80559,151.42124,Y,Y,Y,,Y,,
2018,Telstra,-32.80539,151.49018,Y,,Y,,Y,,
2018,Telstra,-32.80313,121.61292,Y,,,,,,
2018,Telstra,-32.80139,149.57266,Y,,Y,,,,
2018,Telstra,-32.79871,151.66144,Y,,Y,,Y,,
2018,Telstra,-32.79781,151.91749,Y,,Y,,,,
2018,Telstra,-32.79716,151.84882,Y,Y,Y,,Y,,
2018,Telstra,-32.796356,134.211543,Y,,Y,,Y,,
2018,Telstra,-32.79425,117.437838,Y,,Y,,,,
2018,Telstra,-32.7938,119.5133,Y,,Y,,,,
2018,Telstra,-32.79168,116.47545,Y,,Y,,,,
2018,Telstra,-32.79134,143.66491,Y,,,,,,
2018,Telstra,-32.79021,151.7339,Y,,Y,,,,
2018,Telstra,-32.788029,141.079839,Y,,,,,,
2018,Telstra,-32.78608,116.45156,Y,Y,Y,,,,
2018,Telstra,-32.78322,151.62367,Y,Y,Y,,,,
2018,Telstra,-32.78113,151.34895,Y,,,,Y,,
2018,Telstra,-32.7809,117.503,Y,,,,,,
2018,Telstra,-32.77946,151.655657,Y,,Y,,,,
2018,Telstra,-32.77915,151.982328,Y,,Y,,,,
2018,Telstra,-32.77281,151.89639,Y,,Y,,,,
2018,Telstra,-32.769835,152.078101,Y,Y,Y,,Y,,
2018,Telstra,-32.76821,151.60195,Y,Y,Y,,Y,,
2018,Telstra,-32.76766,151.31178,Y,Y,Y,,,,
2018,Telstra,-32.76766,151.63178,Y,Y,Y,,Y,,
2018,Telstra,-32.76667,137.965,Y,,,,,,
2018,Telstra,-32.76589,151.85187,Y,,Y,,,,
2018,Telstra,-32.7637,151.22336,Y,,Y,,,,
2018,Telstra,-32.763034,151.754658,Y,Y,Y,,Y,,
2018,Telstra,-32.76231,151.74237,Y,,Y,,,,
2018,Telstra,-32.76078,148.65419,Y,,Y,,,,
2018,Telstra,-32.75793,115.68045,Y,,Y,,,,
2018,Telstra,-32.75617,116.07727,Y,,Y,,,,
2018,Telstra,-32.75355,151.09082,Y,,Y,,,,
2018,Telstra,-32.75228,116.344512,Y,,,,,,
2018,Telstra,-32.75052,146.23567,Y,,,,,,
2018,Telstra,-32.75017,151.58732,Y,Y,Y,,Y,,
2018,Telstra,-32.74599,151.61184,Y,,Y,,Y,,
2018,Telstra,-32.7453,117.76861,Y,,,,,,
2018,Telstra,-32.74455,152.16906,Y,,Y,,,,
2018,Telstra,-32.74393,115.7546,Y,,,,,,
2018,Telstra,-32.74277,151.85933,Y,,Y,,,,
2018,Telstra,-32.7408,151.99541,Y,,Y,,,,
2018,Telstra,-32.74002,115.87341,,,Y,,,,
2018,Telstra,-32.74,116.36667,Y,,Y,,,,
2018,Telstra,-32.7397,151.3234,Y,,Y,,Y,,
2018,Telstra,-32.73761333,137.1405567,Y,,Y,,,,
2018,Telstra,-32.73728,151.87485,Y,,Y,,,,
2018,Telstra,-32.73626,151.56478,Y,Y,Y,,Y,,
2018,Telstra,-32.7319,148.1985,Y,,Y,,,,
2018,Telstra,-32.73163,152.13112,Y,Y,Y,,Y,,
2018,Telstra,-32.73111,138.61639,Y,,Y,,,,
2018,Telstra,-32.72895,152.07737,Y,,Y,,,,
2018,Telstra,-32.72879,151.63857,Y,Y,Y,,Y,,
2018,Telstra,-32.72781,151.55146,Y,,,,,,
2018,Telstra,-32.72694,152.02916,Y,,Y,,,,
2018,Telstra,-32.72653,151.5249,Y,Y,Y,,Y,,
2018,Telstra,-32.72472,151.07194,Y,,,,,,
2018,Telstra,-32.718615,143.308053,Y,,,,,,
2018,Telstra,-32.71786,151.52444,Y,Y,Y,,Y,,
2018,Telstra,-32.715002,116.061785,Y,,Y,,,,
2018,Telstra,-32.71333,134.87139,Y,,,,,,
2018,Telstra,-32.71158,151.50247,Y,,Y,,Y,,
2018,Telstra,-32.71053,152.16139,Y,Y,Y,,Y,,
2018,Telstra,-32.70494,151.703341,Y,Y,Y,,Y,,
2018,Telstra,-32.70223,151.58412,Y,,Y,,,,
2018,Telstra,-32.69315,151.10333,Y,,,,,,
2018,Telstra,-32.68014,119.407717,Y,,Y,,,,
2018,Telstra,-32.67696,116.69882,Y,,Y,,,,
2018,Telstra,-32.66876,115.77264,Y,,Y,,,,
2018,Telstra,-32.66867,115.64442,Y,,Y,,Y,,
2018,Telstra,-32.66841,118.15573,Y,,Y,,,,
2018,Telstra,-32.66777,151.46655,Y,Y,Y,,Y,,
2018,Telstra,-32.66456,152.15601,Y,Y,Y,,Y,,
2018,Telstra,-32.660001,151.363206,Y,,Y,,,,
2018,Telstra,-32.65984,149.839911,Y,,Y,,,,
2018,Telstra,-32.65944,151.82942,Y,,Y,,,,
2018,Telstra,-32.65811,151.3977,Y,Y,Y,,Y,,
2018,Telstra,-32.65778,117.12333,Y,,Y,,,,
2018,Telstra,-32.654158,151.96095,,,,,Y,,
2018,Telstra,-32.65159,138.10834,Y,,Y,,,,
2018,Telstra,-32.65158,151.01926,,,,,Y,,
2018,Telstra,-32.65122,151.25655,Y,,Y,,,,
2018,Telstra,-32.64982,115.98998,Y,,Y,,,,
2018,Telstra,-32.64299,115.94889,Y,,,,,,
2018,Telstra,-32.63653,151.11543,Y,Y,Y,,Y,,
2018,Telstra,-32.634,115.64,,,Y,,,,
2018,Telstra,-32.62844,141.43833,Y,,,,,,
2018,Telstra,-32.627346,151.983661,Y,,Y,,,,
2018,Telstra,-32.62161,151.10262,Y,,,,,,
2018,Telstra,-32.62075,151.17454,Y,,Y,,,,
2018,Telstra,-32.62037,115.85783,Y,,Y,,Y,,
2018,Telstra,-32.61846,147.54287,Y,,Y,,,,
2018,Telstra,-32.61814,116.06339,Y,,,,,,
2018,Telstra,-32.6157,115.63922,Y,Y,Y,,Y,,
2018,Telstra,-32.61393,118.657507,Y,,Y,,,,
2018,Telstra,-32.61099,149.564834,Y,Y,Y,,Y,,
2018,Telstra,-32.603,149.57958,Y,,Y,,Y,,
2018,Telstra,-32.60111,137.55778,Y,,Y,,,,
2018,Telstra,-32.60007,151.61785,,,,,Y,,
2018,Telstra,-32.599416,152.101274,Y,,Y,,,,
2018,Telstra,-32.598884,143.971114,Y,,,,,,
2018,Telstra,-32.5968,115.6501,,,Y,,,,
2018,Telstra,-32.59496,151.60612,Y,,Y,,,,
2018,Telstra,-32.59049,117.62758,Y,,Y,,,,
2018,Telstra,-32.59005,149.58601,Y,Y,Y,,Y,,
2018,Telstra,-32.58936,115.82021,Y,,Y,,Y,,
2018,Telstra,-32.58529,115.65962,Y,,Y,,Y,,
2018,Telstra,-32.585161,143.150291,Y,,,,,,
2018,Telstra,-32.58445,139.54972,Y,,,,,,
2018,Telstra,-32.57594,148.26096,Y,,Y,,Y,,
2018,Telstra,-32.57532,117.943492,Y,,Y,,,,
2018,Telstra,-32.57339,119.73836,Y,,Y,,,,
2018,Telstra,-32.571379,115.786381,Y,Y,Y,,Y,,
2018,Telstra,-32.57023,116.43482,Y,,,,,,
2018,Telstra,-32.56884,142.398742,Y,,,,,,
2018,Telstra,-32.56635,115.68372,Y,Y,Y,,Y,,
2018,Telstra,-32.5642,151.167673,Y,Y,Y,,Y,,
2018,Telstra,-32.56418,151.78038,Y,Y,Y,,,,
2018,Telstra,-32.56338,148.90201,Y,Y,Y,,Y,,
2018,Telstra,-32.55666,115.746099,Y,,Y,,Y,,
2018,Telstra,-32.55315,151.14159,Y,,Y,,,,
2018,Telstra,-32.55081,151.17815,Y,,Y,,,,
2018,Telstra,-32.54302,137.78641,Y,,,,,,
2018,Telstra,-32.54009,151.52424,Y,,,,,,
2018,Telstra,-32.53854,115.74391,Y,Y,Y,,Y,,
2018,Telstra,-32.53834,151.1533,Y,,Y,,Y,,
2018,Telstra,-32.53804,115.69816,Y,Y,Y,,Y,,
2018,Telstra,-32.53589,115.79433,Y,,Y,,Y,,
2018,Telstra,-32.53412,115.72678,Y,Y,Y,,Y,,
2018,Telstra,-32.53403,115.760989,Y,,Y,,Y,,
2018,Telstra,-32.52729,115.71977,Y,,Y,,Y,,
2018,Telstra,-32.524892,142.381835,Y,,,,,,
2018,Telstra,-32.5202,115.75095,Y,Y,Y,,Y,,
2018,Telstra,-32.51772,137.83692,Y,,Y,,,,
2018,Telstra,-32.51759,152.18436,Y,,Y,,,,
2018,Telstra,-32.50788,151.6639,Y,,,,,,
2018,Telstra,-32.50767,151.15837,Y,Y,Y,,Y,,
2018,Telstra,-32.50722,137.80056,Y,,Y,,,,
2018,Telstra,-32.50713,115.76121,Y,Y,Y,,Y,,
2018,Telstra,-32.505438,144.149718,Y,,,,,,
2018,Telstra,-32.502425,137.7766,Y,,Y,,Y,,
2018,Telstra,-32.50083,115.74372,Y,,Y,,,,
2018,Telstra,-32.49865,118.263717,Y,,Y,,,,
2018,Telstra,-32.498551,137.740678,Y,,Y,,Y,,
2018,Telstra,-32.4927,150.89861,Y,,Y,,,,
2018,Telstra,-32.49211,150.90347,,,,,Y,,
2018,Telstra,-32.48946,144.56727,Y,,,,,,
2018,Telstra,-32.48845,115.97658,Y,,Y,,Y,,
2018,Telstra,-32.48488,115.74848,Y,,,,Y,,
2018,Telstra,-32.48296,137.77386,Y,Y,Y,,Y,,
2018,Telstra,-32.475001,143.941391,Y,,,,,,
2018,Telstra,-32.47244,151.95933,,,,,Y,,
2018,Telstra,-32.46983,115.78815,Y,,Y,,Y,,
2018,Telstra,-32.466962,142.906834,Y,,,,,,
2018,Telstra,-32.46652,117.10614,Y,,Y,,Y,,
2018,Telstra,-32.4504,118.35519,Y,,Y,,,,
2018,Telstra,-32.44625,118.86519,Y,,,,,,
2018,Telstra,-32.4428,121.7419,Y,,,,,,
2018,Telstra,-32.44261,149.56226,Y,,Y,,,,
2018,Telstra,-32.4395,150.19167,Y,,,,,,
2018,Telstra,-32.43918,150.11296,Y,,,,,,
2018,Telstra,-32.43326,139.99317,Y,,,,,,
2018,Telstra,-32.43184,115.76738,Y,Y,Y,,Y,,
2018,Telstra,-32.429279,151.552678,,,Y,,,,
2018,Telstra,-32.426827,143.364661,Y,,,,,,
2018,Telstra,-32.42524,115.80838,Y,,Y,,,,
2018,Telstra,-32.42426,138.529711,,,Y,,,,
2018,Telstra,-32.42317,150.27483,Y,,,,,,
2018,Telstra,-32.41954,150.2642,Y,,,,,,
2018,Telstra,-32.419206,141.551903,Y,,,,,,
2018,Telstra,-32.41907,151.07296,Y,Y,Y,,Y,,
2018,Telstra,-32.41766,150.9636,Y,,,,,,
2018,Telstra,-32.41724,151.973488,Y,,Y,,,,
2018,Telstra,-32.41707,150.21464,Y,,,,,,
2018,Telstra,-32.414,115.99872,Y,,Y,,Y,,
2018,Telstra,-32.41103,151.65155,Y,,,,,,
2018,Telstra,-32.40778,134.6125,Y,,,,,,
2018,Telstra,-32.404849,134.533821,,,,,Y,,
2018,Telstra,-32.40136,152.21974,Y,,Y,,,,
2018,Telstra,-32.39806,138.41889,Y,,,,,,
2018,Telstra,-32.39672,150.94806,Y,,,,,,
2018,Telstra,-32.39503,151.7851,Y,,Y,,Y,,
2018,Telstra,-32.39473,116.25736,Y,,,,,,
2018,Telstra,-32.39457,145.73737,Y,,,,,,
2018,Telstra,-32.38923,148.828468,Y,,Y,,,,
2018,Telstra,-32.38847,115.76878,Y,Y,Y,,,,
2018,Telstra,-32.38365,150.65779,Y,,Y,,,,
2018,Telstra,-32.38275,150.6237,Y,,,,,,
2018,Telstra,-32.37792897,124.6145989,Y,,,,,,
2018,Telstra,-32.37785,152.50185,Y,,Y,,,,
2018,Telstra,-32.37706,115.81478,Y,Y,Y,,Y,,
2018,Telstra,-32.37557,149.99017,Y,,,,,,
2018,Telstra,-32.37536,152.3032,Y,,,,,,
2018,Telstra,-32.37461,149.27391,Y,,Y,,,,
2018,Telstra,-32.37306,133.94306,Y,,Y,,,,
2018,Telstra,-32.3716,150.97833,Y,,,,,,
2018,Telstra,-32.37148,117.28162,Y,,Y,,,,
2018,Telstra,-32.36805,117.01128,Y,,Y,,,,
2018,Telstra,-32.36717,149.54262,Y,,Y,,,,
2018,Telstra,-32.36682,115.76035,Y,Y,Y,,Y,,
2018,Telstra,-32.36361,150.85778,Y,,Y,,,,
2018,Telstra,-32.36275,115.97741,Y,,Y,,Y,,
2018,Telstra,-32.36202,138.0524,Y,,Y,,Y,,
2018,Telstra,-32.360808,149.949553,,,,,Y,,
2018,Telstra,-32.36028,123.62528,Y,,,,,,
2018,Telstra,-32.35143,115.78988,Y,Y,,,,,
2018,Telstra,-32.347887,141.476187,Y,,,,,,
2018,Telstra,-32.34679,115.76198,Y,Y,,,,,
2018,Telstra,-32.34652,150.07698,Y,,,,,,
2018,Telstra,-32.34553,116.075018,Y,,Y,,,,
2018,Telstra,-32.34485,148.38155,Y,,Y,,,,
2018,Telstra,-32.340312,144.169408,Y,,,,,,
2018,Telstra,-32.33835,142.41428,Y,,Y,,,,
2018,Telstra,-32.33638,152.52537,Y,,Y,,Y,,
2018,Telstra,-32.3363,119.0117,Y,,Y,,,,
2018,Telstra,-32.33266,148.75763,Y,,Y,,,,
2018,Telstra,-32.33212,115.815028,Y,,,,,,
2018,Telstra,-32.33154,115.81646,Y,,Y,,Y,,
2018,Telstra,-32.32811,151.9593,Y,,,,,,
2018,Telstra,-32.32452,116.71581,Y,,Y,,,,
2018,Telstra,-32.32404,117.88301,Y,,Y,,,,
2018,Telstra,-32.32363,150.95239,Y,,Y,,,,
2018,Telstra,-32.32362,149.86954,Y,,Y,,,,
2018,Telstra,-32.32046,115.80112,Y,Y,Y,,Y,,
2018,Telstra,-32.31385,115.75342,Y,Y,Y,,Y,,
2018,Telstra,-32.31295,150.88139,Y,,Y,,,,
2018,Telstra,-32.31174,145.851314,Y,,,,,,
2018,Telstra,-32.3109,115.99872,Y,Y,Y,,Y,,
2018,Telstra,-32.30222,137.58139,Y,,,,,,
2018,Telstra,-32.29818,115.77474,Y,Y,Y,,Y,,
2018,Telstra,-32.2929,115.71033,Y,,Y,,Y,,
2018,Telstra,-32.29074,142.647199,Y,,,,,,
2018,Telstra,-32.28848,115.74592,Y,Y,Y,,Y,,
2018,Telstra,-32.2822,115.85749,Y,,Y,,Y,,
2018,Telstra,-32.27794,150.90471,Y,,Y,,,,
2018,Telstra,-32.27545,115.73072,Y,Y,Y,,Y,,
2018,Telstra,-32.27401,115.76969,Y,,Y,,Y,,
2018,Telstra,-32.270947,150.880923,Y,,Y,,Y,,
2018,Telstra,-32.27078,148.60304,Y,,Y,,Y,,
2018,Telstra,-32.26845,148.62938,Y,,Y,,Y,,
2018,Telstra,-32.26514,115.81647,Y,,Y,,Y,,
2018,Telstra,-32.2634,150.92547,Y,Y,Y,,,,
2018,Telstra,-32.26215,125.479,Y,,,,,,
2018,Telstra,-32.261606,149.775117,Y,,Y,,,,
2018,Telstra,-32.26024,148.62378,Y,,Y,,Y,,
2018,Telstra,-32.25769,152.120518,Y,,Y,,,,
2018,Telstra,-32.25565,148.63116,Y,,,,,,
2018,Telstra,-32.25049,115.76884,Y,,Y,,Y,,
2018,Telstra,-32.24874,148.63843,Y,,Y,,Y,,
2018,Telstra,-32.24666,148.60251,Y,Y,Y,,Y,,
2018,Telstra,-32.24545,115.81402,Y,,Y,,Y,,
2018,Telstra,-32.2432,148.61927,Y,,Y,,,,
2018,Telstra,-32.24117,115.80086,,Y,Y,,Y,,
2018,Telstra,-32.23995,148.62092,Y,,,,Y,,
2018,Telstra,-32.23744,115.76514,Y,,,,,,
2018,Telstra,-32.23712,148.57982,Y,Y,Y,,Y,,
2018,Telstra,-32.23706,115.85172,Y,Y,Y,,Y,,
2018,Telstra,-32.23675,148.67754,Y,Y,Y,,Y,,
2018,Telstra,-32.23206,148.23102,Y,,Y,,Y,,
2018,Telstra,-32.22806,140.42889,Y,,,,,,
2018,Telstra,-32.2266,115.79034,Y,Y,Y,,Y,,
2018,Telstra,-32.22642,123.24872,Y,,Y,,,,
2018,Telstra,-32.22041,115.68496,Y,,,,Y,,
2018,Telstra,-32.219168,143.776394,Y,,,,,,
2018,Telstra,-32.21815,147.33333,Y,,Y,,,,
2018,Telstra,-32.216971,152.303141,Y,,Y,,,,
2018,Telstra,-32.21431,116.00805,Y,Y,Y,,Y,,
2018,Telstra,-32.21261,116.35431,Y,,Y,,,,
2018,Telstra,-32.21011,152.52922,Y,,Y,,Y,,
2018,Telstra,-32.21008,115.92491,Y,Y,Y,,Y,,
2018,Telstra,-32.20854,115.86879,Y,,Y,,Y,,
2018,Telstra,-32.205511,141.689755,Y,,,,,,
2018,Telstra,-32.20533,149.25189,Y,,Y,,,,
2018,Telstra,-32.19725,115.96292,Y,Y,Y,,Y,,
2018,Telstra,-32.19651,115.78315,Y,Y,Y,,Y,,
2018,Telstra,-32.196295,150.475834,Y,,,,,,
2018,Telstra,-32.19337,152.5246,Y,Y,Y,,Y,,Y
2018,Telstra,-32.19194,142.96934,Y,,,,,,
2018,Telstra,-32.186671,143.846944,Y,,,,,,
2018,Telstra,-32.18499,117.116468,Y,,Y,,,,
2018,Telstra,-32.18439,116.08382,Y,,Y,,,,
2018,Telstra,-32.18097,115.84776,Y,,Y,,Y,,
2018,Telstra,-32.18035,152.51212,Y,,Y,,Y,,
2018,Telstra,-32.17861,115.81138,Y,,Y,,,,
2018,Telstra,-32.171006,142.766485,Y,,,,,,
2018,Telstra,-32.16856,115.85717,Y,,Y,,,,
2018,Telstra,-32.16742,150.90104,Y,,Y,,,,
2018,Telstra,-32.16734,116.02528,Y,Y,Y,,Y,,
2018,Telstra,-32.16428,152.49168,Y,,Y,,Y,,
2018,Telstra,-32.163423,152.218082,,,,,Y,,
2018,Telstra,-32.15507,144.97636,Y,,,,,,
2018,Telstra,-32.15343,116.01429,Y,Y,Y,,Y,,
2018,Telstra,-32.15296,115.77193,Y,,Y,,Y,,
2018,Telstra,-32.15041,115.921607,Y,,Y,,Y,,
2018,Telstra,-32.146,115.8505,Y,Y,Y,,Y,,
2018,Telstra,-32.14484,115.97152,Y,Y,Y,,Y,,
2018,Telstra,-32.14359,115.81265,Y,Y,Y,,Y,,
2018,Telstra,-32.14261,121.72757,Y,,Y,,,,
2018,Telstra,-32.13861,133.78944,Y,,Y,,,,
2018,Telstra,-32.13793,116.05046,Y,,Y,,Y,,
2018,Telstra,-32.13227,116.00687,Y,Y,Y,,Y,,
2018,Telstra,-32.131176,115.856382,Y,,,,,,
2018,Telstra,-32.13105,115.857495,Y,,,,Y,,
2018,Telstra,-32.13047,116.07922,Y,,Y,,,,
2018,Telstra,-32.12798,115.856416,Y,,,,,,
2018,Telstra,-32.126825,133.675583,Y,,Y,,Y,,
2018,Telstra,-32.12386,116.10339,Y,Y,Y,,Y,,
2018,Telstra,-32.12336,115.86842,Y,,,,,,
2018,Telstra,-32.12235,115.98252,Y,Y,Y,,,,
2018,Telstra,-32.12203,149.04265,Y,,Y,,,,
2018,Telstra,-32.12147,150.31216,Y,,Y,,Y,,
2018,Telstra,-32.12052,115.84168,Y,Y,Y,,Y,,
2018,Telstra,-32.11757,115.85559,Y,Y,Y,,Y,,
2018,Telstra,-32.11731,115.79519,Y,,Y,,Y,,
2018,Telstra,-32.11633,115.81367,Y,,Y,,Y,,
2018,Telstra,-32.11625,115.9481,Y,,Y,,Y,,
2018,Telstra,-32.11426,115.80882,,Y,,,,,
2018,Telstra,-32.11317,116.01352,Y,Y,Y,,Y,,
2018,Telstra,-32.1103,115.80028,Y,Y,Y,,Y,,
2018,Telstra,-32.10862,116.07403,Y,,Y,,,,
2018,Telstra,-32.10405,115.77979,Y,,Y,,Y,,
2018,Telstra,-32.10377,115.91763,Y,Y,Y,,Y,,
2018,Telstra,-32.09736,115.78386,Y,Y,Y,,Y,,
2018,Telstra,-32.09654,115.79994,Y,,Y,,Y,,
2018,Telstra,-32.09556,116.00673,Y,,Y,,,,
2018,Telstra,-32.09343,115.96337,Y,Y,Y,,Y,,
2018,Telstra,-32.09332,115.85018,Y,,Y,,Y,,
2018,Telstra,-32.09312,115.81871,Y,Y,,,,,
2018,Telstra,-32.09141,115.76469,Y,Y,Y,,Y,,
2018,Telstra,-32.090107,115.94236,Y,Y,Y,,Y,,
2018,Telstra,-32.088034,146.613513,Y,,,,,,
2018,Telstra,-32.08587,116.11365,Y,,Y,,,,
2018,Telstra,-32.08323,115.87658,Y,,Y,,,,
2018,Telstra,-32.082374,115.797011,Y,,Y,,Y,,
2018,Telstra,-32.0795,116.90505,Y,,Y,,,,
2018,Telstra,-32.07713,115.84516,Y,Y,Y,,Y,,
2018,Telstra,-32.07622,116.00665,Y,Y,Y,,Y,,
2018,Telstra,-32.07583,115.89714,Y,,Y,,Y,,
2018,Telstra,-32.07336,115.79078,Y,,Y,,Y,,Y
2018,Telstra,-32.07093,115.99634,Y,Y,Y,,Y,,
2018,Telstra,-32.07044,115.84607,Y,Y,,,Y,,
2018,Telstra,-32.06801,115.91409,Y,Y,Y,,Y,,
2018,Telstra,-32.06762,115.84505,Y,Y,Y,,Y,,
2018,Telstra,-32.06721,115.81599,Y,,Y,,Y,,
2018,Telstra,-32.066898,148.659721,,,,,Y,,
2018,Telstra,-32.06581,118.39519,Y,,Y,,,,
2018,Telstra,-32.06302,115.78039,Y,,,,Y,,
2018,Telstra,-32.062969,140.7727,Y,,,,,,
2018,Telstra,-32.06256,115.79169,Y,,Y,,Y,,
2018,Telstra,-32.06121,115.90375,Y,,Y,,Y,,
2018,Telstra,-32.06032,152.37772,Y,,Y,,Y,,
2018,Telstra,-32.05942,115.95505,Y,Y,Y,,Y,,
2018,Telstra,-32.05933,115.80179,Y,,Y,,Y,,
2018,Telstra,-32.05836,152.53129,Y,,Y,,,,
2018,Telstra,-32.05827513,115.7513675,Y,Y,Y,,Y,,
2018,Telstra,-32.05705,115.85684,Y,,Y,,Y,,
2018,Telstra,-32.05703,122.263534,Y,,,,,,
2018,Telstra,-32.05679,115.87944,Y,,Y,,Y,,
2018,Telstra,-32.05502,115.75835,Y,Y,Y,,Y,,
2018,Telstra,-32.05454,116.01333,Y,,Y,,Y,,
2018,Telstra,-32.05434,115.74144,Y,Y,Y,,Y,,
2018,Telstra,-32.0542,115.92625,Y,,Y,,Y,,
2018,Telstra,-32.05339,115.75047,Y,,Y,,Y,,
2018,Telstra,-32.05282,115.76284,Y,,,,Y,,
2018,Telstra,-32.05171,150.86949,Y,,Y,,Y,,
2018,Telstra,-32.05106,115.79157,Y,,Y,,Y,,
2018,Telstra,-32.04778,141.17056,Y,,Y,,,,
2018,Telstra,-32.04695,115.94321,,Y,Y,,Y,,
2018,Telstra,-32.04612,115.85338,Y,Y,,,,,
2018,Telstra,-32.04501,115.98485,Y,Y,Y,,Y,,
2018,Telstra,-32.04488,150.90914,Y,,Y,,,,
2018,Telstra,-32.04454,115.81924,Y,Y,Y,,Y,,
2018,Telstra,-32.04216,150.85329,Y,,Y,,Y,,
2018,Telstra,-32.0412,115.88226,Y,,Y,,Y,,
2018,Telstra,-32.04119,117.33148,,,Y,,,,
2018,Telstra,-32.04078,115.76271,Y,,,,Y,,
2018,Telstra,-32.03934,115.969578,Y,,Y,,,,
2018,Telstra,-32.03908,150.589975,,,,,Y,,
2018,Telstra,-32.03826,115.79602,Y,,Y,,Y,,
2018,Telstra,-32.0382,115.89922,Y,Y,Y,,Y,,
2018,Telstra,-32.03819,115.77714,Y,,Y,,Y,,
2018,Telstra,-32.03816,147.19225,Y,,,,,,
2018,Telstra,-32.03595,117.37345,Y,,,,,,
2018,Telstra,-32.03544,116.131484,,,,,,,Y
2018,Telstra,-32.03381,115.92616,Y,,Y,,Y,,
2018,Telstra,-32.0336,115.83651,Y,,Y,,Y,,
2018,Telstra,-32.03313,118.78841,Y,,,,,,
2018,Telstra,-32.03312,115.806,,,Y,,,,
2018,Telstra,-32.03298,115.75158,Y,Y,Y,,Y,,
2018,Telstra,-32.03247,137.43935,Y,,,,,,
2018,Telstra,-32.03181,126.0578,Y,,,,,,
2018,Telstra,-32.03180413,147.9806788,Y,,Y,,,,Y
2018,Telstra,-32.03177,115.81372,Y,,Y,,Y,,
2018,Telstra,-32.03073,115.82731,Y,,Y,,Y,,
2018,Telstra,-32.03007,118.0947,Y,,Y,,,,
2018,Telstra,-32.02941,115.84803,Y,,Y,,Y,,
2018,Telstra,-32.02816,115.95279,Y,,Y,,Y,,
2018,Telstra,-32.0264,116.00512,Y,Y,Y,,Y,,
2018,Telstra,-32.02239,115.97104,Y,,Y,,Y,,
2018,Telstra,-32.021426,149.995701,Y,,,,,,
2018,Telstra,-32.0208,115.83573,Y,,,,Y,,
2018,Telstra,-32.02077,142.25285,Y,,,,,,
2018,Telstra,-32.02034,115.76969,Y,,Y,,Y,,
2018,Telstra,-32.01986,115.94297,Y,Y,Y,,Y,,
2018,Telstra,-32.01954,149.39497,Y,,Y,,,,
2018,Telstra,-32.01841,115.937707,Y,,,,Y,,
2018,Telstra,-32.01708,115.93197,Y,Y,Y,,Y,,
2018,Telstra,-32.01706,115.76103,Y,,Y,,Y,,
2018,Telstra,-32.01678,146.33553,Y,,,,,,
2018,Telstra,-32.01555,115.86845,Y,,,,Y,,
2018,Telstra,-32.01299,115.84791,Y,,,,Y,,
2018,Telstra,-32.01273491,116.0616253,Y,,Y,,Y,,
2018,Telstra,-32.01245,115.89029,,Y,Y,,Y,,
2018,Telstra,-32.01214,115.92257,Y,,Y,,,,
2018,Telstra,-32.01047,115.83428,Y,,Y,,Y,,
2018,Telstra,-32.01043,116.08426,Y,,Y,,Y,,
2018,Telstra,-32.0095,117.40081,,,Y,,,,
2018,Telstra,-32.00939,115.8555,Y,Y,Y,,Y,,
2018,Telstra,-32.00898,115.90819,Y,,Y,,Y,,
2018,Telstra,-32.008218,115.938362,,Y,,,Y,,
2018,Telstra,-32.007861,116.048478,Y,,,,,,
2018,Telstra,-32.00731,115.50413,Y,,,,,,
2018,Telstra,-32.00561,115.89443,Y,Y,Y,,Y,,
2018,Telstra,-32.00481,115.55431,Y,,,,,,
2018,Telstra,-32.00306,115.88231,Y,,Y,,Y,,
2018,Telstra,-32.00112,115.9718,Y,Y,Y,,Y,,
2018,Telstra,-32.00013,116.05391,Y,,Y,,Y,,
2018,Telstra,-31.99899,115.92713,Y,Y,Y,,Y,,
2018,Telstra,-31.9983,115.76309,Y,,Y,,Y,,
2018,Telstra,-31.99719,115.88883,Y,,,,,,
2018,Telstra,-31.99675,115.86443,Y,,,,Y,,
2018,Telstra,-31.99548,151.97627,Y,,Y,,Y,,
2018,Telstra,-31.99537,149.63425,Y,,Y,,,,
2018,Telstra,-31.99456,115.5361,Y,,Y,,Y,,Y
2018,Telstra,-31.99444,122.85322,Y,,,,,,
2018,Telstra,-31.9944,115.79845,Y,,,,Y,,
2018,Telstra,-31.99402,115.95239,Y,,Y,,Y,,
2018,Telstra,-31.99304,116.07054,Y,Y,Y,,Y,,
2018,Telstra,-31.99126,115.89815,Y,Y,Y,,Y,,
2018,Telstra,-31.99097,116.03499,Y,,Y,,Y,,
2018,Telstra,-31.99044,115.91653,Y,Y,Y,,Y,,
2018,Telstra,-31.99039,149.10453,Y,,,,,,
2018,Telstra,-31.99008,115.80531,Y,,Y,,Y,,
2018,Telstra,-31.98996,115.7528,Y,,Y,,Y,,
2018,Telstra,-31.989782,115.525872,Y,,,,,,
2018,Telstra,-31.98884,115.87091,Y,,Y,,Y,,
2018,Telstra,-31.9879,115.76904,Y,,Y,,Y,,
2018,Telstra,-31.98714,115.85325,Y,,Y,,Y,,
2018,Telstra,-31.98682,116.00847,Y,,Y,,Y,,
2018,Telstra,-31.9854,115.8199,Y,,Y,,Y,,
2018,Telstra,-31.98487,115.98911,Y,,Y,,Y,,
2018,Telstra,-31.98416,118.40322,Y,,Y,,,,
2018,Telstra,-31.98403,117.18991,Y,,Y,,,,
2018,Telstra,-31.98269,115.77578,Y,Y,Y,,Y,,
2018,Telstra,-31.98262,115.93014,Y,Y,Y,,Y,,
2018,Telstra,-31.98224,115.953372,Y,Y,Y,,Y,,
2018,Telstra,-31.981064,115.863339,Y,,,,Y,,
2018,Telstra,-31.97961,115.9004,Y,,Y,,Y,,
2018,Telstra,-31.97944,115.80222,Y,,Y,,Y,,
2018,Telstra,-31.97921,115.96675,Y,Y,Y,,Y,,
2018,Telstra,-31.97815,116.06187,Y,,Y,,Y,,
2018,Telstra,-31.977989,115.814723,Y,,Y,,Y,,
2018,Telstra,-31.977881,115.879339,Y,,Y,,Y,,
2018,Telstra,-31.97757,115.84927,Y,Y,,,Y,,
2018,Telstra,-31.97686,115.78538,Y,Y,Y,,Y,,
2018,Telstra,-31.97529,115.94958,Y,Y,Y,,Y,,
2018,Telstra,-31.97519,115.865056,Y,Y,Y,,Y,,Y
2018,Telstra,-31.97444,141.45444,Y,Y,Y,,,,Y
2018,Telstra,-31.97366,115.89709,Y,,Y,,Y,,
2018,Telstra,-31.9723,115.85335,Y,Y,,,Y,,
2018,Telstra,-31.97224,116.061,Y,,Y,,Y,,
2018,Telstra,-31.97174,115.91837,Y,,,,Y,,
2018,Telstra,-31.9709,115.969,Y,,,,Y,,
2018,Telstra,-31.97076,115.98948,Y,,,,Y,,
2018,Telstra,-31.97034,115.76744,Y,Y,Y,,Y,,
2018,Telstra,-31.97,152.46163,Y,,Y,,Y,,
2018,Telstra,-31.96999,116.832285,Y,,Y,,,,
2018,Telstra,-31.96977,115.88729,Y,,Y,,Y,,
2018,Telstra,-31.96962,115.80889,Y,,,,Y,,
2018,Telstra,-31.96953,152.58502,Y,,Y,,Y,,
2018,Telstra,-31.9694,115.817236,Y,,,,Y,,
2018,Telstra,-31.96823,115.81483,Y,,,,Y,,
2018,Telstra,-31.96823,115.81483,Y,Y,Y,,Y,,
2018,Telstra,-31.96822,116.022483,Y,,Y,,Y,,
2018,Telstra,-31.967142,115.846652,Y,,Y,,Y,,
2018,Telstra,-31.964767,115.935381,Y,,,,,,
2018,Telstra,-31.96459,115.93512,Y,,Y,,Y,,Y
2018,Telstra,-31.96146,115.8733,Y,,,,,,
2018,Telstra,-31.96112,115.87099,Y,Y,Y,,Y,,
2018,Telstra,-31.96074,115.8943,Y,Y,Y,,Y,,Y
2018,Telstra,-31.96067,115.87515,Y,,Y,,Y,,Y
2018,Telstra,-31.96067,115.88017,Y,Y,Y,,Y,,Y
2018,Telstra,-31.96055,115.867365,Y,Y,Y,,Y,,Y
2018,Telstra,-31.95997,115.89427,Y,,,,,,
2018,Telstra,-31.95988,115.89524,,Y,,,,,
2018,Telstra,-31.9591,115.89387,Y,,,,Y,,
2018,Telstra,-31.95808,115.84487,Y,,,,Y,,
2018,Telstra,-31.95778,141.46472,Y,Y,Y,,,,Y
2018,Telstra,-31.95762,115.90117,Y,,Y,,Y,,
2018,Telstra,-31.95743,115.86571,Y,Y,Y,,Y,,Y
2018,Telstra,-31.95711,115.87672,Y,Y,Y,,Y,,
2018,Telstra,-31.95669,115.86063,Y,,,,,,
2018,Telstra,-31.95622,115.85865,Y,,,,Y,,
2018,Telstra,-31.95614,115.85468,Y,Y,Y,,Y,,
2018,Telstra,-31.95613,115.82425,Y,,Y,,Y,,
2018,Telstra,-31.95607,115.79075,Y,,Y,,Y,,
2018,Telstra,-31.95607,115.90555,Y,,,,Y,,
2018,Telstra,-31.9557,115.95599,Y,Y,Y,,Y,,
2018,Telstra,-31.95565,115.8581,Y,,,,Y,,
2018,Telstra,-31.95562,115.85012,Y,,Y,,Y,,Y
2018,Telstra,-31.95517,115.859844,Y,,Y,,Y,,Y
2018,Telstra,-31.955126,115.859432,Y,,,,Y,,
2018,Telstra,-31.95509,115.85484,Y,,,,Y,,
2018,Telstra,-31.95469,115.85778,Y,,,,Y,,
2018,Telstra,-31.95452,115.85491,Y,,,,Y,,
2018,Telstra,-31.954436,115.857075,Y,,,,Y,,
2018,Telstra,-31.9543,115.85571,Y,Y,Y,,Y,,Y
2018,Telstra,-31.95419,115.92797,Y,Y,Y,,Y,,
2018,Telstra,-31.95418,116.17289,Y,,Y,,,,
2018,Telstra,-31.95413,115.85626,Y,,,,Y,,
2018,Telstra,-31.95407,115.889341,Y,Y,Y,,Y,,Y
2018,Telstra,-31.95392,115.85842,Y,Y,Y,,Y,,
2018,Telstra,-31.95382,141.746202,Y,,,,,,
2018,Telstra,-31.95379,115.86339,Y,Y,Y,,Y,,Y
2018,Telstra,-31.95375,115.85554,Y,,,,Y,,
2018,Telstra,-31.95343,115.85434,Y,Y,Y,,Y,,
2018,Telstra,-31.95313,115.84427,Y,,Y,,Y,,Y
2018,Telstra,-31.9529,115.8497,Y,Y,Y,,Y,,Y
2018,Telstra,-31.95282,115.862167,Y,,,,Y,,
2018,Telstra,-31.9528,115.78197,Y,,,,,,
2018,Telstra,-31.95273,115.85165,Y,,,,Y,,
2018,Telstra,-31.95261,115.85769,Y,Y,Y,,Y,,
2018,Telstra,-31.952405,115.850944,Y,,,,Y,,
2018,Telstra,-31.95156,116.02376,Y,,,,Y,,
2018,Telstra,-31.95146,115.85806,Y,,,,Y,,
2018,Telstra,-31.95072,115.78858,Y,,Y,,Y,,
2018,Telstra,-31.95053,115.986,Y,Y,Y,,Y,,
2018,Telstra,-31.95042,115.8541,Y,Y,Y,,Y,,
2018,Telstra,-31.9504,115.8344,Y,,Y,,Y,,Y
2018,Telstra,-31.95035,115.843567,Y,,Y,,Y,,Y
2018,Telstra,-31.95023,117.65816,Y,,Y,,,,
2018,Telstra,-31.95014119,115.8539844,,,,,Y,,
2018,Telstra,-31.95014119,115.8539844,Y,,,,,,
2018,Telstra,-31.94997,115.86465,Y,Y,Y,Y,Y,,
2018,Telstra,-31.94989,115.82425,Y,,Y,,Y,,Y
2018,Telstra,-31.94979,115.83764,Y,,Y,,Y,,Y
2018,Telstra,-31.94956,115.892983,Y,,Y,,Y,,Y
2018,Telstra,-31.94946,115.86889,Y,,Y,,Y,,
2018,Telstra,-31.94922,115.81898,Y,Y,Y,,Y,,
2018,Telstra,-31.94919,115.9195,Y,,Y,,Y,,
2018,Telstra,-31.94847,115.85702,Y,,Y,,Y,,Y
2018,Telstra,-31.94845,115.86516,Y,,Y,,Y,,Y
2018,Telstra,-31.94833,115.88626,Y,,Y,,Y,,Y
2018,Telstra,-31.94782,145.12607,Y,,,,,,
2018,Telstra,-31.94759,115.84051,Y,Y,Y,,Y,,Y
2018,Telstra,-31.94714,116.01756,Y,,Y,,Y,,Y
2018,Telstra,-31.94695,115.81306,Y,Y,Y,,Y,,
2018,Telstra,-31.94558,115.82958,,,,,Y,,
2018,Telstra,-31.94548,115.84501,Y,Y,Y,,Y,,Y
2018,Telstra,-31.945,115.82894,Y,Y,Y,,Y,,Y
2018,Telstra,-31.94408,115.86303,Y,,Y,,Y,,Y
2018,Telstra,-31.9429,115.87435,Y,,Y,,Y,,Y
2018,Telstra,-31.94248,115.92753,Y,Y,,,Y,,
2018,Telstra,-31.94163,115.93711,Y,,,,,,
2018,Telstra,-31.94143,115.82569,Y,Y,Y,,Y,,
2018,Telstra,-31.94097,115.97361,Y,,,,Y,,Y
2018,Telstra,-31.93847,115.79337,Y,,,,,,
2018,Telstra,-31.93793,115.87727,Y,,Y,,Y,,
2018,Telstra,-31.9376,115.92382,Y,Y,Y,,Y,,Y
2018,Telstra,-31.93719,115.89855,Y,Y,Y,,Y,,
2018,Telstra,-31.93716,115.84008,Y,Y,Y,,Y,,Y
2018,Telstra,-31.93669,115.84817,Y,Y,Y,,Y,,
2018,Telstra,-31.93552,150.89508,Y,,Y,,,,
2018,Telstra,-31.93464,115.93682,Y,,Y,,,,
2018,Telstra,-31.93458,115.76934,Y,,Y,,Y,,
2018,Telstra,-31.93449,115.87192,Y,,Y,,Y,,
2018,Telstra,-31.93366,115.91763,Y,Y,Y,,Y,,
2018,Telstra,-31.93347,115.85948,Y,,Y,,Y,,Y
2018,Telstra,-31.93346,145.66561,Y,,,,,,
2018,Telstra,-31.93308,115.961394,,,,,Y,,
2018,Telstra,-31.93251,115.95613,Y,Y,Y,,Y,,
2018,Telstra,-31.93239,115.88958,Y,,Y,,Y,,
2018,Telstra,-31.92955,115.80489,Y,,Y,,Y,,
2018,Telstra,-31.92944,115.89944,Y,,,,,,
2018,Telstra,-31.9272,115.85299,Y,,Y,,Y,,
2018,Telstra,-31.927181,115.88537,Y,,Y,,Y,,
2018,Telstra,-31.92548,115.91036,Y,,,,,,
2018,Telstra,-31.92538,115.78183,Y,,Y,,Y,,
2018,Telstra,-31.92528,132.91861,Y,,Y,,,,
2018,Telstra,-31.92422,115.89138,Y,Y,Y,,Y,,
2018,Telstra,-31.92373,115.82853,Y,,,,Y,,
2018,Telstra,-31.92344,115.85837,Y,,Y,,Y,,
2018,Telstra,-31.922488,115.840815,Y,,Y,,Y,,
2018,Telstra,-31.92142,116.00812,Y,Y,Y,,Y,,
2018,Telstra,-31.92139,115.92873,Y,Y,,,,,
2018,Telstra,-31.92132,152.181713,Y,,Y,,,,
2018,Telstra,-31.919283,142.980256,Y,,,,,,
2018,Telstra,-31.919205,115.866713,Y,,Y,,Y,,
2018,Telstra,-31.9178,116.0781,,,Y,,,,
2018,Telstra,-31.91683,115.87971,,,,,Y,,
2018,Telstra,-31.916391,115.815279,Y,,,,,,
2018,Telstra,-31.916318,115.814779,Y,,,,,,
2018,Telstra,-31.91461,115.81464,Y,,,,,,
2018,Telstra,-31.91406,115.91994,Y,,Y,,Y,,
2018,Telstra,-31.91352,115.8963,Y,,,,Y,,
2018,Telstra,-31.91342,115.8157,Y,Y,Y,,Y,,
2018,Telstra,-31.91317,115.97019,Y,Y,Y,,Y,,
2018,Telstra,-31.91314,115.81492,Y,,,,,,
2018,Telstra,-31.91312,152.46006,Y,,Y,,Y,,Y
2018,Telstra,-31.9124,115.76453,Y,Y,Y,,Y,,
2018,Telstra,-31.91052,115.80845,Y,,Y,,Y,,
2018,Telstra,-31.91029,115.82378,Y,,Y,,Y,,
2018,Telstra,-31.90993,115.86985,Y,,Y,,Y,,
2018,Telstra,-31.90987,116.14837,Y,Y,Y,,Y,,
2018,Telstra,-31.90941,115.93771,Y,Y,Y,,Y,,
2018,Telstra,-31.90733,115.83876,Y,Y,Y,,Y,,
2018,Telstra,-31.90727,115.88001,Y,Y,Y,,Y,,
2018,Telstra,-31.9072,116.1828,Y,Y,Y,,Y,,
2018,Telstra,-31.90709,116.05944,Y,Y,Y,,Y,,
2018,Telstra,-31.90642,115.81153,Y,Y,Y,,Y,,
2018,Telstra,-31.90558,116.08645,Y,,Y,,Y,,
2018,Telstra,-31.9048,115.9492,,,Y,,,,
2018,Telstra,-31.9026,115.9566,Y,,Y,,Y,,
2018,Telstra,-31.90213,116.219,Y,Y,Y,,Y,,
2018,Telstra,-31.9019,115.81957,Y,,Y,,Y,,
2018,Telstra,-31.90141,115.79939,Y,,,,,,
2018,Telstra,-31.90088,117.94625,Y,,,,,,
2018,Telstra,-31.90015,115.80465,Y,Y,Y,,Y,,
2018,Telstra,-31.90011,115.91814,Y,,Y,,Y,,
2018,Telstra,-31.89849,115.97757,Y,,Y,,Y,,
2018,Telstra,-31.8983,127.1026,Y,,,,,,
2018,Telstra,-31.898246,152.457007,Y,,Y,,Y,,
2018,Telstra,-31.89727,115.84862,Y,Y,Y,,Y,,
2018,Telstra,-31.89711,115.89838,Y,Y,Y,,Y,,
2018,Telstra,-31.89522,116.026,,Y,Y,,Y,,
2018,Telstra,-31.89465333,116.00725,Y,,,,Y,,
2018,Telstra,-31.89451,116.02059,Y,Y,Y,,Y,,
2018,Telstra,-31.89438,115.78126,Y,Y,,,Y,,
2018,Telstra,-31.89366,115.75708,Y,Y,Y,,Y,,
2018,Telstra,-31.89231,116.00175,Y,Y,,,Y,,
2018,Telstra,-31.892261,115.990507,Y,Y,Y,,,,
2018,Telstra,-31.891274,141.709872,Y,,,,,,
2018,Telstra,-31.889715,116.011528,,,,,,,Y
2018,Telstra,-31.88945,115.87549,Y,Y,Y,,Y,,
2018,Telstra,-31.88899,115.95017,Y,Y,Y,,Y,,
2018,Telstra,-31.888882,143.026373,Y,,,,,,
2018,Telstra,-31.88877,115.82259,Y,,Y,,Y,,
2018,Telstra,-31.88787,116.00536,Y,,Y,,Y,,
2018,Telstra,-31.88692,138.42164,Y,,Y,,,,
2018,Telstra,-31.88692,116.7735,Y,,Y,,Y,,
2018,Telstra,-31.88574,116.03933,Y,,Y,,Y,,
2018,Telstra,-31.88453,115.83654,Y,Y,,,Y,,
2018,Telstra,-31.88068,115.8544,Y,,Y,,Y,,
2018,Telstra,-31.87931,115.77586,Y,Y,Y,,Y,,
2018,Telstra,-31.87799,116.136642,,,,,,,Y
2018,Telstra,-31.87731,115.9365,Y,Y,,,Y,,
2018,Telstra,-31.87696,115.89456,Y,,Y,,Y,,
2018,Telstra,-31.87656,116.21021,,,,,,,Y
2018,Telstra,-31.87625,115.779536,,,,,Y,,
2018,Telstra,-31.875966,118.142653,Y,,Y,,,,
2018,Telstra,-31.87564,115.79865,Y,Y,Y,,Y,,
2018,Telstra,-31.87481,148.64106,Y,,Y,,,,
2018,Telstra,-31.87382,116.3051,Y,,Y,,,,
2018,Telstra,-31.872472,143.538297,Y,,,,,,
2018,Telstra,-31.87244,115.86086,Y,,,,Y,,
2018,Telstra,-31.87075,152.6872,Y,,Y,,Y,,
2018,Telstra,-31.86852,116.01585,Y,Y,Y,,Y,,
2018,Telstra,-31.86707,115.88907,Y,,,,Y,,
2018,Telstra,-31.86635,116.2701,Y,,Y,,,,
2018,Telstra,-31.86486,115.82766,Y,Y,Y,,Y,,
2018,Telstra,-31.864504,142.41028,Y,,,,,,
2018,Telstra,-31.86429,116.44328,Y,,,,,,
2018,Telstra,-31.86349,115.82045,Y,Y,Y,,Y,,
2018,Telstra,-31.8618,115.91441,Y,Y,Y,,Y,,
2018,Telstra,-31.86084,115.80229,Y,Y,Y,,Y,,
2018,Telstra,-31.86019,115.88144,Y,Y,Y,,Y,,
2018,Telstra,-31.86009,115.82051,Y,,,,,,
2018,Telstra,-31.85737,115.83724,Y,,Y,,Y,,
2018,Telstra,-31.85716,115.77722,Y,,Y,,Y,,
2018,Telstra,-31.85697,152.40673,Y,,Y,,Y,,
2018,Telstra,-31.85318,115.75534,Y,Y,Y,,Y,,
2018,Telstra,-31.852453,116.760852,Y,,Y,,Y,,
2018,Telstra,-31.8464,115.785,,,Y,,,,
2018,Telstra,-31.84427363,150.9031024,Y,,Y,,,,
2018,Telstra,-31.84416,115.81095,,,,,,,Y
2018,Telstra,-31.84254,115.79672,Y,Y,Y,,Y,,
2018,Telstra,-31.84003,115.86949,Y,Y,Y,,Y,,
2018,Telstra,-31.83898,115.81921,Y,Y,Y,,Y,,
2018,Telstra,-31.838,127.9904,Y,,,,,,
2018,Telstra,-31.83609,115.839599,,,,,,,Y
2018,Telstra,-31.83565,123.19935,Y,,,,,,
2018,Telstra,-31.83533,115.76911,Y,,Y,,,,
2018,Telstra,-31.83416,116.05624,Y,,Y,,Y,,
2018,Telstra,-31.83242,115.80265,Y,,Y,,,,
2018,Telstra,-31.82977,115.854,Y,,Y,,Y,,
2018,Telstra,-31.82952,116.10179,Y,,Y,,,,
2018,Telstra,-31.82802,115.96059,Y,,Y,,Y,,
2018,Telstra,-31.82288,149.71979,Y,,Y,,,,
2018,Telstra,-31.822105,149.121844,,,,,Y,,
2018,Telstra,-31.821387,152.614629,,,Y,,,,
2018,Telstra,-31.82092,115.783992,Y,,Y,,Y,,
2018,Telstra,-31.82065,115.81815,Y,Y,Y,,Y,,
2018,Telstra,-31.82053,115.85316,Y,,,,,,
2018,Telstra,-31.818589,115.882933,Y,,Y,,Y,,
2018,Telstra,-31.81594,115.73556,Y,Y,Y,,Y,,
2018,Telstra,-31.81454,115.77123,Y,Y,Y,,Y,,
2018,Telstra,-31.81169,116.33295,Y,,Y,,,,
2018,Telstra,-31.80751,149.3102,Y,,Y,,,,
2018,Telstra,-31.80296,115.84095,Y,Y,Y,,Y,,
2018,Telstra,-31.80062,115.79594,Y,,Y,,Y,,
2018,Telstra,-31.79771,115.88612,Y,,Y,,Y,,
2018,Telstra,-31.79708,118.82222,Y,,Y,,,,
2018,Telstra,-31.79623,115.74846,Y,,,,Y,,
2018,Telstra,-31.79594,115.95539,Y,,Y,,,,
2018,Telstra,-31.795276,146.550278,Y,,,,,,
2018,Telstra,-31.79379,116.18837,Y,,Y,,Y,,
2018,Telstra,-31.7903,115.8219,Y,Y,Y,,Y,,
2018,Telstra,-31.78975,115.75658,,,Y,,,,
2018,Telstra,-31.78846,116.00107,Y,Y,Y,,Y,,
2018,Telstra,-31.78641,115.969271,,,,,,,Y
2018,Telstra,-31.78405,152.23097,Y,,Y,,,,
2018,Telstra,-31.78006,115.78292,Y,Y,Y,,Y,,
2018,Telstra,-31.77552,115.967892,Y,,Y,,Y,,
2018,Telstra,-31.7667,116.44769,Y,,Y,,Y,,
2018,Telstra,-31.76556,115.84611,Y,,Y,,Y,,
2018,Telstra,-31.76469,115.77412,Y,,Y,,Y,,
2018,Telstra,-31.76354,115.7477,Y,Y,Y,,Y,,
2018,Telstra,-31.76346,116.02957,Y,Y,Y,,Y,,
2018,Telstra,-31.76271,116.382466,,,Y,,,,
2018,Telstra,-31.75899,115.72786,Y,,,,Y,,
2018,Telstra,-31.75739,152.56524,Y,,Y,,,,
2018,Telstra,-31.75645,118.558652,Y,,,,,,
2018,Telstra,-31.7552,115.80643,Y,Y,Y,,Y,,
2018,Telstra,-31.75323,115.77499,Y,,Y,,Y,,
2018,Telstra,-31.7496,115.75148,Y,,,,,,
2018,Telstra,-31.74431,115.77232,Y,Y,Y,,Y,,
2018,Telstra,-31.7435,115.76564,Y,,,,Y,,
2018,Telstra,-31.74323,140.66163,Y,,,,,,
2018,Telstra,-31.74196,115.75866,Y,,Y,,Y,,Y
2018,Telstra,-31.74074,115.73948,Y,,Y,,Y,,
2018,Telstra,-31.73898,150.79181,Y,,,,,,
2018,Telstra,-31.73859,115.77177,Y,,,,Y,,
2018,Telstra,-31.73152,149.71864,Y,,Y,,,,
2018,Telstra,-31.7312,121.7189,Y,,Y,,,,
2018,Telstra,-31.73092,115.7196,Y,,,,,,
2018,Telstra,-31.72803,148.65439,Y,,Y,,,,Y
2018,Telstra,-31.727978,115.761951,Y,Y,Y,,Y,,
2018,Telstra,-31.727496,150.843983,Y,,Y,,,,
2018,Telstra,-31.72735,143.212933,Y,,,,,,
2018,Telstra,-31.72472,115.74924,Y,,Y,,,,
2018,Telstra,-31.71757,115.80579,Y,,Y,,Y,,
2018,Telstra,-31.71194,116.53632,Y,,Y,,,,
2018,Telstra,-31.70687,115.72534,Y,Y,Y,,Y,,
2018,Telstra,-31.70663,116.03332,Y,,Y,,Y,,
2018,Telstra,-31.70455,146.78342,Y,,,,,,
2018,Telstra,-31.701844,152.678714,Y,,Y,,,,
2018,Telstra,-31.699885,147.8372683,Y,,Y,,,,Y
2018,Telstra,-31.69457,143.81808,Y,,,,,,
2018,Telstra,-31.69072,118.0085,Y,,Y,,,,
2018,Telstra,-31.69009,115.71887,Y,,Y,,Y,,
2018,Telstra,-31.68551,115.77384,Y,,,,,,
2018,Telstra,-31.68513,115.79738,Y,Y,Y,,Y,,
2018,Telstra,-31.684377,143.343479,Y,,,,,,
2018,Telstra,-31.6819,116.6168,Y,,Y,,,,
2018,Telstra,-31.68,115.81829,Y,,Y,,Y,,
2018,Telstra,-31.67655,115.70429,Y,Y,Y,,Y,,
2018,Telstra,-31.67649,128.88632,Y,,,,,,
2018,Telstra,-31.6732,116.05877,Y,Y,Y,,Y,,
2018,Telstra,-31.67094,115.74221,Y,Y,,,,,
2018,Telstra,-31.66923,137.14704,Y,,,,,,
2018,Telstra,-31.665485,148.30397,,,Y,,,,
2018,Telstra,-31.66261,115.79006,Y,Y,Y,,Y,,
2018,Telstra,-31.65989,115.7067,Y,Y,Y,,Y,,
2018,Telstra,-31.65709,117.5568,Y,,,,,,
2018,Telstra,-31.656322,152.814809,Y,,Y,,Y,,
2018,Telstra,-31.65523,116.17175,Y,,Y,,,,
2018,Telstra,-31.65424,117.07838,Y,,Y,,,,
2018,Telstra,-31.65057,116.65741,Y,Y,Y,,Y,,Y
2018,Telstra,-31.64993,117.24032,Y,,Y,,,,
2018,Telstra,-31.64792,115.69499,Y,Y,Y,,Y,,Y
2018,Telstra,-31.647573,146.581228,Y,,,,,,
2018,Telstra,-31.6432,116.84944,Y,,Y,,,,
2018,Telstra,-31.64305667,117.4867583,,,,,Y,,
2018,Telstra,-31.64239,116.62508,Y,,,,,,
2018,Telstra,-31.63432,117.71867,Y,,Y,,,,
2018,Telstra,-31.63374,144.73863,Y,,,,,,
2018,Telstra,-31.63222,152.70429,,,Y,,,,
2018,Telstra,-31.61799,117.6494,Y,,Y,,,,
2018,Telstra,-31.616446,115.674735,Y,,Y,,Y,,
2018,Telstra,-31.6022,115.71014,Y,,Y,,Y,,
2018,Telstra,-31.601731,142.357956,Y,,,,,,
2018,Telstra,-31.60123,152.46079,Y,,Y,,,,
2018,Telstra,-31.6001,150.78834,Y,,Y,,,,
2018,Telstra,-31.588281,142.531754,Y,,,,,,
2018,Telstra,-31.58788,142.79862,Y,,,,,,
2018,Telstra,-31.58426,116.3405,Y,,Y,,,,
2018,Telstra,-31.57905,152.798662,Y,,Y,,Y,,
2018,Telstra,-31.56771,115.96156,Y,,Y,,Y,,
2018,Telstra,-31.56433,143.26088,Y,,Y,,,,
2018,Telstra,-31.563115,147.192317,Y,,Y,,,,Y
2018,Telstra,-31.56088,116.47021,Y,,Y,,Y,,
2018,Telstra,-31.55784,143.37327,,,Y,,,,
2018,Telstra,-31.55582,115.67325,Y,,Y,,,,
2018,Telstra,-31.55133,149.37928,Y,,Y,,,,
2018,Telstra,-31.54531,115.64096,Y,,Y,,Y,,
2018,Telstra,-31.54215,146.28043,Y,,,,,,
2018,Telstra,-31.53067,116.08376,Y,,Y,,Y,,
2018,Telstra,-31.52944,138.60501,Y,,Y,,,,
2018,Telstra,-31.51369,150.66637,Y,,Y,,,,
2018,Telstra,-31.50597,150.018093,Y,,,,,,
2018,Telstra,-31.50167,152.70616,Y,,,,,,
2018,Telstra,-31.49946,145.83705,Y,,Y,,,,Y
2018,Telstra,-31.49569,115.58841,,,,,,,Y
2018,Telstra,-31.49275,151.70384,Y,,,,,,
2018,Telstra,-31.489352,115.581751,Y,,,,,,
2018,Telstra,-31.48569,141.61222,Y,,,,,,
2018,Telstra,-31.48286,116.61745,Y,,Y,,,,
2018,Telstra,-31.48158,118.28028,Y,,Y,,,,Y
2018,Telstra,-31.479965,115.602958,Y,,Y,,Y,,
2018,Telstra,-31.4751,116.09155,Y,,Y,,,,
2018,Telstra,-31.473357,146.812035,Y,,,,,,
2018,Telstra,-31.472511,146.989925,Y,,,,,,
2018,Telstra,-31.46861,131.86556,Y,,Y,,,,
2018,Telstra,-31.46772,119.48769,Y,,,,,,
2018,Telstra,-31.467336,149.014961,Y,,Y,,,,
2018,Telstra,-31.46526,152.91902,Y,Y,Y,,Y,Y,
2018,Telstra,-31.45814,141.321777,Y,,,,,,
2018,Telstra,-31.45798,152.72341,Y,,Y,,Y,,
2018,Telstra,-31.45727,150.90015,Y,,Y,,,,
2018,Telstra,-31.45442,151.10069,Y,,Y,,,,
2018,Telstra,-31.45352,152.88246,Y,Y,Y,,Y,,
2018,Telstra,-31.44917,130.89778,Y,,,,,,
2018,Telstra,-31.44508,152.47696,Y,,Y,,,,
2018,Telstra,-31.444733,142.136535,Y,,,,,,
2018,Telstra,-31.43766,117.097958,Y,,Y,,,,
2018,Telstra,-31.43535,118.41486,Y,,Y,,,,
2018,Telstra,-31.43477,152.82058,Y,,Y,,Y,,
2018,Telstra,-31.43148,152.91458,Y,Y,Y,,Y,Y,Y
2018,Telstra,-31.429619,152.909117,Y,,,,,,
2018,Telstra,-31.42959,136.99356,Y,,,,,,
2018,Telstra,-31.427986,143.927073,Y,,,,,,
2018,Telstra,-31.4278,116.6825,Y,,Y,,,,
2018,Telstra,-31.425573,152.878784,Y,Y,Y,,Y,,
2018,Telstra,-31.40891,118.764594,Y,,Y,,,,
2018,Telstra,-31.39299,145.870388,Y,,,,,,
2018,Telstra,-31.37314,151.54006,Y,,,,,,
2018,Telstra,-31.36728,148.48845,Y,,Y,,,,
2018,Telstra,-31.363843,145.924756,Y,,,,,,
2018,Telstra,-31.3617,115.92086,Y,,Y,,Y,,
2018,Telstra,-31.35845,152.775948,Y,,Y,,,,
2018,Telstra,-31.35806,116.08013,Y,,,,,,
2018,Telstra,-31.35075,152.442815,Y,,,,,,
2018,Telstra,-31.34845,115.50405,Y,,Y,,,,
2018,Telstra,-31.34265,149.02318,Y,,Y,,,,
2018,Telstra,-31.34094,152.68284,Y,,Y,,,,
2018,Telstra,-31.33207,115.60365,Y,,Y,,,,
2018,Telstra,-31.321351,116.165819,Y,,,,,,
2018,Telstra,-31.320638,149.303401,Y,,Y,,,,
2018,Telstra,-31.31808,115.702101,,,,,Y,,
2018,Telstra,-31.31706,119.08704,Y,,,,,,
2018,Telstra,-31.31154,115.53231,Y,,Y,,Y,,
2018,Telstra,-31.30188,150.6856,Y,,Y,,Y,,
2018,Telstra,-31.30047,118.69791,Y,,,,,,
2018,Telstra,-31.30045,151.16231,Y,,Y,,,,
2018,Telstra,-31.29904,116.82702,Y,,Y,,,,
2018,Telstra,-31.295528,141.711494,Y,,,,,,
2018,Telstra,-31.28707,119.99295,Y,,,,,,
2018,Telstra,-31.28141,152.81507,Y,,Y,,,,
2018,Telstra,-31.2775,151.84973,Y,,Y,,,,
2018,Telstra,-31.276852,143.551979,Y,,,,,,
2018,Telstra,-31.27439,116.50738,Y,,,,,,
2018,Telstra,-31.27385,149.27806,Y,,Y,,Y,,
2018,Telstra,-31.27327,115.89056,Y,,Y,,,,
2018,Telstra,-31.257442,147.252403,Y,,,,,,
2018,Telstra,-31.25561,146.89621,Y,,,,,,
2018,Telstra,-31.2548,118.170117,Y,,Y,,,,
2018,Telstra,-31.24944,136.79777,Y,,Y,,,,
2018,Telstra,-31.247597,142.093591,Y,,,,,,
2018,Telstra,-31.240167,137.493491,Y,,,,,,
2018,Telstra,-31.23216,119.32711,Y,,Y,,,,
2018,Telstra,-31.23124,147.63163,Y,,Y,,,,
2018,Telstra,-31.21996,136.44106,Y,,,,,,
2018,Telstra,-31.2126,120.25978,Y,,,,,,
2018,Telstra,-31.21089,121.62275,Y,,,,,,
2018,Telstra,-31.19622,121.66811,Y,,Y,,,,
2018,Telstra,-31.19334,152.97925,Y,,Y,,,,
2018,Telstra,-31.19194,136.81472,Y,,Y,,,,
2018,Telstra,-31.18428,118.100531,Y,,Y,,,,
2018,Telstra,-31.18172,117.06369,Y,,Y,,,,
2018,Telstra,-31.17432,116.47239,Y,,Y,,,,
2018,Telstra,-31.16938,116.17998,Y,,Y,,,,
2018,Telstra,-31.16697,136.12559,Y,,,,,,
2018,Telstra,-31.16503,118.68922,Y,,,,,,
2018,Telstra,-31.16295,152.79006,Y,,Y,,,,
2018,Telstra,-31.16215,117.39198,Y,,Y,,,,
2018,Telstra,-31.15573,150.89911,Y,,Y,,,,
2018,Telstra,-31.14821,116.067566,Y,,Y,,,,
2018,Telstra,-31.14454,150.98218,Y,,Y,,Y,,
2018,Telstra,-31.14056,150.92057,Y,,Y,,Y,,
2018,Telstra,-31.132917,141.274352,Y,,,,,,
2018,Telstra,-31.13191,149.71083,Y,,,,,,
2018,Telstra,-31.12557,120.71048,Y,,,,,,
2018,Telstra,-31.12473,121.61488,Y,,Y,,,,
2018,Telstra,-31.11954,115.45465,Y,,Y,,,,
2018,Telstra,-31.11654,150.9089,Y,Y,Y,,Y,,
2018,Telstra,-31.11315,117.929316,Y,,Y,,,,
2018,Telstra,-31.1131,117.79434,Y,,,,,,
2018,Telstra,-31.11,150.89765,Y,,Y,,Y,,
2018,Telstra,-31.10392,150.91554,Y,Y,,,,,
2018,Telstra,-31.09826,149.9112,,,Y,,,,
2018,Telstra,-31.09577,150.90671,Y,Y,Y,,Y,,
2018,Telstra,-31.09533,150.89044,Y,,Y,,Y,,
2018,Telstra,-31.09175,150.93169,Y,Y,Y,,Y,,
2018,Telstra,-31.090512,146.931251,Y,,,,,,
2018,Telstra,-31.08965,116.446998,,,,,Y,,
2018,Telstra,-31.0862,150.91191,Y,,Y,,Y,,
2018,Telstra,-31.08425,152.84406,Y,Y,Y,,Y,,
2018,Telstra,-31.0798,150.94153,Y,,Y,,Y,,
2018,Telstra,-31.07885,152.83036,Y,,Y,,Y,,
2018,Telstra,-31.07547,150.958417,Y,,Y,,,,
2018,Telstra,-31.07507,152.71873,Y,,Y,,,,
2018,Telstra,-31.07329,150.92537,Y,,,,Y,,
2018,Telstra,-31.07218,150.85685,Y,,Y,,,,
2018,Telstra,-31.06784,152.82023,Y,,,,Y,,
2018,Telstra,-31.06704,115.824799,Y,,,,,,
2018,Telstra,-31.06443,150.95007,Y,Y,Y,,Y,,
2018,Telstra,-31.06374,153.04361,Y,,,,,,
2018,Telstra,-31.06197,143.99765,Y,,,,,,
2018,Telstra,-31.059364,149.402692,Y,,,,,,
2018,Telstra,-31.05333,150.89749,Y,,Y,,,,
2018,Telstra,-31.04751,115.34663,Y,,Y,,Y,,
2018,Telstra,-31.04096,118.08967,Y,,,,,,
2018,Telstra,-31.03904,116.049734,Y,,Y,,,,
2018,Telstra,-31.037141,151.156063,,,,,Y,,
2018,Telstra,-31.03533,124.03705,Y,,,,,,
2018,Telstra,-31.03514,152.87459,,,Y,,,,
2018,Telstra,-31.03418,151.05463,Y,,Y,,Y,,
2018,Telstra,-31.03281,123.57176,Y,,,,,,
2018,Telstra,-31.02439,123.08438,Y,,,,,,
2018,Telstra,-31.0233,118.5504,Y,,Y,,,,
2018,Telstra,-31.020837,147.197778,Y,,,,,,
2018,Telstra,-31.01523,124.48628,Y,,,,,,
2018,Telstra,-31.0107,125.33153,Y,,,,,,
2018,Telstra,-31.00568,145.45123,Y,,,,,,
2018,Telstra,-31.00523,126.11521,Y,,,,,,
2018,Telstra,-31.002165,150.261619,Y,,Y,,Y,,
2018,Telstra,-30.99909,146.759184,Y,,Y,,,,
2018,Telstra,-30.998009,152.9375,Y,,Y,,,,
2018,Telstra,-30.990971,147.063074,Y,,,,,,
2018,Telstra,-30.99034,150.24268,Y,Y,Y,,,,
2018,Telstra,-30.9864,119.1155,Y,,Y,,,,
2018,Telstra,-30.98508,115.38563,Y,,,,Y,,
2018,Telstra,-30.97994,151.61827,Y,,Y,,Y,,
2018,Telstra,-30.97816,126.57432,Y,,,,,,
2018,Telstra,-30.97706,150.25732,Y,Y,,,,,
2018,Telstra,-30.976649,150.252041,,,,,,,Y
2018,Telstra,-30.9763,122.62094,Y,,,,,,
2018,Telstra,-30.969549,116.210619,Y,,Y,,,,
2018,Telstra,-30.96667,135.75167,Y,,,,,,
2018,Telstra,-30.961946,147.212776,Y,,,,,,
2018,Telstra,-30.95921,136.53577,Y,,,,,,
2018,Telstra,-30.95503273,148.3892334,Y,,Y,,,,Y
2018,Telstra,-30.95435,150.49818,Y,,Y,,,,
2018,Telstra,-30.95418,121.16541,Y,,Y,,,,
2018,Telstra,-30.94901,149.066364,Y,,Y,,,,
2018,Telstra,-30.94682,127.03196,Y,,,,,,
2018,Telstra,-30.94644,151.14543,Y,,Y,,,,
2018,Telstra,-30.93576,115.99836,Y,,Y,,,,
2018,Telstra,-30.93305,122.19278,Y,,,,,,
2018,Telstra,-30.93155,146.26177,Y,,,,,,
2018,Telstra,-30.92975,147.869918,Y,,Y,,,,
2018,Telstra,-30.924024,147.109261,Y,,,,,,
2018,Telstra,-30.9237,116.3893,Y,,,,,,
2018,Telstra,-30.916388,147.238055,Y,,,,,,
2018,Telstra,-30.9148,118.206,Y,,,,,,
2018,Telstra,-30.914475,152.940344,Y,,Y,,,,
2018,Telstra,-30.91061,135.32263,Y,,,,,,
2018,Telstra,-30.90362,132.21478,Y,,,,,,
2018,Telstra,-30.90335,127.53724,Y,,,,,,
2018,Telstra,-30.90112,115.422539,Y,,Y,,,,
2018,Telstra,-30.897366,147.464608,Y,,Y,,,,
2018,Telstra,-30.89179,116.71819,Y,,,,,,
2018,Telstra,-30.88968,153.04851,Y,,Y,,Y,,
2018,Telstra,-30.88285,121.14508,Y,,,,,,
2018,Telstra,-30.87282,121.48451,Y,,,,,,
2018,Telstra,-30.869442,143.708056,Y,,,,,,
2018,Telstra,-30.85695,121.67763,Y,,,,,,
2018,Telstra,-30.8564,120.43162,Y,,,,,,
2018,Telstra,-30.85513,128.06668,Y,,,,,,
2018,Telstra,-30.85482,152.40268,Y,,Y,,,,
2018,Telstra,-30.85224,119.88836,Y,,,,,,
2018,Telstra,-30.85018,143.09708,Y,,Y,,,,
2018,Telstra,-30.84617,117.09945,Y,,Y,,,,
2018,Telstra,-30.846,121.50774,Y,,,,,,
2018,Telstra,-30.84367,115.62759,Y,,,,,,
2018,Telstra,-30.84201,134.89093,Y,,,,,,
2018,Telstra,-30.83599,116.64007,Y,,,,,,
2018,Telstra,-30.826,117.5305,Y,,Y,,,,
2018,Telstra,-30.82495,117.48236,Y,,,,,,
2018,Telstra,-30.820155,152.983888,Y,,Y,,,,
2018,Telstra,-30.81766,152.50349,,,,,Y,,
2018,Telstra,-30.81518,119.52228,Y,,Y,,,,
2018,Telstra,-30.81381,152.91992,Y,,Y,,,,
2018,Telstra,-30.81249,150.1486,Y,,Y,,,,
2018,Telstra,-30.80841,117.8645,Y,,Y,,,,
2018,Telstra,-30.783381,144.769246,Y,,,,,,
2018,Telstra,-30.777874,152.695005,,,,,Y,,
2018,Telstra,-30.77571,121.4422,Y,Y,Y,,Y,,
2018,Telstra,-30.77554,121.49059,Y,Y,Y,,Y,,Y
2018,Telstra,-30.77083,152.71144,Y,,Y,,,,
2018,Telstra,-30.76781,128.96992,Y,,,,,,
2018,Telstra,-30.767184,143.414806,Y,,,,,,
2018,Telstra,-30.76565,121.46643,Y,,Y,,,,Y
2018,Telstra,-30.76453,121.51259,Y,,,,,,
2018,Telstra,-30.76231,151.36321,Y,,Y,,Y,,
2018,Telstra,-30.746272,121.476446,Y,Y,,Y,Y,,
2018,Telstra,-30.73626,115.53969,Y,,,,,,
2018,Telstra,-30.73477,121.48351,Y,,Y,Y,Y,,
2018,Telstra,-30.73458,151.05377,,,,,Y,,
2018,Telstra,-30.73005,150.64858,Y,,Y,,Y,,
2018,Telstra,-30.72679,116.22828,Y,,Y,,,,
2018,Telstra,-30.71733,121.44017,Y,Y,Y,,,,Y
2018,Telstra,-30.71265,129.50936,Y,,,,,,
2018,Telstra,-30.71184,134.56638,Y,,,,,,
2018,Telstra,-30.70797,152.91873,Y,,Y,,,,
2018,Telstra,-30.70332,150.03824,Y,,Y,,Y,,
2018,Telstra,-30.67502,148.25142,Y,,,,,,
2018,Telstra,-30.6634,117.71716,Y,,Y,,,,
2018,Telstra,-30.65209,152.96147,Y,,Y,,,,
2018,Telstra,-30.650452,115.454695,Y,,Y,,,,
2018,Telstra,-30.64955,117.22418,Y,,,,,,
2018,Telstra,-30.642607,147.08566,Y,,,,,,
2018,Telstra,-30.64226,152.87779,Y,,Y,,Y,,
2018,Telstra,-30.640468,144.942896,Y,,,,,,
2018,Telstra,-30.640468,144.942896,Y,,,,,,
2018,Telstra,-30.63991,152.99125,Y,,Y,,Y,,
2018,Telstra,-30.63977,115.74622,Y,,,,,,
2018,Telstra,-30.63971,133.95265,Y,,,,,,
2018,Telstra,-30.63893,116.00682,Y,,Y,,Y,,
2018,Telstra,-30.63507,116.1587,Y,,,,,,
2018,Telstra,-30.63257,151.50246,Y,,Y,,,,
2018,Telstra,-30.6325,138.35501,Y,,,,,,
2018,Telstra,-30.61581,130.40932,Y,,,,,,
2018,Telstra,-30.608811,148.972007,,,,,Y,,
2018,Telstra,-30.60388,121.57874,Y,,,,,,
2018,Telstra,-30.60051,116.77931,Y,,,,,,
2018,Telstra,-30.59279,153.0057,Y,,Y,,Y,,
2018,Telstra,-30.59071,138.40648,Y,,,,,,
2018,Telstra,-30.57652,118.28395,Y,,,,,,
2018,Telstra,-30.5726,132.91449,Y,,,,,,
2018,Telstra,-30.56278,136.91167,Y,,Y,,,,Y
2018,Telstra,-30.556605,145.59696,Y,,,,,,
2018,Telstra,-30.55626,133.53746,Y,,,,,,
2018,Telstra,-30.556136,151.909853,Y,,Y,,,,
2018,Telstra,-30.54647,136.89464,Y,,Y,,,,Y
2018,Telstra,-30.546148,151.648939,Y,Y,Y,,,,
2018,Telstra,-30.54402,133.21671,Y,,,,,,
2018,Telstra,-30.54144,151.65158,Y,,Y,,,,
2018,Telstra,-30.53496,145.119687,Y,,,,,,
2018,Telstra,-30.52825,152.99679,Y,,Y,,Y,,
2018,Telstra,-30.52307,132.67478,Y,,,,,,
2018,Telstra,-30.518704,145.789856,Y,,,,,,
2018,Telstra,-30.51786,152.056639,,,,,Y,,
2018,Telstra,-30.512214,151.667438,Y,,Y,,Y,,
2018,Telstra,-30.50701,149.63078,Y,,Y,,,,
2018,Telstra,-30.50682,116.384548,Y,,,,,,
2018,Telstra,-30.50552,151.54433,Y,,Y,,,,
2018,Telstra,-30.50344,151.66559,Y,,Y,,Y,,
2018,Telstra,-30.50282,115.07111,Y,,Y,,,,
2018,Telstra,-30.49125,132.34575,Y,,,,,,
2018,Telstra,-30.489449,148.352776,Y,,,,,,
2018,Telstra,-30.48811,136.89283,Y,,Y,,,,Y
2018,Telstra,-30.48744,150.64106,Y,,,,,,
2018,Telstra,-30.48576,115.488271,Y,,,,,,
2018,Telstra,-30.48532,131.5075,Y,,,,,,
2018,Telstra,-30.48523,151.66935,Y,,Y,,,,
2018,Telstra,-30.48479,132.11512,Y,,,,,,
2018,Telstra,-30.48336,151.64273,Y,,Y,,Y,,
2018,Telstra,-30.47306,137.16639,Y,,,,,,
2018,Telstra,-30.46394,116.03928,Y,,Y,,,,
2018,Telstra,-30.46,148.337777,Y,,,,,,
2018,Telstra,-30.459999,145.19484,Y,,,,,,
2018,Telstra,-30.45967,131.83562,Y,,,,,,
2018,Telstra,-30.45163,152.88697,Y,,Y,,Y,,
2018,Telstra,-30.450473,117.881643,Y,,Y,,,,
2018,Telstra,-30.44839,121.33011,Y,,Y,,,,
2018,Telstra,-30.44698,147.65433,Y,,,,,,
2018,Telstra,-30.44694,136.87056,Y,,Y,,,,
2018,Telstra,-30.4377,152.23988,Y,,Y,,,,
2018,Telstra,-30.41982,143.27859,Y,,,,,,
2018,Telstra,-30.41305,115.50369,Y,,Y,,,,
2018,Telstra,-30.408267,148.536633,Y,,,,,,
2018,Telstra,-30.40406,152.72856,Y,,,,,,
2018,Telstra,-30.38475,116.67085,Y,,Y,,,,
2018,Telstra,-30.37807,150.60975,Y,,Y,,,,
2018,Telstra,-30.3769,151.60195,Y,,Y,,,,
2018,Telstra,-30.365058,148.485425,,,Y,,,,
2018,Telstra,-30.36314,145.00477,Y,,,,,,
2018,Telstra,-30.36084,117.116356,Y,,Y,,,,
2018,Telstra,-30.35859,142.043837,Y,,,,,,
2018,Telstra,-30.3565,153.10454,Y,,Y,,Y,,
2018,Telstra,-30.35288,153.07683,Y,,Y,,Y,,
2018,Telstra,-30.35116,148.87996,Y,,Y,,,,
2018,Telstra,-30.347966,141.085954,Y,,,,,,
2018,Telstra,-30.34098,152.66826,Y,,Y,,,,
2018,Telstra,-30.340447,152.711102,Y,,Y,,,,
2018,Telstra,-30.33533,121.28841,Y,,Y,,,,
2018,Telstra,-30.33322,151.67486,Y,,Y,,,,
2018,Telstra,-30.33308,153.03286,Y,,Y,,Y,,
2018,Telstra,-30.32507,145.60941,Y,,,,,,
2018,Telstra,-30.32479,149.78348,Y,Y,Y,,Y,,Y
2018,Telstra,-30.317073,152.8592,Y,,Y,,,,
2018,Telstra,-30.304493,153.10739,Y,Y,Y,,Y,,
2018,Telstra,-30.30379,115.04245,Y,,Y,,Y,,
2018,Telstra,-30.2972,152.42134,Y,,Y,,,,
2018,Telstra,-30.29593,153.0928,Y,,Y,,,,
2018,Telstra,-30.28846,153.12768,Y,,Y,,,,
2018,Telstra,-30.28451,150.16756,Y,,Y,,,,
2018,Telstra,-30.27832,153.006186,,,Y,,,,
2018,Telstra,-30.27764,116.66062,Y,,Y,,,,
2018,Telstra,-30.27594,116.09032,Y,,Y,,,,
2018,Telstra,-30.26313,153.11834,Y,Y,Y,,Y,,
2018,Telstra,-30.2614,151.6828,Y,,Y,,Y,,
2018,Telstra,-30.2411,152.88492,,,Y,,,,
2018,Telstra,-30.237296,142.490697,Y,,,,,,
2018,Telstra,-30.23517,153.13056,Y,,Y,,Y,,
2018,Telstra,-30.234101,146.879836,Y,,,,,,
2018,Telstra,-30.22965,151.696657,Y,,,,,,
2018,Telstra,-30.22294,149.43277,Y,,Y,,Y,,
2018,Telstra,-30.21921,153.05321,Y,,Y,,,,
2018,Telstra,-30.199527,143.225786,Y,,,,,,
2018,Telstra,-30.198762,146.240163,Y,,Y,,,,
2018,Telstra,-30.188399,141.555109,Y,,,,,,
2018,Telstra,-30.168258,151.692433,Y,,,,,,
2018,Telstra,-30.16473,148.51274,Y,,Y,,,,
2018,Telstra,-30.158793,147.787505,Y,,,,,,
2018,Telstra,-30.15761,115.39148,Y,,,,,,
2018,Telstra,-30.15671,153.18318,Y,,Y,,,,
2018,Telstra,-30.142846,142.952811,Y,,,,,,
2018,Telstra,-30.133853,141.729428,Y,,,,,,
2018,Telstra,-30.132212,147.131801,Y,,,,,,
2018,Telstra,-30.13126,153.01387,,,Y,,,,
2018,Telstra,-30.12723,153.18135,Y,Y,Y,,Y,,
2018,Telstra,-30.10372,148.96859,Y,,Y,,,,
2018,Telstra,-30.09988,153.15408,Y,,Y,,Y,,
2018,Telstra,-30.0916,151.25553,Y,,Y,,,,
2018,Telstra,-30.08945,145.93639,Y,,Y,,,,Y
2018,Telstra,-30.072049,141.875443,Y,,,,,,
2018,Telstra,-30.06834,141.005157,Y,,,,,,
2018,Telstra,-30.06685,114.96948,Y,,Y,,,,
2018,Telstra,-30.03719,116.63797,Y,,Y,,,,
2018,Telstra,-30.03428,115.745325,Y,,Y,,,,
2018,Telstra,-30.02854,147.4695,Y,,,,,,
2018,Telstra,-30.0255,119.282,Y,,,,,,
2018,Telstra,-30.02215,148.11712,Y,,Y,,,,Y
2018,Telstra,-30.00784,151.69352,Y,,Y,,,,
2018,Telstra,-29.986964,147.677483,Y,,,,,,
2018,Telstra,-29.98683,153.140265,Y,,,,,,
2018,Telstra,-29.986756,146.84703,Y,,Y,,,,Y
2018,Telstra,-29.98082,153.10986,Y,,Y,,,,
2018,Telstra,-29.98079,146.56539,Y,,,,,,
2018,Telstra,-29.95601,149.91537,Y,,Y,,,,
2018,Telstra,-29.95572,151.2128284,,,,,Y,,
2018,Telstra,-29.94494,114.98306,Y,,Y,,,,
2018,Telstra,-29.94032,152.72697,,,,,Y,,
2018,Telstra,-29.939718,148.426377,Y,,,,,,
2018,Telstra,-29.929066,148.562852,Y,,,,,,
2018,Telstra,-29.914019,148.633295,Y,,,,,,
2018,Telstra,-29.912407,141.563443,Y,,,,,,
2018,Telstra,-29.911639,148.46172,Y,,,,,,
2018,Telstra,-29.909318,148.674356,Y,,,,,,
2018,Telstra,-29.88201,116.02341,,,,,,,Y
2018,Telstra,-29.87293,153.26533,Y,,Y,,,,
2018,Telstra,-29.87115,150.59085,Y,,Y,,,,
2018,Telstra,-29.8671,116.06258,Y,,Y,,,,
2018,Telstra,-29.864398,148.555217,Y,,,,,,
2018,Telstra,-29.83656,148.614781,Y,,,,,,
2018,Telstra,-29.832653,152.882195,Y,,Y,,Y,,
2018,Telstra,-29.83204,115.33463,Y,,,,,,
2018,Telstra,-29.81649,141.945368,Y,,,,,,
2018,Telstra,-29.81081,153.0352,Y,,Y,,Y,,
2018,Telstra,-29.80845,150.27684,Y,,Y,,,,
2018,Telstra,-29.79819,115.59928,Y,,,,,,
2018,Telstra,-29.77654,151.11268,Y,Y,Y,,Y,,
2018,Telstra,-29.77574,151.089786,Y,,Y,,,,
2018,Telstra,-29.77124,151.14929,Y,,Y,,,,
2018,Telstra,-29.76825,148.95534,Y,,,,,,
2018,Telstra,-29.76014,116.44415,Y,,Y,,,,
2018,Telstra,-29.757387,141.116268,Y,,,,,,
2018,Telstra,-29.757022,148.600609,Y,,,,,,
2018,Telstra,-29.7431,151.75445,Y,,Y,,,,
2018,Telstra,-29.742927,148.528224,Y,,,,,,
2018,Telstra,-29.74117,146.8653,Y,,,,,,
2018,Telstra,-29.74033,152.88896,Y,,Y,,,,
2018,Telstra,-29.73796,150.97248,Y,,Y,,,,
2018,Telstra,-29.736854,151.736411,Y,,Y,,Y,,
2018,Telstra,-29.733592,149.800185,Y,,Y,,,,
2018,Telstra,-29.71193,135.53433,Y,,,,,,
2018,Telstra,-29.70766,115.92257,Y,,Y,,,,
2018,Telstra,-29.7075,116.195,Y,,Y,,,,
2018,Telstra,-29.70188,152.94196,Y,,Y,,Y,,
2018,Telstra,-29.69398,121.03004,Y,,Y,,,,
2018,Telstra,-29.68932,152.93364,Y,Y,Y,,Y,,
2018,Telstra,-29.67777,116.623611,Y,,Y,,,,
2018,Telstra,-29.67543,116.39316,Y,,Y,,,,
2018,Telstra,-29.66843,147.79479,Y,,,,,,
2018,Telstra,-29.6677,153.11399,,,Y,,,,
2018,Telstra,-29.66265,149.32619,Y,,,,,,
2018,Telstra,-29.65791,151.44306,Y,,Y,,,,
2018,Telstra,-29.64036,152.92636,Y,,,,,,
2018,Telstra,-29.635171,147.669982,Y,,Y,,,,
2018,Telstra,-29.62719,152.02545,Y,,Y,,,,
2018,Telstra,-29.62141,115.22596,Y,,Y,,,,
2018,Telstra,-29.61561,151.846185,Y,,Y,,,,
2018,Telstra,-29.6154,153.0599,Y,,Y,,Y,,
2018,Telstra,-29.596009,152.594088,Y,,Y,,,,
2018,Telstra,-29.571871,152.744196,Y,,Y,,,,
2018,Telstra,-29.57027,148.54458,Y,,Y,,,,
2018,Telstra,-29.55833,150.30586,Y,,Y,,,,
2018,Telstra,-29.534,115.76367,Y,,,,,,
2018,Telstra,-29.51535,115.933703,Y,,Y,,,,
2018,Telstra,-29.50491,151.13134,,,,,Y,,
2018,Telstra,-29.49723,150.58116,Y,,Y,,Y,,
2018,Telstra,-29.49071,153.17247,Y,,Y,,,,
2018,Telstra,-29.47203,150.14306,Y,,Y,,,,
2018,Telstra,-29.46366,149.84408,Y,Y,Y,,Y,,
2018,Telstra,-29.46332,116.47799,Y,,,,,,
2018,Telstra,-29.45706,153.21393,Y,Y,Y,,Y,,
2018,Telstra,-29.45559,151.60536,Y,,Y,,Y,,
2018,Telstra,-29.45366,149.0448,Y,,,,,,
2018,Telstra,-29.449069,148.318771,Y,,,,,,
2018,Telstra,-29.44736,145.442853,Y,,,,,,
2018,Telstra,-29.44547,149.5708,Y,,Y,,,,
2018,Telstra,-29.44217,151.84815,,,,,Y,,
2018,Telstra,-29.44168,116.28205,Y,,,,,,
2018,Telstra,-29.43314,153.36216,Y,Y,Y,,Y,,
2018,Telstra,-29.42830906,147.9768538,Y,,Y,,,,Y
2018,Telstra,-29.42706,153.32752,Y,,Y,,Y,,
2018,Telstra,-29.421803,142.015815,Y,,,,,,
2018,Telstra,-29.41747,151.9685,Y,,Y,,,,
2018,Telstra,-29.408887,153.353143,Y,,Y,,Y,,
2018,Telstra,-29.40759,115.65485,Y,,,,,,
2018,Telstra,-29.40634,147.97223,Y,,Y,,,,
2018,Telstra,-29.404164,147.354168,Y,,,,,,
2018,Telstra,-29.390032,148.178207,Y,,,,,,
2018,Telstra,-29.37973,115.3394,Y,,,,,,
2018,Telstra,-29.373885,147.195832,Y,,,,,,
2018,Telstra,-29.35512,153.0795,Y,,Y,,,,
2018,Telstra,-29.353889,147.400281,Y,,,,,,
2018,Telstra,-29.34835,153.21079,Y,,Y,,,,
2018,Telstra,-29.34159,116.07566,Y,,,,,,
2018,Telstra,-29.32977,151.11879,Y,,Y,,Y,,
2018,Telstra,-29.317,151.90215,Y,,Y,,,,
2018,Telstra,-29.30184639,149.9885919,Y,,Y,,,,
2018,Telstra,-29.29248,115.59116,Y,,Y,,,,
2018,Telstra,-29.28271,121.26831,Y,,Y,,,,
2018,Telstra,-29.273686,145.944723,Y,,,,,,
2018,Telstra,-29.27235,114.93147,Y,,Y,,,,Y
2018,Telstra,-29.27214,145.65789,Y,,,,,,
2018,Telstra,-29.25476,150.82128,Y,,Y,,,,
2018,Telstra,-29.25232,115.39901,Y,,,,,,
2018,Telstra,-29.23872,146.91969,Y,,,,,,
2018,Telstra,-29.21709,116.00776,Y,,Y,,,,
2018,Telstra,-29.19351,115.45033,Y,,,,,,
2018,Telstra,-29.18127,116.70439,Y,Y,Y,,,,
2018,Telstra,-29.177088,152.017667,Y,,Y,,,,
2018,Telstra,-29.1377,148.68443,Y,,,,,,
2018,Telstra,-29.13269,147.48227,Y,,Y,,,,
2018,Telstra,-29.12636833,115.718615,Y,,Y,,,,
2018,Telstra,-29.11567,153.429541,Y,,Y,,,,
2018,Telstra,-29.11056,153.25796,Y,,Y,,,,
2018,Telstra,-29.104215,147.902109,Y,,,,,,
2018,Telstra,-29.093859,122.440035,Y,,,,,,
2018,Telstra,-29.086389,151.966506,Y,Y,Y,,,,
2018,Telstra,-29.06536,149.63299,Y,,Y,,,,
2018,Telstra,-29.06256,151.10242,Y,,,,,,
2018,Telstra,-29.061805,150.921211,Y,,,,,,
2018,Telstra,-29.05488,152.01902,Y,,Y,,Y,,
2018,Telstra,-29.04919,151.276544,Y,,Y,,,,
2018,Telstra,-29.04574,150.44328,Y,,,,,,
2018,Telstra,-29.04504,153.34378,Y,,Y,,,,
2018,Telstra,-29.04504,122.44295,Y,,,,,,
2018,Telstra,-29.01212,153.44184,Y,,Y,,,,
2018,Telstra,-29.011623,134.759083,Y,,Y,,,,Y
2018,Telstra,-29.00992,149.25619,Y,,Y,,,,
2018,Telstra,-29.00684,150.73616,Y,,,,,,
2018,Telstra,-28.9943,153.282,,,Y,,,,
2018,Telstra,-28.993373,149.016252,Y,,Y,,,,
2018,Telstra,-28.97776,151.47505,Y,,,,,,
2018,Telstra,-28.97166,147.7952,Y,,,,,,
2018,Telstra,-28.9525,153.463,,,Y,,,,
2018,Telstra,-28.94764,114.77681,Y,,Y,,,,
2018,Telstra,-28.93415,150.10899,Y,,Y,,,,
2018,Telstra,-28.93316,153.42226,Y,,Y,,,,
2018,Telstra,-28.931622,115.825054,Y,,,,,,
2018,Telstra,-28.92901,152.379577,Y,,Y,,,,
2018,Telstra,-28.92303,151.93106,Y,,Y,,,,
2018,Telstra,-28.91528,121.32986,Y,,,,,,
2018,Telstra,-28.90094,150.775256,,,Y,,,,
2018,Telstra,-28.899501,152.740128,Y,,,,,,
2018,Telstra,-28.88596,121.36511,Y,,,,,,
2018,Telstra,-28.88366,121.33002,Y,,Y,,,,
2018,Telstra,-28.87239,153.56344,Y,,Y,,Y,,
2018,Telstra,-28.86413,153.04697,Y,Y,Y,,Y,,
2018,Telstra,-28.86369,153.58924,Y,,Y,,Y,,
2018,Telstra,-28.86043,153.53722,Y,,Y,,,,
2018,Telstra,-28.857269,153.229008,Y,,Y,,,,
2018,Telstra,-28.85703,153.56026,Y,,,,,,
2018,Telstra,-28.84288,153.44095,Y,,Y,,Y,,
2018,Telstra,-28.84249,151.20447,Y,,Y,,,,
2018,Telstra,-28.822466,153.317497,Y,Y,Y,,Y,,
2018,Telstra,-28.82083,153.45966,Y,,Y,,,,
2018,Telstra,-28.81694,153.51241,Y,,Y,,,,
2018,Telstra,-28.81448,153.40312,Y,,Y,,Y,,
2018,Telstra,-28.81238,153.34576,Y,,Y,,Y,,
2018,Telstra,-28.81222,122.40596,Y,,Y,,,,
2018,Telstra,-28.80924,153.27619,Y,,Y,,Y,,
2018,Telstra,-28.80889,153.291805,Y,,,,Y,,
2018,Telstra,-28.80695,114.62744,Y,,Y,,,,
2018,Telstra,-28.80338,153.59267,Y,,Y,,Y,,
2018,Telstra,-28.802152,153.291838,Y,,Y,,Y,,Y
2018,Telstra,-28.79773,151.83067,Y,,Y,,,,
2018,Telstra,-28.79666,153.26172,Y,,Y,,,,
2018,Telstra,-28.79603,114.70245,Y,,,,,,
2018,Telstra,-28.78481,116.93755,Y,,,,,,
2018,Telstra,-28.78395,114.597842,Y,,Y,,,,
2018,Telstra,-28.77704,114.62522,Y,Y,Y,,,,Y
2018,Telstra,-28.77354,114.60997,Y,Y,Y,,Y,,
2018,Telstra,-28.76855,153.53455,Y,,Y,,,,
2018,Telstra,-28.76762,121.89698,Y,,,,,,
2018,Telstra,-28.763515,151.983688,Y,,Y,,,,
2018,Telstra,-28.76125,152.637438,Y,,Y,,,,
2018,Telstra,-28.76063,153.346708,,,,,Y,,
2018,Telstra,-28.75482,115.12793,Y,,,,,,
2018,Telstra,-28.75129,153.07709,Y,,Y,,,,
2018,Telstra,-28.74967,114.63203,Y,Y,Y,,,,
2018,Telstra,-28.74622,116.94524,Y,,,,,,
2018,Telstra,-28.729109,122.048354,Y,,Y,,,,
2018,Telstra,-28.72472,153.41833,Y,,Y,,,,
2018,Telstra,-28.72456,149.57989,Y,,Y,,,,
2018,Telstra,-28.724063,147.266861,Y,,,,,,
2018,Telstra,-28.70959,121.87285,Y,,,,,,
2018,Telstra,-28.70677,114.62999,Y,,Y,,,,
2018,Telstra,-28.70231,151.90581,,,,,Y,,
2018,Telstra,-28.688541,153.604618,Y,,Y,,,,
2018,Telstra,-28.68432,114.67826,Y,,Y,,,,Y
2018,Telstra,-28.67743,121.15932,Y,,,,,,
2018,Telstra,-28.67587,153.26948,Y,,Y,,,,
2018,Telstra,-28.675753,153.18019,,,,,Y,,
2018,Telstra,-28.67398,153.32286,Y,,Y,,,,
2018,Telstra,-28.67253,114.623076,Y,,Y,,,,Y
2018,Telstra,-28.66355,121.194716,Y,,,,,,
2018,Telstra,-28.662965,147.008177,Y,,,,,,
2018,Telstra,-28.66051,153.56129,Y,,Y,,Y,,
2018,Telstra,-28.65961,152.90475,Y,,Y,,,,
2018,Telstra,-28.6551,151.933,Y,,Y,,Y,,
2018,Telstra,-28.653667,151.946851,Y,,Y,,Y,,
2018,Telstra,-28.65249,153.21805,Y,,Y,,,,
2018,Telstra,-28.65122,153.62081,Y,,Y,,Y,,Y
2018,Telstra,-28.64446,152.085016,,,,,Y,,
2018,Telstra,-28.6443,153.61312,Y,Y,Y,,Y,Y,Y
2018,Telstra,-28.6403,153.6327,Y,,Y,,Y,,
2018,Telstra,-28.639158,147.340865,Y,,,,,,
2018,Telstra,-28.63869,152.517104,Y,,Y,,,,
2018,Telstra,-28.63781,153.555335,Y,,,,Y,,
2018,Telstra,-28.63579,153.58431,Y,,Y,,Y,,
2018,Telstra,-28.6354,148.868,Y,,,,,,
2018,Telstra,-28.62403,122.40107,Y,,Y,,,,
2018,Telstra,-28.62255,153.00359,Y,,Y,,Y,,
2018,Telstra,-28.5853,148.225,Y,,Y,,,,
2018,Telstra,-28.58477,153.55104,Y,Y,Y,,Y,,Y
2018,Telstra,-28.57184,150.7541,Y,,Y,,,,
2018,Telstra,-28.57116,153.07093,Y,,Y,,,,
2018,Telstra,-28.56559,151.95762,Y,,Y,,,,
2018,Telstra,-28.55352,153.49904,Y,,Y,,Y,,
2018,Telstra,-28.55212,115.50355,Y,,Y,,,,
2018,Telstra,-28.54777,150.32111,Y,Y,Y,,Y,,
2018,Telstra,-28.54545,153.28757,Y,,Y,,,,
2018,Telstra,-28.53575,151.83306,Y,,Y,,,,
2018,Telstra,-28.53334,151.09278,Y,,,,,,
2018,Telstra,-28.52758,150.2863,Y,,Y,,Y,,
2018,Telstra,-28.5216,153.52285,Y,Y,Y,,Y,,
2018,Telstra,-28.51,151.986111,Y,,Y,,,,
2018,Telstra,-28.503817,153.432262,,,,,Y,,
2018,Telstra,-28.49706,114.800231,Y,,Y,,,,
2018,Telstra,-28.47812,114.63858,Y,,,,,,
2018,Telstra,-28.47393,152.94533,Y,,Y,,,,
2018,Telstra,-28.47334,153.24541,Y,,Y,,,,
2018,Telstra,-28.450665,149.577395,Y,,Y,,,,
2018,Telstra,-28.44394,152.87861,,,,,Y,,
2018,Telstra,-28.41672,149.871179,Y,,Y,,,,
2018,Telstra,-28.41513,151.08252,Y,,Y,,Y,,
2018,Telstra,-28.40962,152.99298,Y,,,,,,
2018,Telstra,-28.40601,153.3424,Y,,Y,,,,
2018,Telstra,-28.4027,153.52288,Y,Y,Y,,Y,,
2018,Telstra,-28.3993,114.89506,Y,,Y,,,,
2018,Telstra,-28.3958,144.013,Y,,,,,,
2018,Telstra,-28.38608,152.64415,Y,,Y,,,,
2018,Telstra,-28.38485,114.437438,Y,,Y,,,,
2018,Telstra,-28.38362,121.14224,Y,,,,,,
2018,Telstra,-28.38301,151.89946,Y,,Y,,,,
2018,Telstra,-28.381359,151.317037,Y,,Y,,,,
2018,Telstra,-28.378918,153.452568,Y,,Y,,,,
2018,Telstra,-28.36441,148.823797,Y,,,,,,
2018,Telstra,-28.35741,149.053907,,,Y,,,,
2018,Telstra,-28.35542,152.96402,Y,,,,,,
2018,Telstra,-28.355,114.65659,Y,,Y,,,,
2018,Telstra,-28.344597,153.561205,Y,Y,Y,,Y,,
2018,Telstra,-28.34178,116.68042,Y,,Y,,,,
2018,Telstra,-28.33843,115.141,Y,,Y,,,,
2018,Telstra,-28.33615,122.009906,Y,,,,,,
2018,Telstra,-28.33613,153.35328,Y,,Y,,Y,,
2018,Telstra,-28.33576,153.20956,Y,,Y,,Y,,
2018,Telstra,-28.33231,153.46909,Y,,Y,,,,
2018,Telstra,-28.3303,147.299,Y,,,,,,
2018,Telstra,-28.32797,115.0044,Y,,Y,,,,
2018,Telstra,-28.326799,153.395676,Y,,Y,,,,
2018,Telstra,-28.324,153.39875,Y,Y,Y,,Y,,
2018,Telstra,-28.32349,152.9567,Y,,,,,,
2018,Telstra,-28.32049,122.840823,Y,,,,,,
2018,Telstra,-28.31351,153.28748,,,,,Y,,
2018,Telstra,-28.30876,152.29136,Y,,Y,,Y,,
2018,Telstra,-28.29947,153.56966,Y,,Y,,Y,,
2018,Telstra,-28.279396,147.673424,Y,,,,,,
2018,Telstra,-28.27818,114.36855,Y,,Y,,,,
2018,Telstra,-28.27778,153.51396,Y,,Y,,,,
2018,Telstra,-28.26277,153.57306,Y,Y,Y,,Y,,
2018,Telstra,-28.242218,153.511645,Y,,Y,,,,
2018,Telstra,-28.23633,152.04153,Y,,Y,,Y,,
2018,Telstra,-28.23479,153.28894,Y,,,,,,
2018,Telstra,-28.2308,153.137,Y,,,,,,
2018,Telstra,-28.22716,151.48938,Y,,,,,,
2018,Telstra,-28.225984,152.00609,Y,,Y,,Y,,
2018,Telstra,-28.225596,153.543765,Y,Y,Y,,,,
2018,Telstra,-28.22073,153.036129,Y,,Y,,,,
2018,Telstra,-28.22009,153.44949,Y,,Y,,Y,,
2018,Telstra,-28.215254,152.036183,Y,,Y,,Y,,
2018,Telstra,-28.21459,153.007134,,,,,Y,,
2018,Telstra,-28.20781,153.52339,Y,Y,Y,,Y,,
2018,Telstra,-28.20727,153.27091,Y,,Y,,,,
2018,Telstra,-28.205185,147.489268,Y,,,,,,
2018,Telstra,-28.20213,153.41863,Y,,Y,,,,
2018,Telstra,-28.20028,153.54,Y,Y,Y,,Y,,Y
2018,Telstra,-28.198584,153.187168,,,,,Y,,
2018,Telstra,-28.1975,153.505108,Y,,Y,,Y,,
2018,Telstra,-28.195994,152.210766,,,,,Y,,
2018,Telstra,-28.191255,152.843114,Y,,Y,,,,
2018,Telstra,-28.18398,153.52285,Y,,Y,,Y,,Y
2018,Telstra,-28.17921,121.00106,Y,,,,,,
2018,Telstra,-28.17912,153.46067,Y,,Y,,Y,,
2018,Telstra,-28.176107,153.513056,Y,,,,Y,,
2018,Telstra,-28.17574821,151.7190351,Y,,,,,,
2018,Telstra,-28.17483974,153.5316554,Y,Y,,,Y,,
2018,Telstra,-28.1739,150.652,Y,,Y,,,,
2018,Telstra,-28.17139,114.27467,Y,,,,,,
2018,Telstra,-28.17125,153.54189,Y,Y,,,Y,,
2018,Telstra,-28.17087,145.05412,Y,,Y,,,,
2018,Telstra,-28.16647,153.5159,Y,Y,Y,,Y,,Y
2018,Telstra,-28.164,152.65831,Y,,Y,,,,
2018,Telstra,-28.162946,147.132163,Y,,,,,,
2018,Telstra,-28.1594,153.45938,Y,,Y,,Y,,
2018,Telstra,-28.15895,153.40517,Y,,Y,,Y,,
2018,Telstra,-28.153912,153.487851,Y,Y,Y,,Y,,
2018,Telstra,-28.143707,153.352928,Y,,Y,,Y,,
2018,Telstra,-28.13989,153.49079,Y,,,,Y,,
2018,Telstra,-28.139861,153.490941,,,Y,,Y,,Y
2018,Telstra,-28.13884,153.42831,Y,,Y,,Y,,
2018,Telstra,-28.13823,153.48095,Y,Y,,,Y,,
2018,Telstra,-28.13459,153.46843,Y,,,,Y,,
2018,Telstra,-28.133844,153.45444,Y,Y,Y,,Y,,
2018,Telstra,-28.13015,153.37314,Y,,Y,,,,
2018,Telstra,-28.12534,153.19263,,,,,,,Y
2018,Telstra,-28.12468,153.42386,Y,,,,Y,,
2018,Telstra,-28.12002,140.2121,Y,,Y,,,,Y
2018,Telstra,-28.11923,153.472088,Y,Y,Y,,Y,,Y
2018,Telstra,-28.11538,153.39573,Y,,,,Y,,
2018,Telstra,-28.1122,114.6531,Y,,,,,,
2018,Telstra,-28.11083,153.45611,Y,Y,Y,,Y,,Y
2018,Telstra,-28.10882,153.42158,Y,,Y,,Y,,
2018,Telstra,-28.10856,153.030784,,,Y,,,,
2018,Telstra,-28.105855,153.334242,Y,,Y,,,,
2018,Telstra,-28.1038,153.41518,Y,,Y,,Y,,Y
2018,Telstra,-28.103313,153.407466,Y,,Y,,Y,,Y
2018,Telstra,-28.10082,153.42442,Y,,Y,,Y,,Y
2018,Telstra,-28.1006,153.217,Y,,Y,,,,
2018,Telstra,-28.09757,151.87332,Y,,Y,,,,
2018,Telstra,-28.09747,153.440253,Y,,Y,,Y,,Y
2018,Telstra,-28.0931,153.36676,Y,,,,Y,,
2018,Telstra,-28.089748,153.451154,,,Y,,Y,,Y
2018,Telstra,-28.089748,153.451154,,,Y,,Y,,Y
2018,Telstra,-28.089748,153.451154,,,Y,,Y,,Y
2018,Telstra,-28.089748,153.451154,,,Y,,Y,,Y
2018,Telstra,-28.089748,153.451154,,,Y,,Y,,Y
2018,Telstra,-28.08974,153.45115,Y,Y,Y,,Y,,Y
2018,Telstra,-28.0891,153.386,Y,Y,,,Y,,
2018,Telstra,-28.0846,153.42447,Y,,Y,,Y,,Y
2018,Telstra,-28.08056,153.34542,Y,,,,Y,,
2018,Telstra,-28.0794,153.37959,Y,,,,,,
2018,Telstra,-28.078086,153.406139,Y,,,,Y,,
2018,Telstra,-28.0769,153.384,Y,Y,Y,,Y,,
2018,Telstra,-28.07611,153.44362,Y,,Y,,Y,,Y
2018,Telstra,-28.07592,152.85859,Y,,Y,,,,
2018,Telstra,-28.071726,153.376418,Y,,Y,,Y,,
2018,Telstra,-28.071274,153.362137,,,Y,,Y,,Y
2018,Telstra,-28.07071,153.41972,Y,,,,Y,,
2018,Telstra,-28.0691,145.318175,Y,,Y,,,,
2018,Telstra,-28.06895,145.68169,Y,,Y,,,,
2018,Telstra,-28.067731,153.378277,Y,Y,Y,,Y,,
2018,Telstra,-28.06689,152.59514,,,Y,,,,
2018,Telstra,-28.065661,152.364416,Y,,Y,,,,
2018,Telstra,-28.06551,152.03261,Y,,Y,,,,
2018,Telstra,-28.06441,153.43628,Y,Y,Y,,Y,,Y
2018,Telstra,-28.06399,153.4052,Y,,,,Y,,
2018,Telstra,-28.06366,114.87499,Y,,,,,,
2018,Telstra,-28.06235,153.36029,Y,,Y,,Y,,Y
2018,Telstra,-28.061426,117.847538,Y,,,,,,
2018,Telstra,-28.059566,152.242441,Y,,Y,,,,
2018,Telstra,-28.0595,152.569,Y,,,,,,
2018,Telstra,-28.0588,153.416,Y,,Y,,Y,,Y
2018,Telstra,-28.05748,152.16782,Y,,Y,,,,
2018,Telstra,-28.057164,153.327594,Y,,Y,,Y,,
2018,Telstra,-28.0553,153.393,Y,,Y,,Y,,
2018,Telstra,-28.05338,153.35637,Y,,Y,,Y,,
2018,Telstra,-28.04912,153.42667,Y,Y,Y,,Y,,Y
2018,Telstra,-28.04912,153.42667,,,Y,,Y,,Y
2018,Telstra,-28.04912,153.42667,,,Y,,Y,,Y
2018,Telstra,-28.04912,153.42667,,,Y,,Y,,Y
2018,Telstra,-28.04912,153.42667,,,Y,,Y,,Y
2018,Telstra,-28.04912,153.42667,,,Y,,Y,,Y
2018,Telstra,-28.04912,153.42667,,,Y,,Y,,Y
2018,Telstra,-28.04912,153.42667,,,Y,,Y,,Y
2018,Telstra,-28.04912,153.42667,,,Y,,Y,,Y
2018,Telstra,-28.04912,153.42667,,,Y,,Y,,Y
2018,Telstra,-28.04912,153.42667,,,Y,,Y,,Y
2018,Telstra,-28.04912,153.42667,,,Y,,Y,,Y
2018,Telstra,-28.048803,153.435415,Y,,Y,,,,
2018,Telstra,-28.046456,153.407929,Y,,,,Y,,
2018,Telstra,-28.045005,153.383234,Y,,,,Y,,
2018,Telstra,-28.04266,152.11793,Y,,Y,,,,
2018,Telstra,-28.040411,153.294782,Y,,Y,,Y,,
2018,Telstra,-28.03991,153.43238,Y,,Y,,Y,,Y
2018,Telstra,-28.03719,148.58127,Y,,Y,,,,Y
2018,Telstra,-28.035539,153.429299,Y,,Y,,Y,,
2018,Telstra,-28.0355,153.408,Y,,,,Y,,
2018,Telstra,-28.035,153.35528,Y,,Y,,Y,,
2018,Telstra,-28.031834,153.428968,Y,,,,Y,,
2018,Telstra,-28.0312,147.478,Y,,,,,,
2018,Telstra,-28.03068,117.82439,Y,,Y,,,,
2018,Telstra,-28.029947,153.43188,Y,,Y,,Y,,Y
2018,Telstra,-28.0296,153.387,Y,,,,Y,,
2018,Telstra,-28.02945,153.43247,Y,,,,Y,,
2018,Telstra,-28.0294,153.432,Y,,,,,,
2018,Telstra,-28.02906,153.42932,Y,,,,Y,,
2018,Telstra,-28.0288,153.434,Y,,,,,,
2018,Telstra,-28.02583,153.429442,Y,,Y,,Y,,Y
2018,Telstra,-28.0253,153.417,Y,,Y,,Y,,Y
2018,Telstra,-28.02374,152.48286,Y,,Y,,,,
2018,Telstra,-28.0226,153.40801,Y,,,,Y,,
2018,Telstra,-28.02056,153.36593,,,,,,,Y
2018,Telstra,-28.01949,153.4319,Y,,Y,,Y,,
2018,Telstra,-28.01651,114.333193,Y,,Y,,,,
2018,Telstra,-28.01438,153.430485,Y,,Y,,Y,,Y
2018,Telstra,-28.0122,151.242,Y,,,,,,
2018,Telstra,-28.01144,153.33352,,,,,,,Y
2018,Telstra,-28.011217,151.585957,Y,,Y,,,,
2018,Telstra,-28.010513,153.369482,Y,,Y,,Y,,Y
2018,Telstra,-28.01029,153.41142,Y,,Y,,Y,,Y
2018,Telstra,-28.00893,153.39219,Y,,,,Y,,
2018,Telstra,-28.00878,153.345411,Y,Y,Y,,Y,,Y
2018,Telstra,-28.00852,153.42965,Y,,,,Y,,
2018,Telstra,-28.00805,153.40333,Y,,Y,,Y,,Y
2018,Telstra,-28.006106,153.37677,Y,,Y,,Y,,Y
2018,Telstra,-28.00567,153.36813,Y,Y,,,Y,,
2018,Telstra,-28.0039,153.42626,Y,Y,Y,,Y,,Y
2018,Telstra,-28.0031,153.317,Y,,Y,,Y,,Y
2018,Telstra,-28.00308,153.43096,Y,,,,Y,,
2018,Telstra,-28.00231,153.42621,,,,,Y,,
2018,Telstra,-28.00005,153.428709,Y,Y,Y,,Y,,Y
2018,Telstra,-27.99994,153.41241,Y,Y,Y,,Y,,Y
2018,Telstra,-27.998089,153.419333,Y,,,,Y,,
2018,Telstra,-27.99806,152.6837,Y,,Y,,Y,,
2018,Telstra,-27.99758,153.18252,Y,,,,Y,,
2018,Telstra,-27.99679,143.82156,,,Y,,,,
2018,Telstra,-27.99656,153.02665,Y,,Y,,Y,,
2018,Telstra,-27.99565976,153.4298413,Y,,Y,,Y,,Y
2018,Telstra,-27.9948,153.391,Y,,Y,,Y,,Y
2018,Telstra,-27.994527,153.343964,,,Y,,Y,,Y
2018,Telstra,-27.994527,153.343964,,,Y,,Y,,Y
2018,Telstra,-27.994527,153.343964,,,Y,,Y,,Y
2018,Telstra,-27.994527,153.343964,,,Y,,Y,,Y
2018,Telstra,-27.994527,153.343964,,,Y,,Y,,Y
2018,Telstra,-27.99448,153.34364,Y,Y,Y,,Y,,Y
2018,Telstra,-27.99424,153.383531,Y,,,,Y,,
2018,Telstra,-27.991202,153.427829,Y,,Y,,Y,,
2018,Telstra,-27.99111,153.42911,,,,,Y,,
2018,Telstra,-27.99091,153.41241,Y,,Y,,Y,,Y
2018,Telstra,-27.99006,119.3021,Y,,,,,,
2018,Telstra,-27.98917,148.55972,Y,,Y,,,,
2018,Telstra,-27.98778,153.36269,Y,,Y,,Y,,Y
2018,Telstra,-27.98749,153.38267,Y,,Y,,Y,,Y
2018,Telstra,-27.98672,152.99648,Y,,Y,,Y,,
2018,Telstra,-27.98508,153.41051,Y,,Y,,Y,,Y
2018,Telstra,-27.98219,153.42451,Y,,,,,,
2018,Telstra,-27.98189,153.39063,Y,,Y,,Y,,Y
2018,Telstra,-27.98136,153.34046,Y,,,,,,
2018,Telstra,-27.98002,153.37469,Y,,Y,,Y,,Y
2018,Telstra,-27.979788,153.427592,Y,,Y,,Y,,Y
2018,Telstra,-27.977879,153.423121,Y,,Y,,Y,,
2018,Telstra,-27.97781,153.35178,Y,,Y,,Y,,Y
2018,Telstra,-27.9753,153.41032,Y,,Y,,Y,,Y
2018,Telstra,-27.97057,153.40781,Y,,Y,,Y,,Y
2018,Telstra,-27.96963,153.21329,Y,,Y,,,,
2018,Telstra,-27.9686,151.022,Y,,Y,,,,
2018,Telstra,-27.967902,153.416328,Y,,,,Y,,
2018,Telstra,-27.9678,152.663,Y,,Y,,,,
2018,Telstra,-27.96759,153.42743,Y,,Y,,Y,,
2018,Telstra,-27.967349,144.677867,Y,,,,,,
2018,Telstra,-27.96734,153.41345,Y,Y,Y,,Y,,Y
2018,Telstra,-27.96734,153.41345,,,Y,,Y,,Y
2018,Telstra,-27.96734,153.41345,,,Y,,Y,,Y
2018,Telstra,-27.96734,153.41345,,,Y,,Y,,Y
2018,Telstra,-27.96734,153.41345,,,Y,,Y,,Y
2018,Telstra,-27.96734,153.41345,,,Y,,Y,,Y
2018,Telstra,-27.96734,153.41345,,,Y,,Y,,Y
2018,Telstra,-27.96734,153.41345,,,Y,,Y,,Y
2018,Telstra,-27.96734,153.41345,,,Y,,Y,,Y
2018,Telstra,-27.96734,153.41345,,,Y,,Y,,Y
2018,Telstra,-27.96659,147.8706,Y,,,,,,
2018,Telstra,-27.9665,153.404,Y,,Y,,Y,,Y
2018,Telstra,-27.965657,150.340682,Y,,Y,,,,
2018,Telstra,-27.96398,153.36717,Y,,Y,,Y,,Y
2018,Telstra,-27.963629,153.384786,Y,Y,Y,,Y,,Y
2018,Telstra,-27.96169,151.28056,Y,,,,,,
2018,Telstra,-27.95994,153.38137,Y,,,,Y,,
2018,Telstra,-27.95724,153.40913,Y,,Y,,Y,,Y
2018,Telstra,-27.95555,152.88639,Y,,Y,,,,
2018,Telstra,-27.95342,153.391022,Y,,Y,,Y,,Y
2018,Telstra,-27.952572,153.339722,Y,,Y,,Y,,
2018,Telstra,-27.95035,153.35977,Y,Y,Y,,Y,,Y
2018,Telstra,-27.94862,153.25342,Y,,Y,,Y,,
2018,Telstra,-27.94273,153.31154,Y,,Y,,Y,,
2018,Telstra,-27.942466,153.37489,Y,,Y,,Y,,Y
2018,Telstra,-27.9422,114.68608,Y,,Y,,,,
2018,Telstra,-27.93854,153.27402,Y,,,,Y,,
2018,Telstra,-27.93735,153.38489,Y,Y,Y,,Y,,Y
2018,Telstra,-27.9369,153.4037,Y,Y,Y,,Y,,
2018,Telstra,-27.93644,153.1806,Y,,Y,,Y,,
2018,Telstra,-27.935303,153.33587,Y,Y,Y,,Y,,Y
2018,Telstra,-27.935303,153.335926,,,,,,,Y
2018,Telstra,-27.934013,151.916937,Y,,Y,,Y,,
2018,Telstra,-27.9329,143.788,Y,,Y,,,,
2018,Telstra,-27.93225,153.38231,Y,Y,Y,,Y,,Y
2018,Telstra,-27.93133,153.29263,Y,Y,Y,,Y,,
2018,Telstra,-27.927255,153.398642,Y,,Y,,Y,,Y
2018,Telstra,-27.92703,153.360711,Y,,Y,,Y,,
2018,Telstra,-27.92606,153.19999,Y,,Y,,Y,,
2018,Telstra,-27.9257,152.577,Y,,Y,,Y,,
2018,Telstra,-27.9225,149.716,Y,,,,,,
2018,Telstra,-27.91809,120.69878,Y,,Y,,,,
2018,Telstra,-27.91416,153.32778,Y,,Y,,Y,,
2018,Telstra,-27.91328,153.24509,Y,,Y,,,,
2018,Telstra,-27.91171,153.32248,Y,Y,Y,,Y,,Y
2018,Telstra,-27.911396,153.398076,Y,,Y,,Y,,Y
2018,Telstra,-27.90916,153.29649,Y,Y,Y,,,,
2018,Telstra,-27.905472,153.341576,Y,,Y,,Y,,Y
2018,Telstra,-27.905176,153.319814,,,Y,,Y,,Y
2018,Telstra,-27.905176,153.319814,,,Y,,Y,,Y
2018,Telstra,-27.905176,153.319814,,,Y,,Y,,Y
2018,Telstra,-27.905176,153.319814,,,Y,,Y,,Y
2018,Telstra,-27.905176,153.319814,,,Y,,Y,,Y
2018,Telstra,-27.905176,153.319814,,,Y,,Y,,Y
2018,Telstra,-27.905176,153.319814,,,Y,,Y,,Y
2018,Telstra,-27.90052,153.38583,Y,,Y,,Y,,Y
2018,Telstra,-27.899324,153.284884,Y,,,,,,
2018,Telstra,-27.89871,153.40237,Y,,,,,,Y
2018,Telstra,-27.89673,152.98899,Y,,Y,,Y,,
2018,Telstra,-27.89636,153.20871,Y,,Y,,,,
2018,Telstra,-27.88995,153.31293,Y,Y,Y,,Y,,
2018,Telstra,-27.88704,153.388782,Y,Y,Y,,Y,,Y
2018,Telstra,-27.88704,153.388789,,,Y,,Y,,Y
2018,Telstra,-27.88704,153.388789,,,Y,,Y,,Y
2018,Telstra,-27.88704,153.388789,,,Y,,Y,,Y
2018,Telstra,-27.88704,153.388789,,,Y,,Y,,Y
2018,Telstra,-27.885885,153.267155,Y,,,,Y,,
2018,Telstra,-27.881851,114.181861,Y,,Y,,,,
2018,Telstra,-27.88065,153.33102,Y,Y,Y,,Y,,Y
2018,Telstra,-27.87847,153.40203,Y,,,,Y,,
2018,Telstra,-27.8736,151.271,Y,,Y,,,,Y
2018,Telstra,-27.87005,153.36881,Y,,Y,,Y,,Y
2018,Telstra,-27.867548,153.350535,Y,,Y,,Y,,Y
2018,Telstra,-27.86722725,153.290547,Y,,,,Y,,
2018,Telstra,-27.8651,144.186,Y,,,,,,
2018,Telstra,-27.86306,151.20832,Y,,,,,,
2018,Telstra,-27.86264,153.31231,Y,,Y,,Y,,Y
2018,Telstra,-27.86256,153.32093,Y,Y,Y,,Y,,Y
2018,Telstra,-27.85499,152.99231,Y,,Y,,Y,,
2018,Telstra,-27.85419,151.901724,,,Y,,,,
2018,Telstra,-27.853162,153.361329,Y,,,,Y,,
2018,Telstra,-27.8485,153.28,Y,,Y,,,,
2018,Telstra,-27.84785,153.07445,Y,,Y,,Y,,
2018,Telstra,-27.845864,153.302928,Y,Y,Y,,Y,,
2018,Telstra,-27.841072,153.342646,Y,,,,,,
2018,Telstra,-27.83752,153.15886,Y,,Y,,,,
2018,Telstra,-27.833258,153.332149,Y,Y,Y,,Y,,
2018,Telstra,-27.8326,153.370655,Y,,,,Y,,
2018,Telstra,-27.82868,153.02792,Y,,Y,,Y,,
2018,Telstra,-27.824475,153.311776,Y,,Y,,Y,,
2018,Telstra,-27.82152,153.42063,Y,,,,,,
2018,Telstra,-27.81767,152.67191,Y,,Y,,Y,,
2018,Telstra,-27.81596,153.24784,Y,,Y,,Y,,
2018,Telstra,-27.81568,120.7021,Y,,,,,,
2018,Telstra,-27.80306,153.28166,Y,Y,Y,,Y,,
2018,Telstra,-27.80227,152.95142,Y,Y,Y,,Y,,
2018,Telstra,-27.80140346,153.0332595,Y,,Y,,Y,,
2018,Telstra,-27.79809,151.85666,Y,,Y,,,,
2018,Telstra,-27.78776,152.55765,Y,Y,Y,,Y,,
2018,Telstra,-27.78632,153.36421,Y,,Y,,Y,,
2018,Telstra,-27.784895,153.169727,Y,,Y,,,,
2018,Telstra,-27.78307,153.25755,Y,Y,Y,,Y,,
2018,Telstra,-27.777425,153.011682,Y,,Y,,Y,,
2018,Telstra,-27.77139,153.10833,Y,,Y,,Y,,
2018,Telstra,-27.7656,153.249,Y,,Y,,Y,,
2018,Telstra,-27.761464,153.227562,Y,,Y,,Y,,
2018,Telstra,-27.75819,151.448254,,,Y,,,,
2018,Telstra,-27.75522,152.36232,Y,,Y,,,,
2018,Telstra,-27.75492,153.23505,Y,,,,,,
2018,Telstra,-27.75466,153.00461,Y,Y,Y,,Y,,
2018,Telstra,-27.75192,153.2381,Y,,Y,,Y,,
2018,Telstra,-27.74917,153.34728,Y,,Y,,Y,,
2018,Telstra,-27.73846,153.23473,Y,,Y,,Y,,
2018,Telstra,-27.737168,153.026603,Y,,Y,,Y,,
2018,Telstra,-27.734981,152.961953,Y,Y,Y,,Y,,
2018,Telstra,-27.72876,153.18718,Y,Y,Y,,Y,,
2018,Telstra,-27.72811,151.60631,Y,,Y,,,,
2018,Telstra,-27.72762,153.10368,Y,,Y,,Y,,
2018,Telstra,-27.72756,153.19855,Y,,Y,,Y,,
2018,Telstra,-27.72398,148.77752,Y,,,,,,
2018,Telstra,-27.72078,152.226672,Y,,Y,,,,
2018,Telstra,-27.71783,153.24071,Y,,Y,,,,
2018,Telstra,-27.717311,153.140356,Y,,Y,,Y,,
2018,Telstra,-27.71566,151.63342,Y,,Y,,Y,,
2018,Telstra,-27.71255,114.17117,Y,,Y,,,,Y
2018,Telstra,-27.71022,153.16031,Y,Y,Y,,Y,,
2018,Telstra,-27.70917,152.93336,Y,,Y,,Y,,
2018,Telstra,-27.70809,153.20175,Y,Y,Y,,Y,,
2018,Telstra,-27.70555,153.05527,Y,,Y,,Y,,
2018,Telstra,-27.705514,153.038879,Y,,Y,,Y,,
2018,Telstra,-27.7027,152.70748,Y,,Y,,Y,,
2018,Telstra,-27.701034,152.821385,Y,,Y,,,,
2018,Telstra,-27.7009,153.20906,Y,,,,Y,,
2018,Telstra,-27.69902,114.22297,Y,,Y,,,,
2018,Telstra,-27.69898,153.17049,Y,,Y,,,,
2018,Telstra,-27.69869,153.10528,Y,,Y,,Y,,
2018,Telstra,-27.69736,152.77782,Y,,Y,,,,
2018,Telstra,-27.69707,153.30603,Y,,,,Y,,
2018,Telstra,-27.6908,153.133,Y,,Y,,Y,,
2018,Telstra,-27.68879,153.01004,Y,,Y,,Y,,
2018,Telstra,-27.68799,153.2676,Y,,Y,,,,
2018,Telstra,-27.68666,152.929,Y,,Y,,Y,,
2018,Telstra,-27.6861,153.06174,,,,,,,Y
2018,Telstra,-27.68487,153.09301,Y,,Y,,Y,,
2018,Telstra,-27.684619,153.156667,Y,,Y,,Y,,
2018,Telstra,-27.68445,153.19,Y,,Y,,Y,,
2018,Telstra,-27.68398,152.90742,Y,,,,,,
2018,Telstra,-27.682311,152.899251,Y,,Y,,Y,,
2018,Telstra,-27.67774,153.07711,Y,,Y,,Y,,Y
2018,Telstra,-27.67723,152.87863,Y,,Y,,Y,,
2018,Telstra,-27.67677,153.06001,Y,Y,Y,,Y,,
2018,Telstra,-27.67654,153.03064,Y,,Y,,,,
2018,Telstra,-27.67313,153.21099,,,,,,,Y
2018,Telstra,-27.6729,152.923,Y,Y,Y,,,,
2018,Telstra,-27.67227,152.83976,Y,,Y,,,,
2018,Telstra,-27.6714,153.121,Y,,Y,,Y,,
2018,Telstra,-27.67137,153.19325,Y,,Y,,,,
2018,Telstra,-27.671,114.6805,Y,,Y,,,,
2018,Telstra,-27.67032,153.14284,Y,,,,Y,,
2018,Telstra,-27.67005,152.41952,Y,Y,Y,,Y,,
2018,Telstra,-27.6697,153.033,Y,,Y,,Y,,
2018,Telstra,-27.6691,153.13416,Y,,Y,,Y,,
2018,Telstra,-27.6672,152.919451,Y,,,,,,
2018,Telstra,-27.66611,153.22814,Y,,Y,,,,
2018,Telstra,-27.664565,153.152823,Y,,Y,,Y,,
2018,Telstra,-27.66439,153.09724,Y,,Y,,Y,,Y
2018,Telstra,-27.66341,153.05056,Y,Y,Y,,Y,,
2018,Telstra,-27.66302,153.1805,Y,,Y,,,,
2018,Telstra,-27.66294,153.04048,Y,,,,Y,,
2018,Telstra,-27.6613,153.10605,,Y,,,,,
2018,Telstra,-27.66096,153.03564,Y,Y,Y,,Y,,
2018,Telstra,-27.659944,152.742552,Y,,Y,,Y,,
2018,Telstra,-27.65964,153.17102,Y,Y,,,Y,,
2018,Telstra,-27.6589,152.813,Y,,,,,,
2018,Telstra,-27.6577,152.90775,Y,Y,Y,,Y,,
2018,Telstra,-27.65705,153.11841,Y,,Y,,Y,,
2018,Telstra,-27.65704,151.85733,Y,,Y,,,,
2018,Telstra,-27.65701,152.78109,Y,,Y,,Y,,
2018,Telstra,-27.656683,153.007113,Y,,Y,,,,
2018,Telstra,-27.65647,153.30284,Y,,Y,,,,
2018,Telstra,-27.65534,152.81809,Y,,,,,,
2018,Telstra,-27.65472,153.08,Y,,Y,,Y,,
2018,Telstra,-27.65372,153.25558,Y,,Y,,,,
2018,Telstra,-27.65281,152.92016,Y,,Y,,Y,,
2018,Telstra,-27.65161,152.86257,Y,Y,Y,,Y,,
2018,Telstra,-27.65156,153.38072,Y,,Y,,Y,,
2018,Telstra,-27.650479,153.060352,Y,,Y,,,,
2018,Telstra,-27.64885,153.15397,Y,,Y,,Y,,
2018,Telstra,-27.64683,152.75809,Y,Y,Y,,Y,,
2018,Telstra,-27.64677,152.87879,Y,,Y,,Y,,
2018,Telstra,-27.6464293,153.191274,Y,,Y,,Y,,
2018,Telstra,-27.64598,152.79455,Y,,Y,,,,
2018,Telstra,-27.643254,153.011531,Y,,Y,,,,
2018,Telstra,-27.64034,152.59345,Y,,Y,,,,
2018,Telstra,-27.6394,153.10712,Y,,Y,,Y,,
2018,Telstra,-27.63842,153.11836,Y,,Y,,Y,,
2018,Telstra,-27.638,153.13488,Y,Y,,,Y,,
2018,Telstra,-27.6372,152.70169,Y,,Y,,Y,,
2018,Telstra,-27.635511,153.046183,Y,,Y,,Y,,
2018,Telstra,-27.634753,152.932152,Y,,Y,,,,
2018,Telstra,-27.632933,153.252418,Y,,Y,,Y,,
2018,Telstra,-27.63225,153.13383,Y,,Y,,Y,,
2018,Telstra,-27.63202,152.98697,Y,,Y,,Y,,
2018,Telstra,-27.63031,152.75212,Y,,Y,,Y,,
2018,Telstra,-27.63004,152.77954,Y,,Y,,Y,,
2018,Telstra,-27.628862,153.027996,Y,,Y,,Y,,
2018,Telstra,-27.628294,151.899807,Y,Y,Y,,Y,,
2018,Telstra,-27.62708,152.6071,Y,,Y,,,,
2018,Telstra,-27.62434,153.27326,Y,,Y,,,,
2018,Telstra,-27.624131,152.968705,Y,Y,Y,,Y,,
2018,Telstra,-27.62336,153.14727,Y,,Y,,Y,,
2018,Telstra,-27.623258,153.299474,Y,Y,Y,,Y,,
2018,Telstra,-27.621822,152.927561,Y,,Y,,Y,,
2018,Telstra,-27.62018,153.22055,Y,,Y,,,,
2018,Telstra,-27.620046,152.900999,Y,,Y,,Y,,
2018,Telstra,-27.61982,153.10868,Y,,Y,,Y,,
2018,Telstra,-27.6193,152.755,Y,Y,Y,,Y,,
2018,Telstra,-27.61906,152.101792,,,Y,,,,
2018,Telstra,-27.6185,153.125,Y,Y,Y,,Y,,
2018,Telstra,-27.618394,153.360647,Y,,Y,,Y,,
2018,Telstra,-27.61825,152.85438,Y,Y,Y,,,,
2018,Telstra,-27.6177,153.096,Y,,Y,,,,
2018,Telstra,-27.61717,152.7261,Y,,Y,,Y,,
2018,Telstra,-27.61611,152.98743,Y,,Y,,Y,,
2018,Telstra,-27.6161,153.144,Y,,,,,,
2018,Telstra,-27.61456,152.79074,Y,,Y,,Y,,
2018,Telstra,-27.61408,152.75876,Y,Y,Y,,Y,,
2018,Telstra,-27.613367,152.820115,Y,Y,Y,,Y,,
2018,Telstra,-27.612619,153.279248,Y,,Y,,Y,,
2018,Telstra,-27.6121,151.955,Y,,Y,,Y,,
2018,Telstra,-27.61209,153.07432,Y,,Y,,Y,,
2018,Telstra,-27.6119,152.88564,Y,Y,Y,,Y,,
2018,Telstra,-27.61142,152.94288,Y,,Y,,Y,,
2018,Telstra,-27.610917,153.021545,Y,Y,Y,,Y,,
2018,Telstra,-27.610554,153.04984,Y,Y,Y,,Y,,
2018,Telstra,-27.6104,151.924,Y,,Y,,Y,,
2018,Telstra,-27.61001,152.962787,Y,Y,Y,,Y,,
2018,Telstra,-27.60981,153.05575,Y,,,,Y,,
2018,Telstra,-27.60963,152.77745,Y,,Y,,Y,,
2018,Telstra,-27.60858,153.29112,Y,,Y,,Y,,
2018,Telstra,-27.6074,153.112,Y,Y,Y,,Y,,
2018,Telstra,-27.606425,152.919037,Y,Y,Y,,Y,,
2018,Telstra,-27.605718,152.867848,Y,,,,,,Y
2018,Telstra,-27.60458,152.66378,,,,,,,Y
2018,Telstra,-27.6044,153.091,Y,,Y,,Y,,
2018,Telstra,-27.604314,151.972428,Y,,Y,,Y,,
2018,Telstra,-27.602617,153.231939,Y,,Y,,Y,,
2018,Telstra,-27.60152,152.93803,Y,,,,,,
2018,Telstra,-27.60076,153.13189,Y,,Y,,Y,,
2018,Telstra,-27.60067,152.80291,Y,,Y,,Y,,
2018,Telstra,-27.60052,153.008306,Y,,Y,,,,
2018,Telstra,-27.6002,152.83523,Y,,Y,,Y,,
2018,Telstra,-27.599697,153.150015,Y,,Y,,Y,,
2018,Telstra,-27.59912,120.568633,Y,,,,,,
2018,Telstra,-27.59904,151.96376,,,Y,,,,
2018,Telstra,-27.598698,152.868982,Y,,Y,,Y,,
2018,Telstra,-27.59719,152.68953,Y,,Y,,,,
2018,Telstra,-27.597116,152.972492,Y,,Y,,Y,,
2018,Telstra,-27.5964,153.12492,Y,,Y,,Y,,
2018,Telstra,-27.59637,152.85089,Y,,Y,,Y,,
2018,Telstra,-27.59574,151.95011,Y,Y,Y,,Y,,
2018,Telstra,-27.5943,153.22993,,,,,,,Y
2018,Telstra,-27.59378,152.821822,Y,,Y,,,,
2018,Telstra,-27.59339,152.73265,Y,Y,Y,,Y,,
2018,Telstra,-27.592018,153.035494,Y,,Y,,Y,,
2018,Telstra,-27.59159,153.06893,Y,,Y,,Y,,
2018,Telstra,-27.591491,152.952638,Y,,Y,,Y,,
2018,Telstra,-27.59087,152.93503,Y,,Y,,Y,,
2018,Telstra,-27.590608,153.060459,Y,,,,,,
2018,Telstra,-27.59046,152.356296,,,Y,,,,
2018,Telstra,-27.5902,153.106,Y,,Y,,Y,,
2018,Telstra,-27.587375,152.770105,Y,,Y,,Y,,
2018,Telstra,-27.58563,153.27861,Y,,Y,,Y,,
2018,Telstra,-27.583851,152.984484,Y,,Y,,Y,,
2018,Telstra,-27.583609,153.008388,Y,,Y,,Y,,
2018,Telstra,-27.5834,153.294,Y,Y,Y,,Y,,
2018,Telstra,-27.58221,151.95333,Y,Y,Y,,Y,,
2018,Telstra,-27.58126,152.95586,Y,,,,,,
2018,Telstra,-27.581181,151.921869,Y,,Y,,Y,,
2018,Telstra,-27.5811,152.75456,Y,,Y,,Y,,
2018,Telstra,-27.57989,151.98716,Y,Y,Y,,Y,,
2018,Telstra,-27.5791,153.094,Y,Y,Y,,Y,,
2018,Telstra,-27.57883,152.56507,Y,,Y,,,,
2018,Telstra,-27.578274,153.054401,Y,,Y,,Y,,
2018,Telstra,-27.577783,152.946757,Y,,Y,,Y,,
2018,Telstra,-27.577261,152.789511,Y,,Y,,,,
2018,Telstra,-27.575,152.28306,Y,Y,Y,,Y,,
2018,Telstra,-27.57447,153.26799,Y,,Y,,Y,,
2018,Telstra,-27.57383,152.72249,Y,,Y,,,,
2018,Telstra,-27.573652,152.957042,Y,,Y,,Y,,
2018,Telstra,-27.572662,153.015422,Y,,Y,,Y,,
2018,Telstra,-27.571634,153.026118,Y,,Y,,Y,,
2018,Telstra,-27.57131,153.037591,Y,Y,Y,,Y,,
2018,Telstra,-27.570875,153.065148,Y,,Y,,Y,,
2018,Telstra,-27.5703,151.929,Y,Y,Y,,Y,,
2018,Telstra,-27.56959,153.33375,Y,,Y,,Y,,
2018,Telstra,-27.56956,153.09164,Y,,Y,,Y,,
2018,Telstra,-27.569095,152.978796,Y,,Y,,Y,,
2018,Telstra,-27.569069,152.83287,Y,,Y,,,,
2018,Telstra,-27.567792,152.969912,Y,,Y,,Y,,
2018,Telstra,-27.56737,153.21997,Y,,Y,,Y,,
2018,Telstra,-27.5673,151.95,Y,Y,Y,,Y,,
2018,Telstra,-27.56702,153.24851,Y,,Y,,Y,,
2018,Telstra,-27.5662,152.566,Y,,,,,,
2018,Telstra,-27.566154,151.971608,Y,Y,Y,,Y,,
2018,Telstra,-27.56559,114.41439,Y,,Y,,,,
2018,Telstra,-27.564928,152.89687,Y,,Y,,,,
2018,Telstra,-27.56487,152.68838,Y,,Y,,,,
2018,Telstra,-27.564,152.434,Y,Y,Y,,Y,,
2018,Telstra,-27.563684,152.948469,Y,Y,Y,,Y,,
2018,Telstra,-27.563476,152.919554,Y,,Y,,,,
2018,Telstra,-27.5622,151.957,Y,Y,Y,,Y,,
2018,Telstra,-27.561754,153.066975,Y,,Y,,Y,,
2018,Telstra,-27.56161,153.08139,Y,Y,Y,,Y,,
2018,Telstra,-27.5616,153.082,Y,,,,Y,,
2018,Telstra,-27.561241,153.008325,Y,,Y,,Y,,
2018,Telstra,-27.561065,153.021044,Y,,Y,,Y,,
2018,Telstra,-27.560765,152.997739,Y,,,,Y,,
2018,Telstra,-27.5606,151.94858,Y,Y,Y,,Y,,
2018,Telstra,-27.55953,153.03972,Y,,Y,,Y,,
2018,Telstra,-27.55947,153.04928,Y,,Y,,Y,,
2018,Telstra,-27.55872,152.19173,Y,,Y,,,,
2018,Telstra,-27.558119,153.061071,Y,,Y,,Y,,
2018,Telstra,-27.556854,152.991859,Y,,Y,,Y,,
2018,Telstra,-27.556806,152.339679,Y,,Y,,Y,,
2018,Telstra,-27.556569,153.265999,Y,,Y,,Y,,
2018,Telstra,-27.55556,152.87705,Y,,Y,,Y,,
2018,Telstra,-27.55466,153.10058,Y,,Y,,Y,,
2018,Telstra,-27.55449,152.9631,Y,,Y,,Y,,
2018,Telstra,-27.554435,153.025371,Y,,Y,,Y,,
2018,Telstra,-27.554305,153.131619,Y,,Y,,Y,,
2018,Telstra,-27.55412,152.04011,Y,,Y,,Y,,
2018,Telstra,-27.554007,152.97541,Y,,,,Y,,
2018,Telstra,-27.553614,153.074873,Y,,Y,,Y,,
2018,Telstra,-27.5534,151.899,Y,Y,Y,,Y,,
2018,Telstra,-27.552476,152.935368,Y,,Y,,Y,,
2018,Telstra,-27.55226,153.05398,Y,,,,Y,,
2018,Telstra,-27.5503,153.178,Y,,Y,,Y,,
2018,Telstra,-27.54669,152.82263,Y,,Y,,Y,,
2018,Telstra,-27.54644,153.12235,Y,,Y,,Y,,
2018,Telstra,-27.5459,153.081,Y,,Y,,Y,,
2018,Telstra,-27.544509,152.929355,Y,,Y,,Y,,
2018,Telstra,-27.544078,153.019764,Y,,Y,,Y,,
2018,Telstra,-27.544,153.093,Y,,Y,,,,
2018,Telstra,-27.54394,153.23042,Y,,Y,,Y,,
2018,Telstra,-27.543732,153.254734,Y,,Y,,Y,,
2018,Telstra,-27.54333,151.97083,Y,Y,Y,,Y,,
2018,Telstra,-27.54322,153.07352,Y,Y,Y,,Y,,
2018,Telstra,-27.54308,151.92487,Y,,Y,,Y,,
2018,Telstra,-27.542794,153.035381,Y,,Y,,Y,,
2018,Telstra,-27.54157,151.9496,Y,Y,,,Y,,
2018,Telstra,-27.541217,152.956218,Y,,Y,,,,
2018,Telstra,-27.53961,152.80556,,,Y,,,,
2018,Telstra,-27.5395,153.08,Y,,Y,,Y,,
2018,Telstra,-27.53915,153.01589,Y,,,,,,
2018,Telstra,-27.538947,152.981169,Y,,Y,,Y,,
2018,Telstra,-27.53779,153.008322,Y,,Y,,Y,,
2018,Telstra,-27.53702,152.7934,Y,,,,,,
2018,Telstra,-27.53626,153.001819,Y,,Y,,Y,,
2018,Telstra,-27.5359,153.059,Y,,Y,,Y,,
2018,Telstra,-27.5359,153.102,Y,,Y,,Y,,
2018,Telstra,-27.535471,153.11803,Y,,,,,,
2018,Telstra,-27.534714,152.94914,Y,,Y,,Y,,
2018,Telstra,-27.53465,153.14944,Y,,Y,,,,
2018,Telstra,-27.53358,153.204112,Y,Y,Y,,Y,,
2018,Telstra,-27.5328,153.024237,Y,,Y,,Y,,
2018,Telstra,-27.531588,152.980114,Y,,Y,,Y,,
2018,Telstra,-27.53117,152.91644,Y,,Y,,Y,,
2018,Telstra,-27.53021,152.83231,Y,,Y,,Y,,
2018,Telstra,-27.5301,151.20031,Y,,Y,,,,
2018,Telstra,-27.5299,153.073,Y,,Y,,Y,,
2018,Telstra,-27.5294,153.264,Y,,Y,,Y,,
2018,Telstra,-27.528647,153.005697,Y,Y,Y,,Y,,
2018,Telstra,-27.52801,153.227483,,,,,,,Y
2018,Telstra,-27.528,153.034,Y,,Y,,Y,,
2018,Telstra,-27.52654,153.09179,Y,Y,Y,,Y,,
2018,Telstra,-27.5265,153.04903,Y,Y,Y,,Y,,
2018,Telstra,-27.52649,153.19428,Y,,Y,,Y,,
2018,Telstra,-27.52639,153.28183,Y,,Y,,Y,,
2018,Telstra,-27.52392,151.93223,Y,,Y,,Y,,
2018,Telstra,-27.52277,153.05468,Y,,Y,,Y,,
2018,Telstra,-27.5226,153.25,Y,,Y,,Y,,
2018,Telstra,-27.522501,144.328606,Y,,,,,,
2018,Telstra,-27.52202,153.194719,Y,,,,Y,,
2018,Telstra,-27.521666,144.368054,Y,,,,,,
2018,Telstra,-27.521093,153.215897,Y,,Y,,Y,,
2018,Telstra,-27.520276,152.895435,Y,,Y,,Y,,
2018,Telstra,-27.5192,153.062,Y,,Y,,Y,,
2018,Telstra,-27.51914,153.02881,Y,,Y,,Y,,
2018,Telstra,-27.51818,153.1264,Y,,Y,,Y,,
2018,Telstra,-27.517048,152.461443,Y,Y,Y,,Y,,
2018,Telstra,-27.51694,153.09833,Y,,Y,,Y,,
2018,Telstra,-27.516236,152.954529,Y,,Y,,,,
2018,Telstra,-27.51582,153.18127,Y,,Y,,Y,,
2018,Telstra,-27.51545,152.5835,Y,,Y,,Y,,
2018,Telstra,-27.51528,153.0425,Y,,Y,,Y,,
2018,Telstra,-27.514875,153.146609,Y,,,,Y,,Y
2018,Telstra,-27.51432,153.07497,Y,,Y,,Y,,
2018,Telstra,-27.51331,152.97456,Y,,Y,,Y,,Y
2018,Telstra,-27.51293,153.04628,Y,,Y,,Y,,
2018,Telstra,-27.51255,153.05385,Y,,,,Y,,
2018,Telstra,-27.51009,152.9376,Y,Y,Y,,Y,,
2018,Telstra,-27.5098,153.014,Y,,Y,,Y,,
2018,Telstra,-27.50964,151.88009,Y,,Y,,Y,,
2018,Telstra,-27.50935,153.03376,Y,,Y,,Y,,
2018,Telstra,-27.50922,153.14904,Y,,Y,,Y,,Y
2018,Telstra,-27.50868,153.0258,Y,,Y,,Y,,
2018,Telstra,-27.50849,153.228542,Y,,Y,,Y,,
2018,Telstra,-27.507331,152.950453,Y,,Y,,,,
2018,Telstra,-27.50715,153.0634,Y,,Y,,Y,,
2018,Telstra,-27.50538,153.056476,Y,,,,,,
2018,Telstra,-27.505271,152.963581,Y,,Y,,,,
2018,Telstra,-27.505111,151.956702,Y,,Y,,Y,,
2018,Telstra,-27.50465,153.05252,,,,,,,Y
2018,Telstra,-27.50445,153.10232,Y,,,,Y,,Y
2018,Telstra,-27.50377,153.102674,Y,,Y,,Y,,
2018,Telstra,-27.5037,153.126,Y,,Y,,Y,,Y
2018,Telstra,-27.503296,152.991318,Y,,Y,,Y,,
2018,Telstra,-27.50165,152.97216,Y,Y,,,Y,,Y
2018,Telstra,-27.501365,152.975969,Y,,Y,,Y,,
2018,Telstra,-27.50022,153.40394,Y,,Y,,Y,,
2018,Telstra,-27.4997,153.036,Y,,Y,,Y,,Y
2018,Telstra,-27.49951,153.03448,Y,,,,,,
2018,Telstra,-27.4995,153.03447,Y,,,,,,
2018,Telstra,-27.49948,153.24676,Y,,Y,,Y,,
2018,Telstra,-27.49903,153.02838,Y,,Y,,Y,,Y
2018,Telstra,-27.498825,153.013967,Y,Y,,,Y,,
2018,Telstra,-27.498568,152.969992,Y,,Y,,Y,,
2018,Telstra,-27.498359,153.046301,Y,Y,Y,,Y,,
2018,Telstra,-27.497793,153.22214,Y,Y,Y,,Y,,
2018,Telstra,-27.49678,153.03246,Y,,,,,,
2018,Telstra,-27.49611,153.08892,Y,,,,Y,,
2018,Telstra,-27.495661,153.055661,Y,,Y,,Y,,
2018,Telstra,-27.494676,152.957248,Y,,Y,,Y,,
2018,Telstra,-27.4942,153.033,Y,Y,Y,,Y,,Y
2018,Telstra,-27.49418,152.99762,Y,Y,Y,,Y,,
2018,Telstra,-27.493951,152.977894,Y,,Y,,Y,,
2018,Telstra,-27.493676,152.905367,Y,,Y,,Y,,
2018,Telstra,-27.4933,153.077,Y,,Y,,Y,,
2018,Telstra,-27.49315,153.16951,Y,,Y,,Y,,
2018,Telstra,-27.49198,153.06405,,Y,,,,,
2018,Telstra,-27.49183,153.0995,Y,Y,Y,,Y,,
2018,Telstra,-27.4912,153.041,Y,,Y,,Y,,
2018,Telstra,-27.4912,149.642,Y,,,,,,
2018,Telstra,-27.489064,153.197616,Y,,Y,,Y,,
2018,Telstra,-27.488596,153.233934,Y,,Y,,Y,,
2018,Telstra,-27.48858,153.02432,Y,,Y,,Y,,
2018,Telstra,-27.48791,152.98932,Y,Y,Y,,Y,,
2018,Telstra,-27.4879,153.04505,Y,,Y,,Y,,Y
2018,Telstra,-27.487269,152.967176,Y,,,,,,
2018,Telstra,-27.486901,153.017898,,,,,Y,,
2018,Telstra,-27.48643,153.03141,Y,,Y,,Y,,
2018,Telstra,-27.48642,153.05523,Y,,Y,,Y,,Y
2018,Telstra,-27.485254,153.037536,Y,Y,,,Y,,
2018,Telstra,-27.485211,153.028941,Y,Y,Y,,Y,,
2018,Telstra,-27.485211,153.028941,Y,,Y,,Y,,
2018,Telstra,-27.48462,153.02002,Y,,Y,,Y,,Y
2018,Telstra,-27.48442,153.02577,Y,,Y,,Y,,Y
2018,Telstra,-27.48404,153.00323,Y,,Y,,Y,,
2018,Telstra,-27.48399,153.026619,Y,,,,Y,,
2018,Telstra,-27.48397,153.0362,,,,,Y,,
2018,Telstra,-27.4839,153.036,,,Y,,,,
2018,Telstra,-27.4839,153.036,Y,,Y,,Y,,Y
2018,Telstra,-27.48389,153.03611,,Y,,,,,
2018,Telstra,-27.48381,152.99442,Y,,Y,,Y,,Y
2018,Telstra,-27.48306,153.01222,Y,,Y,,Y,,Y
2018,Telstra,-27.4828,153.076,Y,,,,Y,,
2018,Telstra,-27.48243,153.06264,Y,,Y,,Y,,
2018,Telstra,-27.48094,152.97767,Y,,Y,,Y,,
2018,Telstra,-27.480779,153.022685,Y,Y,Y,,Y,,Y
2018,Telstra,-27.48065,152.56306,Y,Y,Y,,Y,,
2018,Telstra,-27.479653,152.954261,Y,Y,Y,,Y,,
2018,Telstra,-27.47939,153.04199,Y,,Y,,Y,,Y
2018,Telstra,-27.4789,153.14048,Y,,Y,,Y,,
2018,Telstra,-27.478806,153.042663,Y,,,,Y,,
2018,Telstra,-27.4785,152.9982,Y,,,,Y,,
2018,Telstra,-27.4785,152.9982,Y,,,,,,
2018,Telstra,-27.47842,153.01415,Y,,Y,,Y,,Y
2018,Telstra,-27.47805,152.98561,Y,,Y,,Y,,
2018,Telstra,-27.4772,153.182,Y,,Y,,,,
2018,Telstra,-27.47704,153.02831,Y,Y,Y,,Y,,Y
2018,Telstra,-27.47704,153.02831,Y,Y,,,Y,,
2018,Telstra,-27.4768,153.0208,Y,,Y,,Y,,Y
2018,Telstra,-27.47665,153.00926,Y,,Y,,Y,,Y
2018,Telstra,-27.4765,153.039,Y,,Y,,Y,,
2018,Telstra,-27.476448,153.017846,Y,Y,Y,,Y,,Y
2018,Telstra,-27.4757,153.026,Y,Y,Y,,Y,,Y
2018,Telstra,-27.47547,152.995697,Y,,Y,,Y,,
2018,Telstra,-27.47512,153.025845,Y,,,,Y,,Y
2018,Telstra,-27.474781,153.157166,Y,Y,Y,,Y,,
2018,Telstra,-27.47417,153.12806,Y,,Y,,Y,,
2018,Telstra,-27.4741,153.0149,Y,,Y,,Y,,
2018,Telstra,-27.474,153.02697,Y,,Y,,Y,,Y
2018,Telstra,-27.47353,153.00396,Y,,Y,,Y,,Y
2018,Telstra,-27.47306,153.10889,Y,,Y,,Y,,
2018,Telstra,-27.472742,153.059678,Y,,Y,,Y,,
2018,Telstra,-27.472742,153.059678,Y,,,,Y,,
2018,Telstra,-27.47231906,153.028189,Y,,Y,,Y,,Y
2018,Telstra,-27.4722,153.099,Y,Y,Y,,Y,,
2018,Telstra,-27.472023,152.98257,Y,,Y,,Y,,
2018,Telstra,-27.47178,153.02515,Y,Y,Y,,Y,,Y
2018,Telstra,-27.47153,153.02354,Y,,,,Y,,
2018,Telstra,-27.47142,153.01626,Y,,Y,Y,Y,,Y
2018,Telstra,-27.47135,153.0249,Y,,,,Y,,
2018,Telstra,-27.47084,153.03011,Y,,Y,,Y,,Y
2018,Telstra,-27.4708,153.02312,Y,,,,Y,,
2018,Telstra,-27.470708,153.02681,Y,,,,Y,,
2018,Telstra,-27.4705,153.02501,Y,,,,Y,,
2018,Telstra,-27.47031,153.02808,Y,Y,Y,,Y,,Y
2018,Telstra,-27.47025,153.03043,Y,,,,,,
2018,Telstra,-27.47007,153.00865,Y,Y,Y,,Y,,Y
2018,Telstra,-27.46979,153.02281,Y,Y,Y,,Y,,Y
2018,Telstra,-27.46978,153.07223,Y,Y,Y,,Y,,
2018,Telstra,-27.46962,153.00285,Y,,Y,,Y,,Y
2018,Telstra,-27.4695,153.02,Y,,,,,,
2018,Telstra,-27.4695,153.035,Y,Y,Y,,Y,,Y
2018,Telstra,-27.4694,153.025,Y,Y,,,Y,,
2018,Telstra,-27.469215,153.02681,Y,,,,Y,,
2018,Telstra,-27.469,153.02991,Y,,,,,,
2018,Telstra,-27.46894,153.02561,Y,,,,,,
2018,Telstra,-27.46854,153.0209,Y,,,,,,
2018,Telstra,-27.46837,153.02511,,,,,Y,,
2018,Telstra,-27.46836,153.02951,Y,,,,,,
2018,Telstra,-27.468288,153.02301,Y,Y,Y,,Y,,Y
2018,Telstra,-27.468186,153.02625,Y,,,,Y,,
2018,Telstra,-27.46809,153.030108,Y,,,,Y,,
2018,Telstra,-27.46804,153.09045,Y,,Y,,,,
2018,Telstra,-27.46803,153.020229,Y,Y,Y,,Y,,Y
2018,Telstra,-27.46794,153.028687,Y,Y,Y,,Y,,Y
2018,Telstra,-27.467768,153.023347,Y,,,,Y,,
2018,Telstra,-27.467633,153.030263,Y,,,,Y,,
2018,Telstra,-27.46757,153.02641,Y,Y,Y,,Y,,Y
2018,Telstra,-27.46721,153.03051,Y,,,,Y,,
2018,Telstra,-27.46701,153.02916,Y,,,,Y,,
2018,Telstra,-27.46697,153.09235,Y,,,,,,
2018,Telstra,-27.466764,153.024367,Y,,,,Y,,Y
2018,Telstra,-27.466741,153.017773,Y,,,,,,
2018,Telstra,-27.4667,153.024878,Y,Y,Y,,Y,,Y
2018,Telstra,-27.46651,151.8189,Y,,Y,,,,
2018,Telstra,-27.466417,153.014291,Y,,Y,,Y,,Y
2018,Telstra,-27.46632,153.01926,Y,,Y,,Y,,Y
2018,Telstra,-27.4663,150.339,Y,,Y,,,,
2018,Telstra,-27.46623,153.04323,Y,,Y,,Y,,Y
2018,Telstra,-27.46609,153.026,Y,Y,,,Y,,
2018,Telstra,-27.465981,153.030758,Y,,,,,,
2018,Telstra,-27.465702,153.027803,Y,Y,,,Y,,Y
2018,Telstra,-27.46525,153.10833,Y,,Y,,Y,,
2018,Telstra,-27.46517,152.98903,Y,,Y,,Y,,
2018,Telstra,-27.46502,153.02992,Y,Y,Y,,Y,,Y
2018,Telstra,-27.46482,153.00955,Y,Y,Y,,Y,,Y
2018,Telstra,-27.46458,152.060328,Y,,Y,,,,
2018,Telstra,-27.4645,153.030697,Y,,,,Y,,
2018,Telstra,-27.46401,153.04168,Y,,Y,,Y,,
2018,Telstra,-27.4637,153.05,Y,,Y,,Y,,Y
2018,Telstra,-27.46365,152.9795,Y,,,,Y,,
2018,Telstra,-27.46319,153.028144,Y,,Y,,Y,,Y
2018,Telstra,-27.462929,153.024079,Y,,Y,,Y,,Y
2018,Telstra,-27.46255,152.94823,Y,,,,,,
2018,Telstra,-27.46231,153.06059,Y,,Y,,Y,,
2018,Telstra,-27.46224,153.0309,Y,,Y,,Y,,Y
2018,Telstra,-27.4616,153.035,Y,,Y,,Y,,Y
2018,Telstra,-27.4607,153.019,Y,,Y,,Y,,Y
2018,Telstra,-27.46025,153.00306,Y,,,,Y,,
2018,Telstra,-27.45986,152.96474,Y,,Y,,Y,,
2018,Telstra,-27.45891,153.03304,Y,,Y,,Y,,Y
2018,Telstra,-27.45872,152.99814,Y,,Y,,Y,,Y
2018,Telstra,-27.45844,152.98689,Y,,Y,,Y,,
2018,Telstra,-27.45817,153.17545,Y,,Y,,Y,,
2018,Telstra,-27.45797,153.07947,Y,,Y,,Y,,
2018,Telstra,-27.45779,153.040036,Y,,,,Y,,
2018,Telstra,-27.45708,153.03073,Y,,Y,,Y,,Y
2018,Telstra,-27.456988,153.157435,Y,Y,Y,,Y,,
2018,Telstra,-27.45671,153.01116,Y,,Y,,Y,,Y
2018,Telstra,-27.4566,153.036,Y,,Y,,Y,,Y
2018,Telstra,-27.456392,153.155022,,,,,,,Y
2018,Telstra,-27.455009,153.096324,Y,Y,Y,,Y,,
2018,Telstra,-27.454941,153.03468,Y,,,,Y,,
2018,Telstra,-27.454941,153.03468,Y,,,,Y,,
2018,Telstra,-27.454941,153.03468,Y,,,,Y,,
2018,Telstra,-27.4546,153.026,Y,,Y,,Y,,Y
2018,Telstra,-27.45413,153.03615,Y,,Y,,Y,,Y
2018,Telstra,-27.45404,153.049872,Y,,Y,,Y,,Y
2018,Telstra,-27.45342,153.11029,Y,,Y,,Y,,
2018,Telstra,-27.45326,153.00455,Y,,Y,,Y,,Y
2018,Telstra,-27.4531,153.187,Y,,,,,,
2018,Telstra,-27.45306,151.72056,Y,Y,Y,,Y,,
2018,Telstra,-27.45295,152.6664,Y,,,,Y,,
2018,Telstra,-27.452482,153.038081,Y,,,,Y,,
2018,Telstra,-27.45214,153.01452,Y,,,,Y,,
2018,Telstra,-27.45167,153.04725,Y,,Y,,Y,,Y
2018,Telstra,-27.451631,153.031911,Y,,Y,,Y,,
2018,Telstra,-27.45129,152.368818,Y,,Y,,Y,,
2018,Telstra,-27.45089,153.02876,Y,,,,Y,,
2018,Telstra,-27.45089,153.02876,Y,,,,Y,,
2018,Telstra,-27.4508,153.01069,Y,,Y,,Y,,Y
2018,Telstra,-27.45071,153.04166,Y,Y,Y,,Y,,Y
2018,Telstra,-27.450598,153.033403,Y,,Y,,Y,,Y
2018,Telstra,-27.450544,152.971938,Y,,Y,,Y,,Y
2018,Telstra,-27.45054,151.94574,Y,Y,Y,,Y,,
2018,Telstra,-27.4505,153.059,Y,,Y,,Y,,Y
2018,Telstra,-27.44942,153.02727,Y,,,,Y,,
2018,Telstra,-27.448815,153.043686,Y,,,,,,
2018,Telstra,-27.44875,153.02774,Y,Y,Y,,Y,,Y
2018,Telstra,-27.447979,153.031704,Y,,,Y,Y,,
2018,Telstra,-27.447972,153.034927,Y,,Y,,Y,,Y
2018,Telstra,-27.44753,152.95983,Y,,Y,,,,
2018,Telstra,-27.4475,152.934,Y,,Y,,Y,,
2018,Telstra,-27.44725,153.0317,Y,,,,,,
2018,Telstra,-27.446754,152.983171,Y,,Y,,Y,,Y
2018,Telstra,-27.44655,153.02865,Y,,,,,,
2018,Telstra,-27.44655,153.02865,Y,,,,,,
2018,Telstra,-27.446032,152.992046,Y,,Y,,Y,,Y
2018,Telstra,-27.44555,153.17495,Y,,Y,,Y,,
2018,Telstra,-27.44488,153.04519,Y,,Y,,Y,,Y
2018,Telstra,-27.4444,153.125,Y,Y,Y,,Y,,
2018,Telstra,-27.444304,151.971529,Y,,Y,,Y,,
2018,Telstra,-27.444,153.03066,Y,Y,,,Y,,
2018,Telstra,-27.4437,153.063,Y,,Y,,,,
2018,Telstra,-27.4437,153.063,Y,,Y,,Y,,
2018,Telstra,-27.4412,153.14375,Y,,Y,,,,
2018,Telstra,-27.44044,153.04007,Y,Y,Y,,Y,,
2018,Telstra,-27.43992,153.04594,Y,,Y,,Y,,
2018,Telstra,-27.439279,153.072683,Y,Y,Y,,Y,,
2018,Telstra,-27.43873,153.16723,Y,,Y,,,,
2018,Telstra,-27.43863,153.02446,Y,,Y,,Y,,
2018,Telstra,-27.437751,153.007721,Y,,Y,,Y,,
2018,Telstra,-27.43757,153.085,Y,,Y,,Y,,
2018,Telstra,-27.43545,153.52118,Y,,Y,,,,
2018,Telstra,-27.43251,153.01099,,,,,Y,,
2018,Telstra,-27.43208,153.05246,Y,,Y,,Y,,
2018,Telstra,-27.43167,153.10785,Y,,Y,,Y,,
2018,Telstra,-27.43124,153.09461,Y,Y,Y,,Y,,
2018,Telstra,-27.431143,153.025113,Y,Y,Y,,Y,,
2018,Telstra,-27.431111,153.06988,Y,Y,Y,,Y,,
2018,Telstra,-27.43099,153.08504,,Y,,,,,
2018,Telstra,-27.43074,153.0407,Y,,Y,,Y,,
2018,Telstra,-27.43041,152.94334,Y,,Y,,Y,,
2018,Telstra,-27.42917,153.538626,Y,,Y,,Y,,
2018,Telstra,-27.429153,153.064157,Y,,,,,,
2018,Telstra,-27.4287,153.081,Y,,,,,,
2018,Telstra,-27.42787,153.07558,Y,,,,,,
2018,Telstra,-27.427436,152.981446,Y,Y,Y,,Y,,
2018,Telstra,-27.427012,153.52017,Y,,Y,,Y,,
2018,Telstra,-27.42695,153.05075,Y,,Y,,Y,,
2018,Telstra,-27.425664,153.014691,Y,,Y,,Y,,
2018,Telstra,-27.42455,153.0001,Y,,Y,,Y,,
2018,Telstra,-27.42418,153.034055,Y,,Y,,Y,,
2018,Telstra,-27.42371,153.11807,Y,Y,Y,,Y,,
2018,Telstra,-27.423413,117.899841,Y,,Y,,,,
2018,Telstra,-27.42218,153.15069,Y,,Y,,Y,,
2018,Telstra,-27.421417,153.03798,Y,,Y,,Y,,
2018,Telstra,-27.418611,153.102388,Y,,,Y,Y,,
2018,Telstra,-27.41831,152.99522,Y,,Y,,Y,,
2018,Telstra,-27.4174,153.07153,Y,Y,Y,,Y,,
2018,Telstra,-27.41562,153.01297,Y,Y,Y,,Y,,
2018,Telstra,-27.4153,153.05206,Y,Y,Y,,Y,,
2018,Telstra,-27.415262,153.051979,,,,,Y,,
2018,Telstra,-27.4146,153.0367,Y,,,,Y,,
2018,Telstra,-27.41459,153.03831,Y,,Y,,Y,,
2018,Telstra,-27.41382,152.97666,Y,,Y,,Y,,Y
2018,Telstra,-27.4118,152.96129,Y,,Y,,Y,,
2018,Telstra,-27.41146,152.9346,Y,Y,Y,,Y,,
2018,Telstra,-27.4114,153.00108,Y,Y,Y,,Y,,
2018,Telstra,-27.41095,153.012574,Y,,,,Y,,
2018,Telstra,-27.410568,153.451562,Y,,,,,,
2018,Telstra,-27.40978,152.97905,Y,,Y,,Y,,
2018,Telstra,-27.408733,153.062071,Y,,Y,,Y,,
2018,Telstra,-27.40831,153.16366,Y,,,,,,
2018,Telstra,-27.405558,153.074168,Y,,Y,,Y,,
2018,Telstra,-27.40342,153.1097,Y,,,,Y,,
2018,Telstra,-27.40341,153.03232,Y,,Y,,Y,,
2018,Telstra,-27.402925,153.061573,Y,,Y,,Y,,
2018,Telstra,-27.401516,152.970163,Y,,Y,,Y,,
2018,Telstra,-27.4012,152.938,Y,,Y,,Y,,
2018,Telstra,-27.398874,152.960142,Y,,Y,,Y,,
2018,Telstra,-27.39657,153.439394,,,,,Y,,
2018,Telstra,-27.39608,153.05008,Y,,Y,,Y,,
2018,Telstra,-27.39603,152.78217,Y,,Y,,,,
2018,Telstra,-27.396,153.112,Y,Y,Y,,Y,,
2018,Telstra,-27.39385,152.99619,Y,,Y,,Y,,
2018,Telstra,-27.392176,153.031941,Y,,Y,,Y,,
2018,Telstra,-27.391943,152.944664,Y,,Y,,Y,,
2018,Telstra,-27.391674,153.012449,Y,,Y,,Y,,
2018,Telstra,-27.39154285,153.0629923,Y,Y,Y,,Y,,
2018,Telstra,-27.39115,153.14035,Y,,Y,,Y,,
2018,Telstra,-27.39031824,153.0235157,Y,,Y,,Y,,
2018,Telstra,-27.389864,152.976454,Y,,Y,,Y,,
2018,Telstra,-27.38892,152.96185,Y,,Y,,Y,,
2018,Telstra,-27.38725,152.987701,Y,,Y,,Y,,
2018,Telstra,-27.38674,150.81944,Y,,,,,,
2018,Telstra,-27.38644,153.07666,Y,,Y,,Y,,
2018,Telstra,-27.38634,153.08974,Y,,Y,,Y,,
2018,Telstra,-27.3857,153.12001,Y,Y,Y,,Y,,Y
2018,Telstra,-27.3853,153.06676,Y,,,,Y,,
2018,Telstra,-27.38448,153.03162,Y,,,,Y,,
2018,Telstra,-27.3839,153.11637,Y,,,,,,
2018,Telstra,-27.3833,153.064,Y,,Y,,Y,,
2018,Telstra,-27.38105,153.03061,Y,Y,Y,,Y,,
2018,Telstra,-27.380994,153.005006,Y,Y,Y,,Y,,
2018,Telstra,-27.37906,153.046182,,,Y,,,,
2018,Telstra,-27.3784,153.172,Y,Y,Y,,Y,,
2018,Telstra,-27.3782,151.576,Y,,Y,,Y,,
2018,Telstra,-27.3773,152.90711,Y,Y,Y,,Y,,
2018,Telstra,-27.37669,152.83731,Y,,Y,,Y,,
2018,Telstra,-27.376327,152.887675,Y,,Y,,,,
2018,Telstra,-27.375106,153.12453,Y,,,,,,
2018,Telstra,-27.37421,153.12317,Y,,,,,,
2018,Telstra,-27.3716,153.057,Y,Y,Y,,Y,,
2018,Telstra,-27.36926,148.88975,Y,,,,,,
2018,Telstra,-27.36716,153.07995,Y,,Y,,Y,,
2018,Telstra,-27.36671,152.99664,,,,,,,Y
2018,Telstra,-27.3665,153.101,Y,,Y,,Y,,
2018,Telstra,-27.36601,152.50171,Y,,Y,,Y,,
2018,Telstra,-27.36588,153.04424,Y,,Y,,Y,,
2018,Telstra,-27.3647,153.05694,Y,,,,,,
2018,Telstra,-27.3642,152.97356,Y,Y,Y,,Y,,
2018,Telstra,-27.362594,153.015481,Y,Y,Y,,Y,,
2018,Telstra,-27.36166,152.92913,Y,,Y,,,,
2018,Telstra,-27.3584,153.051,Y,,Y,,Y,,
2018,Telstra,-27.356797,153.034108,Y,Y,Y,,Y,,
2018,Telstra,-27.35585,152.068628,,,,,Y,,
2018,Telstra,-27.35223,153.0035,Y,,Y,,Y,,
2018,Telstra,-27.35187,150.14836,Y,,Y,,,,
2018,Telstra,-27.350878,153.045993,Y,,Y,,Y,,
2018,Telstra,-27.350732,153.014462,Y,,,,,,
2018,Telstra,-27.34793,152.99166,Y,,,,Y,,
2018,Telstra,-27.3464,152.966,Y,,Y,,Y,,
2018,Telstra,-27.342261,153.070739,Y,Y,Y,,Y,,
2018,Telstra,-27.34042,152.95679,Y,Y,Y,,Y,,
2018,Telstra,-27.33802,153.059908,Y,,Y,,Y,,
2018,Telstra,-27.33498,153.04396,Y,,Y,,Y,,
2018,Telstra,-27.330772,153.081928,Y,,Y,,Y,,
2018,Telstra,-27.326487,153.053582,Y,,Y,,Y,,
2018,Telstra,-27.325776,153.009916,Y,Y,Y,,Y,,
2018,Telstra,-27.32347,149.88268,Y,,Y,,,,
2018,Telstra,-27.321197,153.03289,Y,,Y,,Y,,
2018,Telstra,-27.3209,153.069,Y,,Y,,Y,,
2018,Telstra,-27.3196,152.986,Y,,Y,,Y,,
2018,Telstra,-27.3151,152.748,Y,,Y,,,,
2018,Telstra,-27.314431,152.958064,Y,,,,Y,,
2018,Telstra,-27.31411,151.74611,,,Y,,,,
2018,Telstra,-27.31293,152.86782,Y,,Y,,,,
2018,Telstra,-27.3076,151.852,Y,,Y,,,,
2018,Telstra,-27.30738,152.99139,Y,Y,Y,,Y,,
2018,Telstra,-27.30483,120.546638,Y,,,,,,
2018,Telstra,-27.30458,152.93614,Y,,Y,,Y,,
2018,Telstra,-27.30385,153.05982,Y,,Y,,Y,,
2018,Telstra,-27.30376,151.492661,,,Y,,,,
2018,Telstra,-27.30139,133.62806,Y,,,,,,
2018,Telstra,-27.3013,144.287,Y,,,,,,
2018,Telstra,-27.3012,152.988,Y,,Y,,Y,,
2018,Telstra,-27.3009,153.033,Y,,Y,,Y,,
2018,Telstra,-27.2972,153.01646,Y,,Y,,Y,,
2018,Telstra,-27.2969,152.28587,Y,,Y,,,,
2018,Telstra,-27.28944,152.94,Y,Y,Y,,Y,,
2018,Telstra,-27.28854,153.05621,Y,,Y,,Y,,
2018,Telstra,-27.28853,152.96927,Y,Y,Y,,Y,,
2018,Telstra,-27.284422,152.989144,Y,,Y,,Y,,
2018,Telstra,-27.2821,120.550985,Y,,Y,,,,Y
2018,Telstra,-27.277557,151.995902,Y,,Y,,,,
2018,Telstra,-27.27668,150.46045,Y,,Y,,,,
2018,Telstra,-27.2754,153.03,Y,Y,Y,Y,Y,Y,
2018,Telstra,-27.2739,152.83341,Y,,Y,,,,
2018,Telstra,-27.27117,153.01707,Y,,Y,,Y,,
2018,Telstra,-27.26995,152.98035,Y,Y,Y,Y,Y,Y,
2018,Telstra,-27.2692,152.985,Y,,,,,,
2018,Telstra,-27.265849,153.006385,Y,,Y,,,,
2018,Telstra,-27.26496,152.96811,Y,Y,Y,Y,Y,Y,
2018,Telstra,-27.26169,152.05695,,,,,Y,,
2018,Telstra,-27.26167,144.073336,Y,,,,,,
2018,Telstra,-27.261605,114.598997,Y,,Y,,,,
2018,Telstra,-27.25945,153.08694,Y,,Y,Y,Y,,
2018,Telstra,-27.2554,153.021,Y,Y,Y,Y,Y,Y,Y
2018,Telstra,-27.2492,152.97017,Y,Y,Y,Y,Y,Y,
2018,Telstra,-27.24593,153.043,Y,,Y,Y,Y,,
2018,Telstra,-27.2451,152.92,Y,,Y,Y,Y,,
2018,Telstra,-27.244,153.1,Y,Y,Y,,Y,Y,
2018,Telstra,-27.2434,153.003,Y,Y,Y,Y,Y,Y,
2018,Telstra,-27.2413,153.081,Y,Y,,Y,Y,Y,
2018,Telstra,-27.24079,153.01693,Y,Y,Y,Y,Y,Y,
2018,Telstra,-27.23857,152.99404,Y,,Y,Y,Y,,
2018,Telstra,-27.2369,153.107,Y,,Y,,Y,,
2018,Telstra,-27.236801,152.398061,Y,,Y,,Y,,
2018,Telstra,-27.230932,153.032204,Y,,Y,Y,Y,Y,
2018,Telstra,-27.22845,153.10407,Y,Y,Y,,Y,,
2018,Telstra,-27.22778,150.8675,Y,,Y,,Y,,
2018,Telstra,-27.226378,153.001305,Y,Y,Y,Y,Y,Y,
2018,Telstra,-27.22604,153.08862,Y,,Y,Y,Y,Y,Y
2018,Telstra,-27.225418,153.111998,Y,,Y,,Y,,
2018,Telstra,-27.21839,153.06315,Y,,,,Y,,
2018,Telstra,-27.21666,152.0286,Y,,Y,,,,
2018,Telstra,-27.216561,153.023297,Y,,Y,,Y,,
2018,Telstra,-27.21364,152.96911,Y,Y,Y,Y,Y,Y,
2018,Telstra,-27.2122,152.991,,,,Y,,,
2018,Telstra,-27.21057,120.55016,Y,,,,,,
2018,Telstra,-27.2103,153.044,Y,Y,Y,Y,Y,Y,
2018,Telstra,-27.209713,152.993687,Y,,Y,,Y,,
2018,Telstra,-27.20848,153.10327,Y,Y,Y,Y,Y,Y,
2018,Telstra,-27.203588,152.845801,Y,Y,Y,Y,Y,Y,
2018,Telstra,-27.20141,153.00589,Y,,Y,Y,Y,Y,
2018,Telstra,-27.19659,152.98667,Y,,Y,Y,Y,Y,
2018,Telstra,-27.195474,152.95089,Y,Y,Y,Y,Y,Y,
2018,Telstra,-27.19448,153.1048,Y,Y,Y,Y,Y,Y,Y
2018,Telstra,-27.193863,153.028327,Y,,Y,,Y,,Y
2018,Telstra,-27.190554,144.098057,Y,,,,,,
2018,Telstra,-27.186322,153.005221,Y,Y,Y,Y,Y,Y,
2018,Telstra,-27.1845,153.028,Y,Y,Y,Y,Y,Y,
2018,Telstra,-27.18245,152.92852,Y,Y,Y,Y,Y,Y,
2018,Telstra,-27.1822,151.264,Y,Y,Y,,Y,,
2018,Telstra,-27.18139,152.9825,Y,,Y,,Y,,
2018,Telstra,-27.18083,153.375722,Y,,Y,,,,
2018,Telstra,-27.161158,152.954771,Y,Y,Y,Y,Y,Y,
2018,Telstra,-27.15592,152.9739,Y,Y,Y,Y,Y,Y,
2018,Telstra,-27.1527,149.070389,,,Y,,,,
2018,Telstra,-27.15221,145.97055,Y,,Y,,,,
2018,Telstra,-27.1434,149.137,Y,,Y,,,,
2018,Telstra,-27.14278,153.02099,Y,Y,Y,Y,Y,Y,
2018,Telstra,-27.140921,152.928715,Y,Y,Y,Y,Y,Y,
2018,Telstra,-27.13729,152.81565,Y,,Y,,,,
2018,Telstra,-27.1372,152.98,Y,Y,Y,Y,Y,Y,
2018,Telstra,-27.12926,153.0525,Y,Y,Y,Y,Y,Y,
2018,Telstra,-27.125118,152.935372,Y,Y,Y,Y,Y,Y,Y
2018,Telstra,-27.1234,152.96,Y,,Y,,Y,,
2018,Telstra,-27.1088,152.55234,Y,,Y,,,,
2018,Telstra,-27.10654,152.89574,Y,Y,Y,Y,Y,Y,
2018,Telstra,-27.10563,152.9774,Y,Y,Y,Y,Y,Y,Y
2018,Telstra,-27.1049,151.6017,Y,,Y,,,,
2018,Telstra,-27.10399,152.95141,Y,Y,Y,Y,Y,Y,
2018,Telstra,-27.092007,150.544313,Y,,Y,,,,
2018,Telstra,-27.088011,152.375402,Y,,Y,,,,
2018,Telstra,-27.085711,152.951975,Y,Y,Y,Y,Y,,
2018,Telstra,-27.08451,151.63493,,,,,Y,,
2018,Telstra,-27.08429,152.94628,,Y,,,,,
2018,Telstra,-27.08362,152.98652,Y,Y,Y,Y,Y,Y,
2018,Telstra,-27.08169,153.15899,Y,,Y,,,,
2018,Telstra,-27.080689,152.963177,Y,Y,Y,Y,Y,Y,
2018,Telstra,-27.0798,153.10655,Y,,Y,Y,Y,,
2018,Telstra,-27.0774,153.181,Y,,Y,,Y,,
2018,Telstra,-27.07322385,152.9163676,Y,Y,Y,Y,Y,Y,Y
2018,Telstra,-27.0717,153.135,Y,,Y,Y,Y,,
2018,Telstra,-27.069472,153.203122,Y,,Y,Y,Y,,
2018,Telstra,-27.0675,153.06083,Y,,Y,Y,Y,,
2018,Telstra,-27.0675,153.11291,,,,,,,Y
2018,Telstra,-27.06564,152.780572,Y,,Y,,,,
2018,Telstra,-27.063149,152.947123,Y,Y,Y,Y,Y,Y,
2018,Telstra,-27.06288,153.15852,Y,Y,Y,Y,Y,,Y
2018,Telstra,-27.059726,144.382225,Y,,,,,,
2018,Telstra,-27.04608,153.14143,Y,,Y,Y,Y,,Y
2018,Telstra,-27.04008,152.86733,Y,Y,Y,Y,Y,Y,
2018,Telstra,-27.03756,153.09664,Y,,Y,Y,Y,,
2018,Telstra,-27.03298,152.93445,Y,Y,Y,Y,Y,Y,
2018,Telstra,-27.03201,153.15077,Y,,,Y,Y,Y,
2018,Telstra,-27.0294,152.98,Y,Y,Y,Y,Y,Y,
2018,Telstra,-26.9921,152.431,Y,,Y,,,,
2018,Telstra,-26.988905,150.77312,Y,,Y,,,,
2018,Telstra,-26.9855,152.853,Y,,Y,,Y,,
2018,Telstra,-26.975201,152.96599,Y,,Y,Y,Y,,
2018,Telstra,-26.97194,152.79054,Y,Y,Y,Y,Y,Y,
2018,Telstra,-26.95869,150.96249,Y,,Y,,,,
2018,Telstra,-26.9575,150.457222,Y,,Y,,Y,,
2018,Telstra,-26.951906,152.578845,Y,,Y,,,,
2018,Telstra,-26.94103,152.50417,Y,,Y,,,,
2018,Telstra,-26.93211,151.44889,Y,,,,,,
2018,Telstra,-26.930495,152.998421,Y,,Y,Y,Y,,
2018,Telstra,-26.926955,150.138064,Y,,Y,,,,
2018,Telstra,-26.92279,152.69958,Y,Y,Y,Y,Y,Y,
2018,Telstra,-26.9116,152.76,Y,,Y,,Y,,Y
2018,Telstra,-26.89799,152.96021,Y,Y,Y,Y,Y,Y,
2018,Telstra,-26.89301,152.30034,Y,,Y,,,,
2018,Telstra,-26.89295,151.60847,Y,,Y,,,,
2018,Telstra,-26.88433,152.11108,Y,,,,,,
2018,Telstra,-26.8823,144.437,Y,,,,,,
2018,Telstra,-26.88068,150.34708,Y,,Y,,,,
2018,Telstra,-26.87711,152.15143,Y,,Y,,Y,,
2018,Telstra,-26.87043,153.00825,Y,,,Y,Y,,
2018,Telstra,-26.86238,152.94214,Y,Y,Y,Y,Y,Y,
2018,Telstra,-26.8526,152.727896,Y,,Y,,,,
2018,Telstra,-26.84402,150.790611,,,Y,,,,
2018,Telstra,-26.84252,152.88014,,,Y,,,,
2018,Telstra,-26.836964,153.091417,Y,,,,,,
2018,Telstra,-26.8334,151.98177,Y,,Y,,Y,,
2018,Telstra,-26.833341,153.108312,Y,,Y,Y,Y,,
2018,Telstra,-26.8316,114.61944,Y,,,,,,
2018,Telstra,-26.822413,153.114169,Y,,Y,Y,Y,,
2018,Telstra,-26.81986,152.94415,Y,Y,Y,Y,Y,Y,
2018,Telstra,-26.80379,153.12507,Y,Y,Y,Y,Y,,
2018,Telstra,-26.80188,153.12018,Y,,,,,,
2018,Telstra,-26.79861,153.13917,Y,Y,Y,Y,Y,Y,
2018,Telstra,-26.797273,153.117011,Y,,Y,Y,Y,,
2018,Telstra,-26.79043,153.03366,Y,,Y,Y,Y,,
2018,Telstra,-26.78912,150.168222,Y,,Y,,Y,,
2018,Telstra,-26.78671,151.94437,Y,,Y,,,,
2018,Telstra,-26.785297,153.096107,Y,Y,Y,Y,Y,Y,
2018,Telstra,-26.78454,153.06608,Y,,Y,,,,
2018,Telstra,-26.78264,151.9148,Y,,,,Y,,
2018,Telstra,-26.78118,153.135759,,,Y,,,,
2018,Telstra,-26.78013,151.11104,Y,,Y,,Y,,
2018,Telstra,-26.77856,153.12641,Y,,Y,Y,Y,Y,
2018,Telstra,-26.77806,152.91361,Y,,Y,,,,
2018,Telstra,-26.76614,153.12273,Y,Y,Y,Y,Y,Y,
2018,Telstra,-26.7649,149.329,Y,,,,,,
2018,Telstra,-26.75375,152.84618,Y,Y,Y,,Y,,
2018,Telstra,-26.75018,153.09954,Y,,Y,,,,
2018,Telstra,-26.748723,153.043994,Y,,Y,,,,
2018,Telstra,-26.74715,153.113238,,Y,,,Y,,Y
2018,Telstra,-26.74377,153.11426,Y,,Y,,Y,,
2018,Telstra,-26.74005,152.9677,Y,,Y,,,,
2018,Telstra,-26.7395,153.128,Y,Y,Y,,Y,Y,
2018,Telstra,-26.73905,150.62494,Y,Y,Y,,Y,,
2018,Telstra,-26.72879,152.71719,,,Y,,,,
2018,Telstra,-26.7282,153.05633,Y,,Y,,Y,,
2018,Telstra,-26.72330385,153.0295545,Y,,Y,,,,
2018,Telstra,-26.721582,153.128608,Y,,Y,,Y,,
2018,Telstra,-26.71803,118.42996,Y,,,,,,
2018,Telstra,-26.71558,153.1048,Y,,Y,,Y,,
2018,Telstra,-26.7122,153.0637,Y,,Y,,Y,,
2018,Telstra,-26.7033,153.13059,Y,,,,Y,,
2018,Telstra,-26.703281,153.133815,Y,Y,,,Y,,
2018,Telstra,-26.702618,152.805458,Y,,Y,,Y,,
2018,Telstra,-26.7005,153.12316,Y,,Y,,Y,,
2018,Telstra,-26.69278,153.04444,Y,,Y,,Y,,
2018,Telstra,-26.6926,152.895,Y,,Y,,Y,,
2018,Telstra,-26.6923,153.09261,Y,,Y,,Y,,
2018,Telstra,-26.69225,153.11142,Y,,Y,,Y,,
2018,Telstra,-26.69166,151.65382,,,Y,,,,
2018,Telstra,-26.69032,152.73488,Y,,Y,,,,
2018,Telstra,-26.68858,152.95871,Y,,Y,,Y,,
2018,Telstra,-26.6857,153.05,Y,,,,,,
2018,Telstra,-26.68536,153.08095,Y,,Y,,,,
2018,Telstra,-26.6842,153.09295,Y,,Y,,Y,,
2018,Telstra,-26.68299,152.97052,Y,,,,,,
2018,Telstra,-26.682644,153.065735,Y,,,,,,
2018,Telstra,-26.67971,153.13854,Y,,Y,,Y,,
2018,Telstra,-26.67874,153.11821,Y,Y,Y,,Y,,Y
2018,Telstra,-26.67851,153.00055,Y,,Y,,Y,,
2018,Telstra,-26.67555,153.07574,Y,,,,Y,,
2018,Telstra,-26.6743,152.018,Y,,Y,,Y,,
2018,Telstra,-26.672632,153.10019,Y,Y,Y,,Y,,
2018,Telstra,-26.669342,143.270131,Y,,,,,,
2018,Telstra,-26.666542,153.033043,Y,,Y,,Y,,
2018,Telstra,-26.66387,152.45539,,,Y,,,,
2018,Telstra,-26.6611,153.103,Y,,Y,,Y,,
2018,Telstra,-26.66094,153.04236,Y,,,,,,
2018,Telstra,-26.66051,153.05146,Y,,Y,,Y,,
2018,Telstra,-26.6569,153.088,Y,,Y,,Y,,Y
2018,Telstra,-26.65639,150.66889,Y,,Y,,,,
2018,Telstra,-26.65535,153.08905,Y,,,,Y,,
2018,Telstra,-26.65431,150.18728,Y,,Y,,Y,,
2018,Telstra,-26.65389,153.06077,Y,,Y,,,,
2018,Telstra,-26.649511,150.270763,Y,,Y,,,,
2018,Telstra,-26.647296,153.088305,Y,,Y,,Y,,Y
2018,Telstra,-26.6437,149.62592,Y,,Y,,,,
2018,Telstra,-26.63861,152.96417,Y,Y,Y,,Y,,
2018,Telstra,-26.63689,149.8534,Y,,Y,,,,
2018,Telstra,-26.635017,143.458477,Y,,,,,,
2018,Telstra,-26.6342,153.09425,Y,,Y,,Y,,
2018,Telstra,-26.62953,145.138617,Y,,Y,,,,
2018,Telstra,-26.627934,152.959867,Y,,,,Y,,
2018,Telstra,-26.6279,152.867,Y,,Y,,,,
2018,Telstra,-26.6274,143.94333,Y,,Y,,,,
2018,Telstra,-26.627397,153.069528,Y,,Y,,Y,,
2018,Telstra,-26.62582,151.70634,Y,,Y,,,,
2018,Telstra,-26.621954,152.952261,Y,,Y,,Y,,
2018,Telstra,-26.6201,144.263,Y,,Y,,,,
2018,Telstra,-26.6129,149.378,Y,,Y,,,,
2018,Telstra,-26.61259,148.43973,Y,,Y,,,,
2018,Telstra,-26.61038,153.02491,Y,,Y,,Y,,
2018,Telstra,-26.60668,153.08613,Y,,Y,,Y,,
2018,Telstra,-26.605392,152.989423,Y,,Y,,Y,,
2018,Telstra,-26.59671,153.07321,Y,,Y,,,,
2018,Telstra,-26.59341,120.22527,Y,,Y,,,,
2018,Telstra,-26.5927,144.428,Y,,,,,,
2018,Telstra,-26.59118,118.49541,Y,,Y,,,,
2018,Telstra,-26.582311,148.780267,Y,,Y,,,,
2018,Telstra,-26.5778,152.721,Y,,Y,,Y,,
2018,Telstra,-26.5735,153.086291,Y,,Y,,Y,,
2018,Telstra,-26.5725,148.85,Y,,Y,,,,
2018,Telstra,-26.571464,148.7908,Y,,Y,,Y,,Y
2018,Telstra,-26.57049,152.94365,Y,,Y,,Y,,
2018,Telstra,-26.56725,151.13071,Y,,Y,,,,
2018,Telstra,-26.56547,153.07078,Y,,Y,,Y,,
2018,Telstra,-26.552697,153.097228,Y,,Y,,Y,,
2018,Telstra,-26.54285,153.09498,Y,,Y,,Y,,
2018,Telstra,-26.54111,148.11139,Y,,Y,,,,
2018,Telstra,-26.540714,151.838296,Y,,,,,,
2018,Telstra,-26.53148,153.08789,,,,,,,Y
2018,Telstra,-26.5303,151.849953,Y,Y,Y,,Y,,
2018,Telstra,-26.52698,153.07139,Y,,Y,,Y,,
2018,Telstra,-26.51694,153.08695,Y,Y,Y,,Y,,
2018,Telstra,-26.512,149.176,Y,,,,,,
2018,Telstra,-26.504,147.134,Y,,Y,,,,
2018,Telstra,-26.50322,153.07026,Y,,Y,,Y,,
2018,Telstra,-26.49058,153.07578,,,Y,,,,
2018,Telstra,-26.48938,147.9781,Y,,Y,,,,
2018,Telstra,-26.48313,152.87366,Y,,Y,,,,
2018,Telstra,-26.477275,152.941872,Y,,Y,,,,
2018,Telstra,-26.47333,151.97482,Y,,Y,,,,
2018,Telstra,-26.4711,119.7147,Y,,,,,,
2018,Telstra,-26.47034,152.794389,,,Y,,,,
2018,Telstra,-26.47,153.096,Y,,Y,,Y,,
2018,Telstra,-26.46905743,153.0473576,Y,,Y,,,,
2018,Telstra,-26.46813,147.0006308,Y,,,,,,
2018,Telstra,-26.46813,152.66825,Y,,Y,,Y,,
2018,Telstra,-26.461611,149.029016,Y,,,,,,
2018,Telstra,-26.45646,152.97961,Y,,Y,,Y,,
2018,Telstra,-26.44682,147.54524,,,,,,,Y
2018,Telstra,-26.4381,152.921,Y,,,,,,
2018,Telstra,-26.4282,153.106,Y,,Y,,,,
2018,Telstra,-26.42277,152.85389,Y,,Y,,Y,,
2018,Telstra,-26.41834,152.91056,,,,,,,Y
2018,Telstra,-26.41674,153.00227,Y,,Y,,,,
2018,Telstra,-26.4167,146.357122,Y,,Y,,,,
2018,Telstra,-26.416086,147.113274,,,,,,,Y
2018,Telstra,-26.41077,114.46431,Y,,Y,,,,
2018,Telstra,-26.410328,153.085297,Y,,Y,,Y,,
2018,Telstra,-26.4066,153.047,Y,Y,Y,,Y,,
2018,Telstra,-26.40635,152.92429,Y,,Y,,Y,,
2018,Telstra,-26.4063,147.61504,Y,,Y,,,,
2018,Telstra,-26.405636,153.109776,Y,,,,Y,,
2018,Telstra,-26.40438,146.24414,Y,,Y,,,,
2018,Telstra,-26.40314,114.02431,Y,,,,,,
2018,Telstra,-26.400778,153.065067,Y,,Y,,Y,,
2018,Telstra,-26.39998,153.09136,Y,,,,Y,,
2018,Telstra,-26.39826,152.81641,Y,,Y,,,,
2018,Telstra,-26.39634,151.24372,Y,,Y,,,,
2018,Telstra,-26.395487,153.094719,Y,Y,Y,,Y,,
2018,Telstra,-26.39222,153.0175,Y,,Y,,Y,,
2018,Telstra,-26.38695,153.08833,Y,Y,Y,,Y,,
2018,Telstra,-26.378103,153.032697,Y,,Y,,Y,,
2018,Telstra,-26.3685,151.8142,Y,,Y,,,,
2018,Telstra,-26.366216,152.857447,Y,,Y,,,,
2018,Telstra,-26.365167,152.685192,Y,,Y,,,,
2018,Telstra,-26.36483,146.61255,Y,,,,,,
2018,Telstra,-26.36234,152.99983,Y,,Y,,Y,,
2018,Telstra,-26.36019,120.605608,Y,,Y,,,,
2018,Telstra,-26.35701,149.497354,Y,,,,,,Y
2018,Telstra,-26.33821,149.37879,Y,,Y,,,,
2018,Telstra,-26.33282,152.71962,Y,,,,,,
2018,Telstra,-26.3177,151.876,Y,,Y,,,,
2018,Telstra,-26.31644,152.82949,Y,,Y,,Y,,
2018,Telstra,-26.28525,149.71206,Y,,Y,,,,Y
2018,Telstra,-26.28517,152.98925,,,,,Y,,
2018,Telstra,-26.28497,132.13487,Y,,Y,,,,
2018,Telstra,-26.2726,152.711,Y,,,,,,
2018,Telstra,-26.25376,152.882893,Y,,Y,,,,
2018,Telstra,-26.25222,152.80528,Y,,Y,,,,
2018,Telstra,-26.242124,151.942489,Y,,Y,,,,
2018,Telstra,-26.22581,152.676944,Y,,Y,,Y,,
2018,Telstra,-26.21887,152.6949,Y,,,,,,
2018,Telstra,-26.21047,152.52673,Y,,Y,,,,
2018,Telstra,-26.20426,152.442952,Y,,Y,,,,
2018,Telstra,-26.20419,152.58762,Y,,Y,,Y,,
2018,Telstra,-26.198441,152.666778,Y,,,,Y,,Y
2018,Telstra,-26.187776,152.658331,Y,Y,Y,,Y,,
2018,Telstra,-26.18534,152.85931,Y,,Y,,,,
2018,Telstra,-26.1808,118.6931,Y,,,,,,
2018,Telstra,-26.179234,152.061392,Y,,Y,,,,
2018,Telstra,-26.175,152.676,Y,Y,Y,,Y,,
2018,Telstra,-26.17338,151.959248,Y,,Y,,,,
2018,Telstra,-26.1714,152.65181,Y,,,,,,
2018,Telstra,-26.167921,148.664662,Y,,,,,,
2018,Telstra,-26.1457,131.15411,Y,,Y,,,,
2018,Telstra,-26.138212,151.606911,Y,,Y,,,,
2018,Telstra,-26.12957,126.57784,Y,,,,,,
2018,Telstra,-26.1193,149.951,Y,,Y,,,,Y
2018,Telstra,-26.11472,152.61473,Y,Y,Y,,Y,,
2018,Telstra,-26.10075,149.471724,Y,,Y,,,,
2018,Telstra,-26.09137,152.2388,Y,,Y,,,,
2018,Telstra,-26.0689,128.9346,Y,,,,,,
2018,Telstra,-26.06861,152.75882,Y,,Y,,,,
2018,Telstra,-26.05363,152.393237,Y,,Y,,,,
2018,Telstra,-26.031383,146.773616,Y,,,,,,
2018,Telstra,-26.007843,150.09177,Y,,Y,,,,
2018,Telstra,-25.99880183,128.2860042,Y,,,,,,
2018,Telstra,-25.979597,149.070186,Y,,Y,,,,
2018,Telstra,-25.971405,146.617791,Y,,,,,,
2018,Telstra,-25.966355,152.584788,Y,,Y,,,,
2018,Telstra,-25.95435,144.60396,Y,,Y,,,,
2018,Telstra,-25.953346,149.064114,Y,,Y,,,,
2018,Telstra,-25.951026,152.980557,Y,,Y,,,,
2018,Telstra,-25.943314,150.072574,,Y,,,,,
2018,Telstra,-25.92406,113.54407,Y,,Y,,,,
2018,Telstra,-25.91513,139.38483,Y,,,,,,Y
2018,Telstra,-25.9121,153.007,Y,,Y,,Y,,
2018,Telstra,-25.910754,153.095773,Y,,Y,,Y,,
2018,Telstra,-25.90136,149.14538,Y,,Y,,,,
2018,Telstra,-25.89658338,139.3554166,Y,,Y,,,,Y
2018,Telstra,-25.8607,127.6648,Y,,,,,,
2018,Telstra,-25.852019,152.59845,Y,,Y,,,,
2018,Telstra,-25.851496,146.432409,Y,,,,,,
2018,Telstra,-25.850695,146.189419,Y,,,,,,
2018,Telstra,-25.848584,146.722601,Y,,,,,,
2018,Telstra,-25.843103,148.567871,,,,,,,Y
2018,Telstra,-25.813603,150.820463,Y,,,,,,
2018,Telstra,-25.810964,149.015478,Y,,Y,,,,
2018,Telstra,-25.801032,146.424041,Y,,,,,,
2018,Telstra,-25.79934,113.71501,Y,,,,,,
2018,Telstra,-25.7975,148.52028,Y,,Y,,,,
2018,Telstra,-25.7955,146.585,Y,,Y,,,,
2018,Telstra,-25.771,114.2931,Y,,,,,,
2018,Telstra,-25.731855,149.059754,Y,,,,,,
2018,Telstra,-25.73077,152.58251,Y,,,,,,
2018,Telstra,-25.7174,150.976,Y,,,,,,
2018,Telstra,-25.708073,146.322015,Y,,,,,,
2018,Telstra,-25.696902,146.858232,Y,,,,,,
2018,Telstra,-25.6954,152.6,Y,,,,,,
2018,Telstra,-25.6913,146.585,Y,,,,,,
2018,Telstra,-25.678532,146.139559,Y,,,,,,
2018,Telstra,-25.67177,152.88301,Y,,Y,,,,
2018,Telstra,-25.667096,152.616713,Y,,,,,,
2018,Telstra,-25.6522,149.807,Y,,Y,,,,
2018,Telstra,-25.63406,152.64006,Y,,Y,,,,
2018,Telstra,-25.63277,152.263571,Y,,,,,,
2018,Telstra,-25.62653,151.61073,Y,,Y,,Y,,
2018,Telstra,-25.61465,148.92462,Y,,,,,,
2018,Telstra,-25.61349,151.89026,Y,,Y,,,,
2018,Telstra,-25.5857,151.292,Y,,Y,,Y,,
2018,Telstra,-25.568837,149.409404,Y,,,,,,
2018,Telstra,-25.5636,151.505,Y,,Y,,,,
2018,Telstra,-25.56129,119.30081,Y,,,,,,
2018,Telstra,-25.5534,148.845,Y,,Y,,,,
2018,Telstra,-25.55299,152.68075,Y,,Y,,Y,,
2018,Telstra,-25.541402,151.072824,Y,,,,,,
2018,Telstra,-25.53772,152.70465,Y,Y,Y,,Y,,
2018,Telstra,-25.52214,152.68949,Y,Y,Y,,Y,,
2018,Telstra,-25.516374,152.663072,Y,,Y,,Y,,
2018,Telstra,-25.5102,152.04538,Y,,Y,,,,
2018,Telstra,-25.505,153.129,Y,,Y,,,,
2018,Telstra,-25.49869,146.54412,Y,,,,,,
2018,Telstra,-25.496557,146.307667,Y,,,,,,
2018,Telstra,-25.45204,148.40761,,Y,,,,,
2018,Telstra,-25.444443,148.597502,Y,,,,,,
2018,Telstra,-25.4437,152.638,Y,,,,,,
2018,Telstra,-25.426947,152.11722,Y,,Y,,,,
2018,Telstra,-25.41982,142.65933,Y,,Y,,,,
2018,Telstra,-25.4038,152.61,Y,,,,,,
2018,Telstra,-25.399088,149.877409,Y,,,,,,
2018,Telstra,-25.39879,152.763855,Y,,Y,,,,
2018,Telstra,-25.3972,152.901,Y,,Y,,Y,,
2018,Telstra,-25.395554,145.910378,Y,,,,,,
2018,Telstra,-25.3947,142.61574,Y,,Y,,,,
2018,Telstra,-25.389639,153.033315,Y,,,,,,
2018,Telstra,-25.3711,149.987,Y,,,,,,
2018,Telstra,-25.360894,151.109905,Y,,Y,,,,
2018,Telstra,-25.35605,131.06738,Y,,,,,,
2018,Telstra,-25.3559,152.598,Y,,,,,,
2018,Telstra,-25.350543,149.662616,Y,,,,,,
2018,Telstra,-25.34383,146.506737,Y,,Y,,,,
2018,Telstra,-25.33698,153.19743,Y,,,,,,
2018,Telstra,-25.331466,149.760857,Y,,,,,,
2018,Telstra,-25.32197,152.535286,Y,,,,,,
2018,Telstra,-25.318234,152.562419,Y,,Y,,,,
2018,Telstra,-25.316845,146.019995,Y,,,,,,
2018,Telstra,-25.313259,152.891087,Y,,Y,,Y,,
2018,Telstra,-25.3111,152.832,Y,Y,Y,,Y,,
2018,Telstra,-25.310937,119.44784,Y,,Y,,,,
2018,Telstra,-25.3096,152.461,Y,,,,,,
2018,Telstra,-25.30074,152.86259,Y,,Y,,Y,,
2018,Telstra,-25.299908,152.823797,Y,,,,Y,,
2018,Telstra,-25.293266,146.492548,Y,,,,,,
2018,Telstra,-25.29114,152.87576,Y,,Y,,Y,,
2018,Telstra,-25.29055,152.74474,Y,,Y,,Y,,
2018,Telstra,-25.29023,152.83549,,,,,Y,,
2018,Telstra,-25.29,152.90389,Y,,Y,,Y,,
2018,Telstra,-25.2883,150.294,Y,,Y,,,,
2018,Telstra,-25.2867,149.283,Y,,,,,,
2018,Telstra,-25.28495,152.8623,Y,Y,Y,,Y,,
2018,Telstra,-25.2841,127.5419,Y,,,,,,
2018,Telstra,-25.2803,152.84,Y,Y,Y,,Y,,
2018,Telstra,-25.27972,152.6725,Y,,Y,,Y,,
2018,Telstra,-25.279122,152.820791,Y,,Y,,Y,,
2018,Telstra,-25.26379,152.81315,Y,,Y,,Y,,
2018,Telstra,-25.262538,151.762632,Y,,,,,,
2018,Telstra,-25.2548,152.364,Y,,,,,,
2018,Telstra,-25.2425,130.98389,Y,,Y,,,,Y
2018,Telstra,-25.24014,113.89924,Y,,,,,,
2018,Telstra,-25.23571,152.27846,Y,,Y,,Y,,
2018,Telstra,-25.226362,149.953213,Y,,,,,,
2018,Telstra,-25.222202,145.930461,Y,,,,,,
2018,Telstra,-25.2149,152.199,Y,,Y,,,,
2018,Telstra,-25.208518,146.483282,Y,,,,,,
2018,Telstra,-25.198302,146.394372,Y,,,,,,
2018,Telstra,-25.196,152.53379,,,Y,,,,
2018,Telstra,-25.19556,133.20139,Y,,,,,,
2018,Telstra,-25.19122,130.97542,Y,,,,,,Y
2018,Telstra,-25.18924,151.62708,Y,,Y,,,,
2018,Telstra,-25.189229,146.346352,Y,,,,,,
2018,Telstra,-25.186465,152.613289,Y,,Y,,Y,,
2018,Telstra,-25.184349,146.131421,Y,,,,,,
2018,Telstra,-25.17496,152.36945,Y,,Y,,,,
2018,Telstra,-25.173611,152.019167,Y,,,,,,
2018,Telstra,-25.162406,146.503927,Y,,,,,,
2018,Telstra,-25.162336,152.221135,Y,,Y,,,,
2018,Telstra,-25.13319,151.12867,Y,,Y,,,,
2018,Telstra,-25.10014,152.55567,Y,,Y,,Y,,
2018,Telstra,-25.0872,149.12,Y,,,,,,
2018,Telstra,-25.086745,150.433166,Y,,,,,,
2018,Telstra,-25.0774,150.417,Y,,Y,,,,
2018,Telstra,-25.069978,152.237582,Y,,,,,,
2018,Telstra,-25.061185,149.926153,Y,,,,,,
2018,Telstra,-25.05367,115.20883,Y,,,,,,
2018,Telstra,-25.0403,128.2871,Y,,,,,,
2018,Telstra,-25.0372,152.222,Y,,,,,,
2018,Telstra,-25.024807,150.828866,Y,,,,,,
2018,Telstra,-25.0089,146.424,Y,,,,,,
2018,Telstra,-25.0074,149.527,Y,,,,,,
2018,Telstra,-24.99556,151.95639,Y,,Y,,Y,,
2018,Telstra,-24.9927,149.777,Y,,,,,,
2018,Telstra,-24.987497,152.209171,Y,,Y,,Y,,
2018,Telstra,-24.97391,152.43008,Y,,,,Y,,
2018,Telstra,-24.96808,151.14346,Y,,Y,,,,
2018,Telstra,-24.966691,153.314079,Y,,,,,,
2018,Telstra,-24.96023,150.06366,Y,,Y,,,,
2018,Telstra,-24.96022,146.130544,Y,,,,,,
2018,Telstra,-24.952366,146.175411,Y,,,,,,
2018,Telstra,-24.93059,152.185479,,,Y,,,,
2018,Telstra,-24.92436,152.27384,Y,,Y,,Y,,
2018,Telstra,-24.9135,151.898,Y,,,,,,
2018,Telstra,-24.911642,151.840631,Y,,,,,,
2018,Telstra,-24.899111,152.477181,Y,,Y,,Y,,
2018,Telstra,-24.89856,152.37521,Y,Y,Y,,Y,,
2018,Telstra,-24.88938,113.67165,Y,,Y,,,,Y
2018,Telstra,-24.887066,152.324735,Y,Y,Y,,Y,,
2018,Telstra,-24.88158,146.25568,Y,,Y,,,,
2018,Telstra,-24.87253,129.079969,Y,,Y,,,,
2018,Telstra,-24.87219,152.30486,Y,,Y,,Y,,
2018,Telstra,-24.87199,152.3496,Y,,,,Y,,
2018,Telstra,-24.87066,152.35374,Y,,Y,,Y,,
2018,Telstra,-24.8658,152.348,Y,Y,Y,,Y,,
2018,Telstra,-24.86333,152.095572,Y,,Y,,,,
2018,Telstra,-24.8633,151.129,Y,,Y,,Y,,
2018,Telstra,-24.8592,151.735,Y,,,,,,
2018,Telstra,-24.8558,152.37058,Y,,Y,,Y,,
2018,Telstra,-24.85097,152.34029,Y,,Y,,Y,,
2018,Telstra,-24.85013,113.7072,Y,,Y,,,,Y
2018,Telstra,-24.84265,144.05815,Y,,Y,,,,
2018,Telstra,-24.842608,152.426419,Y,,Y,,Y,,
2018,Telstra,-24.8303,143.05957,Y,,Y,,,,
2018,Telstra,-24.818692,152.454899,Y,,Y,,Y,,
2018,Telstra,-24.78774,143.10511,Y,,Y,,,,
2018,Telstra,-24.785745,152.39494,Y,,Y,,Y,,
2018,Telstra,-24.7652,146.052,Y,,,,,,
2018,Telstra,-24.76411,152.409907,,,Y,,,,
2018,Telstra,-24.7631,150.325,Y,,,,,,
2018,Telstra,-24.74416409,151.6774987,Y,,Y,,,,
2018,Telstra,-24.713446,152.272425,Y,,Y,,Y,,
2018,Telstra,-24.70924,119.60583,Y,,,,,,
2018,Telstra,-24.696748,150.874414,Y,,,,,,
2018,Telstra,-24.6965,151.9615,Y,,Y,,,,
2018,Telstra,-24.6772,134.07694,Y,,Y,,,,
2018,Telstra,-24.662777,149.464688,Y,,Y,,,,
2018,Telstra,-24.6523,150.98,Y,,,,,,
2018,Telstra,-24.6324,150.06074,Y,,,,,,
2018,Telstra,-24.63006,151.915129,,,Y,,,,
2018,Telstra,-24.603327,145.938896,Y,,,,,,
2018,Telstra,-24.572138,149.971509,Y,,Y,,Y,,
2018,Telstra,-24.56375,113.937181,Y,,,,,,
2018,Telstra,-24.55304643,146.3210251,Y,,,,,,
2018,Telstra,-24.542617,151.843556,Y,,Y,,,,
2018,Telstra,-24.5186,151.612,Y,,,,,,
2018,Telstra,-24.489296,150.087961,Y,,Y,,Y,,
2018,Telstra,-24.48813,150.57754,Y,,Y,,,,
2018,Telstra,-24.48,145.6475,Y,,,,,,
2018,Telstra,-24.4615,148.635,Y,,Y,,,,
2018,Telstra,-24.4486,150.316,Y,,,,,,
2018,Telstra,-24.441135,148.416782,Y,,Y,,,,
2018,Telstra,-24.4399,144.002842,Y,,,,,,
2018,Telstra,-24.423713,145.467,Y,,Y,,,,Y
2018,Telstra,-24.4148,151.557,Y,,,,,,
2018,Telstra,-24.39455,148.42339,Y,,,,,,Y
2018,Telstra,-24.39238,150.53115,Y,Y,Y,,Y,,
2018,Telstra,-24.37631,151.300888,Y,,Y,,,,
2018,Telstra,-24.3584,139.471682,Y,,Y,,,,
2018,Telstra,-24.3522,143.2893,Y,,Y,,,,
2018,Telstra,-24.348897,145.917418,Y,,,,,,
2018,Telstra,-24.3488,150.619,Y,,,,,,
2018,Telstra,-24.332776,143.754445,Y,,,,,,
2018,Telstra,-24.32958,151.56401,Y,,Y,,,,
2018,Telstra,-24.324631,144.181418,Y,,,,,,
2018,Telstra,-24.31222,151.62416,Y,,Y,,,,
2018,Telstra,-24.30805556,150.5916667,Y,,,,,,
2018,Telstra,-24.29338,143.196436,Y,,Y,,,,
2018,Telstra,-24.249701,144.43063,Y,,,,,,
2018,Telstra,-24.24408,151.494931,,,Y,,,,
2018,Telstra,-24.243832,145.598773,Y,,,,,,
2018,Telstra,-24.22274,146.083706,Y,,,,,,
2018,Telstra,-24.220004,143.576942,Y,,,,,,
2018,Telstra,-24.21614,151.89605,Y,,Y,,Y,,
2018,Telstra,-24.198707,150.760102,Y,,,,,,
2018,Telstra,-24.193608,144.061949,Y,,,,,,
2018,Telstra,-24.17858,149.81148,Y,,,,,,
2018,Telstra,-24.16771,151.884276,Y,,Y,,Y,,
2018,Telstra,-24.157781,144.068887,Y,,,,,,
2018,Telstra,-24.1452,150.286815,,,,,Y,,
2018,Telstra,-24.144839,149.505907,Y,,Y,,,,
2018,Telstra,-24.141912,148.150674,Y,,Y,,,,
2018,Telstra,-24.133758,151.456976,Y,,,,,,
2018,Telstra,-24.133137,149.456633,,,,,Y,,
2018,Telstra,-24.13028,134.37611,Y,,Y,,,,
2018,Telstra,-24.114831,148.088042,Y,,Y,,,,
2018,Telstra,-24.10288,150.119404,Y,,Y,,,,
2018,Telstra,-24.09361,151.63372,Y,,,,,,
2018,Telstra,-24.0911,143.74234,Y,,,,,,
2018,Telstra,-24.07083,150.40972,Y,,Y,,,,
2018,Telstra,-24.056474,145.908408,Y,,,,,,
2018,Telstra,-24.043861,145.127226,Y,,,,,,
2018,Telstra,-24.028057,146.295836,Y,,,,,,
2018,Telstra,-23.994687,151.209437,Y,,Y,,Y,,
2018,Telstra,-23.992228,151.252401,Y,,Y,,,,
2018,Telstra,-23.98269,151.29353,Y,,,,,,
2018,Telstra,-23.970839,145.059306,Y,,,,,,
2018,Telstra,-23.960557,144.137779,Y,,,,,,
2018,Telstra,-23.959713,150.804854,Y,,Y,,,,
2018,Telstra,-23.95839,151.372475,Y,,Y,,Y,,
2018,Telstra,-23.94624,151.3472,Y,,Y,,Y,,
2018,Telstra,-23.94213,132.77681,Y,,Y,,,,
2018,Telstra,-23.93862,148.811518,Y,,,,,,
2018,Telstra,-23.93444,151.2425,Y,,Y,,,,
2018,Telstra,-23.92717,151.34166,Y,,Y,,Y,,
2018,Telstra,-23.926107,143.524724,Y,,,,,,
2018,Telstra,-23.92069,151.05274,Y,,Y,,,,
2018,Telstra,-23.917916,151.207728,Y,,Y,,Y,,
2018,Telstra,-23.91199,145.889143,Y,,,,,,
2018,Telstra,-23.90994,150.19934,,,,,Y,,
2018,Telstra,-23.89528,146.274719,Y,,,,,,
2018,Telstra,-23.89316,151.25615,Y,,Y,,Y,,
2018,Telstra,-23.87722,151.20989,Y,Y,Y,,Y,,
2018,Telstra,-23.8749,144.47315,Y,,,,,,
2018,Telstra,-23.869708,151.242054,Y,,,,,,Y
2018,Telstra,-23.86944,151.28662,Y,,Y,,Y,,
2018,Telstra,-23.8683,151.255,Y,Y,Y,,Y,,
2018,Telstra,-23.867223,144.227501,Y,,,,,,
2018,Telstra,-23.85813,151.22699,Y,,,,Y,,
2018,Telstra,-23.85554,148.16584,Y,,Y,,,,
2018,Telstra,-23.85035,151.24905,Y,,Y,,Y,,
2018,Telstra,-23.84766,151.25937,Y,,,,Y,,Y
2018,Telstra,-23.845926,146.170082,Y,,,,,,
2018,Telstra,-23.84082,151.25376,Y,Y,Y,,Y,,
2018,Telstra,-23.835038,145.657049,Y,,,,,,
2018,Telstra,-23.828909,151.153315,Y,,,,,,
2018,Telstra,-23.827867,151.038679,Y,,Y,,,,
2018,Telstra,-23.816106,146.22087,Y,,,,,,
2018,Telstra,-23.81567,114.00856,Y,,,,,,
2018,Telstra,-23.8049,151.126,Y,,Y,,Y,,
2018,Telstra,-23.80028,133.90083,Y,,Y,,,,Y
2018,Telstra,-23.789,144.055,Y,,,,,,
2018,Telstra,-23.786226,148.86202,Y,,Y,,,,
2018,Telstra,-23.784645,146.545918,Y,,,,,,
2018,Telstra,-23.781,145.304,Y,,,,,,
2018,Telstra,-23.779163,144.714996,Y,,,,,,
2018,Telstra,-23.77777778,146.5619444,Y,,,,,,
2018,Telstra,-23.767778,144.766114,Y,,,,,,
2018,Telstra,-23.766345,149.919295,Y,,Y,,,,
2018,Telstra,-23.75342,146.047711,Y,,,,,,
2018,Telstra,-23.742855,146.589011,Y,,,,,,
2018,Telstra,-23.739761,147.537779,Y,,Y,,,,
2018,Telstra,-23.73843,133.86348,Y,,Y,,,,Y
2018,Telstra,-23.7311,146.9932,Y,,Y,,,,
2018,Telstra,-23.72957,150.53533,Y,,,,,,
2018,Telstra,-23.72667205,150.815724,Y,,,,,,
2018,Telstra,-23.723856,148.803662,Y,,,,,,
2018,Telstra,-23.72222,133.85639,Y,Y,Y,,,,
2018,Telstra,-23.720157,149.676572,Y,,,,,,
2018,Telstra,-23.708597,133.874288,Y,Y,Y,Y,Y,,
2018,Telstra,-23.704523,133.853341,Y,,Y,,,,Y
2018,Telstra,-23.700462,133.861844,Y,,Y,,,,Y
2018,Telstra,-23.70018,133.8691,Y,,,,,,
2018,Telstra,-23.69789,133.87979,Y,,,,,,
2018,Telstra,-23.69617,133.88437,Y,Y,Y,,Y,,
2018,Telstra,-23.695297,144.685314,Y,,,,,,
2018,Telstra,-23.69496,133.832879,,,,,,,Y
2018,Telstra,-23.69171,133.87245,Y,,Y,,Y,,
2018,Telstra,-23.690855,150.116222,Y,,,,,,
2018,Telstra,-23.677179,149.481779,Y,,Y,,,,
2018,Telstra,-23.676,145.892,Y,,,,,,
2018,Telstra,-23.67306,133.86972,Y,,Y,,,,Y
2018,Telstra,-23.66792,150.13628,Y,,Y,,,,
2018,Telstra,-23.6503,146.639,Y,,Y,,,,
2018,Telstra,-23.64782,147.28997,Y,,Y,,,,
2018,Telstra,-23.64712,149.33798,,,,,Y,,
2018,Telstra,-23.631833,150.375918,Y,,Y,,Y,,
2018,Telstra,-23.626654,145.131182,Y,,,,,,
2018,Telstra,-23.6248,146.256,Y,,,,,,
2018,Telstra,-23.622633,148.606755,Y,,,,,,
2018,Telstra,-23.60591,150.19775,Y,,Y,,,,
2018,Telstra,-23.6054,148.5442,,,Y,,,,
2018,Telstra,-23.60345,146.12564,Y,,,,,,
2018,Telstra,-23.592593,148.658843,Y,,,,,,
2018,Telstra,-23.57528,148.88222,Y,Y,Y,,Y,,
2018,Telstra,-23.574162,149.032697,Y,,Y,,,,
2018,Telstra,-23.5544,145.287995,Y,,Y,,,,
2018,Telstra,-23.54878172,149.8009953,Y,,,,,,
2018,Telstra,-23.545351,148.173429,Y,Y,Y,,Y,,
2018,Telstra,-23.525772,148.16311,Y,Y,Y,,Y,,
2018,Telstra,-23.516958,150.38342,Y,,Y,,Y,,
2018,Telstra,-23.5102,150.26749,Y,,Y,,,,
2018,Telstra,-23.50895,150.32034,Y,,,,,,
2018,Telstra,-23.502678,148.156265,Y,,Y,,Y,,
2018,Telstra,-23.495684,148.84394,Y,,,,,,
2018,Telstra,-23.490009,146.119063,Y,,,,,,
2018,Telstra,-23.486,144.469,Y,,Y,,,,
2018,Telstra,-23.478482,148.519318,Y,,,,,,
2018,Telstra,-23.474475,148.151121,Y,Y,Y,,Y,,
2018,Telstra,-23.461916,149.83668,Y,,,,,,
2018,Telstra,-23.459411,147.719547,Y,,Y,,,,Y
2018,Telstra,-23.45727,150.454248,Y,Y,Y,,Y,,
2018,Telstra,-23.450032,146.805236,Y,,,,,,
2018,Telstra,-23.44624,146.53686,Y,,,,,,
2018,Telstra,-23.441431,144.250603,Y,,Y,,,,
2018,Telstra,-23.4349,145.257,Y,,,,,,
2018,Telstra,-23.418665,150.444877,Y,,Y,,Y,,
2018,Telstra,-23.41077,150.51453,Y,Y,Y,,Y,,
2018,Telstra,-23.38875,120.183365,Y,,Y,,,,
2018,Telstra,-23.38612,120.1147,Y,,,,,,
2018,Telstra,-23.38583,150.49278,Y,Y,Y,,Y,,
2018,Telstra,-23.37957,120.05304,Y,,Y,,,,
2018,Telstra,-23.37801,150.51254,Y,Y,Y,,Y,,
2018,Telstra,-23.37305,150.54535,Y,,Y,,Y,,
2018,Telstra,-23.37001,148.52389,Y,,,,,,
2018,Telstra,-23.36638,150.539444,Y,,Y,,Y,,
2018,Telstra,-23.36521,119.67925,Y,,,,,,
2018,Telstra,-23.36252,119.726,Y,,Y,,,,Y
2018,Telstra,-23.3617,120.7798,Y,,,,,,
2018,Telstra,-23.35826,150.49565,Y,Y,Y,,Y,,
2018,Telstra,-23.35515,150.52315,Y,Y,Y,,Y,,
2018,Telstra,-23.34809,119.73785,Y,Y,Y,,,,
2018,Telstra,-23.34705,150.50695,Y,,Y,,Y,,
2018,Telstra,-23.34654,150.55056,Y,Y,Y,,Y,,
2018,Telstra,-23.3454,150.52849,Y,,Y,,Y,,
2018,Telstra,-23.34115,120.036731,Y,,,,,,
2018,Telstra,-23.3387,150.578,Y,,Y,,,,
2018,Telstra,-23.33782,119.932,Y,,Y,,,,
2018,Telstra,-23.333532,150.726974,Y,,Y,,,,
2018,Telstra,-23.32813,148.889581,Y,,,,,,
2018,Telstra,-23.325,150.519,Y,Y,Y,,Y,,
2018,Telstra,-23.3207,120.0904,Y,,Y,,,,
2018,Telstra,-23.31242,119.79721,Y,,,,,,
2018,Telstra,-23.307559,146.719222,Y,,,,,,
2018,Telstra,-23.302656,146.507415,Y,,,,,,
2018,Telstra,-23.29841,149.0298,Y,,,,,,
2018,Telstra,-23.2967,149.434,Y,,,,,,
2018,Telstra,-23.29182,150.64666,Y,,Y,,,,
2018,Telstra,-23.2851,150.531,Y,,Y,,Y,,
2018,Telstra,-23.27878683,145.9606325,Y,,,,,,
2018,Telstra,-23.27737,150.808435,Y,,Y,,Y,,
2018,Telstra,-23.27694,144.11333,Y,,Y,,,,
2018,Telstra,-23.276938,144.589972,Y,,,,,,
2018,Telstra,-23.272348,149.016025,Y,,,,,,
2018,Telstra,-23.26496,148.3022,Y,,,,,,
2018,Telstra,-23.24655,150.282123,,,Y,,,,
2018,Telstra,-23.243403,150.816594,Y,,Y,,Y,,
2018,Telstra,-23.240383,146.648444,Y,,,,,,
2018,Telstra,-23.23763,119.5202,Y,,,,,,
2018,Telstra,-23.233294,148.366558,Y,,,,,,
2018,Telstra,-23.2329,117.66544,Y,Y,Y,,,,
2018,Telstra,-23.22728,150.74696,,,Y,,,,
2018,Telstra,-23.209731,148.322682,Y,,,,,,
2018,Telstra,-23.2044,119.50553,Y,,Y,,,,
2018,Telstra,-23.19087,131.92328,Y,,Y,,,,
2018,Telstra,-23.189534,147.067091,Y,,,,,,
2018,Telstra,-23.1839,150.938,Y,,,,,,
2018,Telstra,-23.1824149,150.7919207,Y,,Y,,Y,,
2018,Telstra,-23.174515,146.495985,Y,,,,,,
2018,Telstra,-23.1684,150.7747,Y,,Y,,Y,,
2018,Telstra,-23.16814,150.43777,Y,,Y,,,,
2018,Telstra,-23.15471,119.53308,Y,,Y,,,,
2018,Telstra,-23.15459,118.78011,Y,,,,,,
2018,Telstra,-23.153108,148.394243,Y,,,,Y,,
2018,Telstra,-23.14888,150.751113,Y,,Y,,Y,,
2018,Telstra,-23.1448,113.77173,Y,,Y,,,,
2018,Telstra,-23.144554,150.718691,Y,,,,,,
2018,Telstra,-23.132089,150.737051,,,,,,,Y
2018,Telstra,-23.13046,118.6963,Y,,,,,,
2018,Telstra,-23.1276,150.74582,Y,,Y,,Y,,
2018,Telstra,-23.120555,144.752776,Y,,,,,,
2018,Telstra,-23.11962,148.03961,Y,,Y,,Y,,
2018,Telstra,-23.1178,150.744,Y,,Y,,Y,,
2018,Telstra,-23.1163,114.5252,Y,,Y,,,,
2018,Telstra,-23.08528,148.024753,,,Y,,,,
2018,Telstra,-23.0772,144.51384,Y,,,,,,
2018,Telstra,-23.074827,148.482468,Y,,Y,,,,
2018,Telstra,-23.055526,150.767747,Y,,Y,,,,
2018,Telstra,-23.05293,119.0196,Y,,,,,,
2018,Telstra,-23.041528,148.535595,Y,,,,,,
2018,Telstra,-23.04011,118.83312,Y,,,,,,
2018,Telstra,-23.034369,148.349783,Y,,Y,,Y,,
2018,Telstra,-23.024075,147.611088,Y,,,,,,
2018,Telstra,-22.99572,150.26246,Y,,,,,,
2018,Telstra,-22.97507,119.0877,Y,,,,,,
2018,Telstra,-22.971256,145.244699,Y,,Y,,,,
2018,Telstra,-22.95269,118.83188,Y,,Y,,,,
2018,Telstra,-22.932396,148.562044,Y,,,,,,
2018,Telstra,-22.91487,118.96677,Y,,Y,,,,
2018,Telstra,-22.91333,150.08361,Y,,Y,,,,
2018,Telstra,-22.906578,118.884,Y,,Y,,,,
2018,Telstra,-22.906207,139.910655,Y,,Y,,,,
2018,Telstra,-22.88083,150.626837,Y,,,,,,
2018,Telstra,-22.87913,118.78959,Y,,,,,,
2018,Telstra,-22.84472,147.64027,Y,Y,Y,,,,
2018,Telstra,-22.83186,115.03049,Y,,,,,,
2018,Telstra,-22.82477,150.3398,Y,,Y,,,,
2018,Telstra,-22.81366,149.89005,Y,,Y,,,,
2018,Telstra,-22.81331,148.67862,Y,,,,,,
2018,Telstra,-22.81289,119.274694,Y,,Y,,,,
2018,Telstra,-22.8097,148.70195,Y,Y,Y,,Y,,
2018,Telstra,-22.8009,119.24741,Y,,,,,,
2018,Telstra,-22.798056,150.137501,Y,,,,,,
2018,Telstra,-22.7959,119.159294,Y,,,,,,
2018,Telstra,-22.78379,149.80592,Y,,Y,,,,
2018,Telstra,-22.757905,148.474539,Y,,,,,,
2018,Telstra,-22.7418,119.2527,Y,Y,Y,,,,
2018,Telstra,-22.74034,149.545189,Y,,,,,,
2018,Telstra,-22.738962,150.666055,Y,,,,,,
2018,Telstra,-22.731316,147.613656,Y,,Y,,,,
2018,Telstra,-22.719583,117.76128,Y,,Y,,,,Y
2018,Telstra,-22.71255,119.09591,Y,Y,,,,,
2018,Telstra,-22.69658,118.9958,Y,,,,,,
2018,Telstra,-22.691588,147.5215,Y,,,,,,
2018,Telstra,-22.69151,117.79542,Y,,Y,,,,
2018,Telstra,-22.690231,147.511494,Y,,,,,,
2018,Telstra,-22.688931,147.510391,Y,,,,,,
2018,Telstra,-22.6887,148.02,Y,,,,,,
2018,Telstra,-22.67247,119.16565,Y,,,,,,
2018,Telstra,-22.65583,143.57913,Y,,,,,,
2018,Telstra,-22.654258,149.595422,Y,,Y,,,,
2018,Telstra,-22.651363,144.645917,Y,,Y,,,,
2018,Telstra,-22.635565,149.254832,Y,,Y,,,,
2018,Telstra,-22.62462,114.02619,Y,,Y,,,,
2018,Telstra,-22.5945,144.5477,,,Y,,,,
2018,Telstra,-22.5884,148.347,Y,Y,Y,,Y,,
2018,Telstra,-22.58132,116.241543,Y,,,,,,
2018,Telstra,-22.57932,118.01613,Y,Y,,,,,
2018,Telstra,-22.57097,117.30295,Y,Y,Y,,,,Y
2018,Telstra,-22.50868,119.950524,Y,,,,,,
2018,Telstra,-22.5086,115.5183,Y,,,,,,
2018,Telstra,-22.5047,116.9401,Y,,Y,,,,
2018,Telstra,-22.50138,117.032479,Y,,,,,,
2018,Telstra,-22.50072,120.00174,Y,,Y,,,,Y
2018,Telstra,-22.48843,120.013808,Y,Y,Y,,,,
2018,Telstra,-22.4681,143.295,Y,,,,,,
2018,Telstra,-22.44236,119.92346,Y,,,,,,Y
2018,Telstra,-22.41975,148.28062,Y,,,,,,
2018,Telstra,-22.414022,147.58041,Y,,Y,,,,
2018,Telstra,-22.410424,148.92605,Y,,,,,,
2018,Telstra,-22.407367,117.346513,Y,,Y,,,,
2018,Telstra,-22.3912,143.039,Y,,Y,,,,
2018,Telstra,-22.39059,117.37624,Y,,,,,,
2018,Telstra,-22.3758,118.69002,Y,,,,,,
2018,Telstra,-22.36917,119.64987,Y,,,,,,
2018,Telstra,-22.3585,119.00329,Y,,,,,,
2018,Telstra,-22.34638,149.53705,Y,,,,,,
2018,Telstra,-22.34383,119.68134,Y,Y,Y,,,,Y
2018,Telstra,-22.3274,119.380404,Y,,,,,,
2018,Telstra,-22.32128,119.40273,Y,Y,Y,,,,Y
2018,Telstra,-22.294276,148.717474,Y,,,,,,
2018,Telstra,-22.260732,148.178643,Y,,Y,,Y,,
2018,Telstra,-22.25733,148.18227,Y,,,,,,
2018,Telstra,-22.25156,131.79875,Y,,Y,,,,Y
2018,Telstra,-22.248055,148.828332,Y,,,,,,
2018,Telstra,-22.246793,149.494015,Y,,Y,,,,
2018,Telstra,-22.2219,117.813807,Y,Y,,,,,
2018,Telstra,-22.21393997,147.9724275,Y,,Y,,,,
2018,Telstra,-22.21105,117.82644,Y,Y,,,,,
2018,Telstra,-22.20222,133.42083,Y,,Y,,,,
2018,Telstra,-22.178675,148.047983,Y,,Y,,Y,,
2018,Telstra,-22.15725,117.93167,Y,,,,,,
2018,Telstra,-22.15412,148.05931,Y,,Y,,,,
2018,Telstra,-22.15317,143.08839,Y,,,,,,
2018,Telstra,-22.14283,119.89639,Y,,,,,,
2018,Telstra,-22.13962,150.03852,Y,,Y,,,,
2018,Telstra,-22.115051,142.846258,Y,,,,,,
2018,Telstra,-22.1096,114.01284,Y,,,,,,
2018,Telstra,-22.10861,149.519617,Y,,,,,,
2018,Telstra,-22.086785,134.7758417,Y,,Y,,,,
2018,Telstra,-22.05872781,148.9833933,Y,,,,,,
2018,Telstra,-22.04364,148.25278,Y,,,,,,
2018,Telstra,-22.0056,148.558,Y,,,,,,
2018,Telstra,-22.0027,148.043,Y,Y,Y,,Y,,
2018,Telstra,-21.998893,148.068975,Y,,,,Y,,
2018,Telstra,-21.990785,119.014545,Y,,Y,,,,
2018,Telstra,-21.9865,148.02205,Y,Y,Y,,,,
2018,Telstra,-21.96607,142.650901,Y,,Y,,,,
2018,Telstra,-21.9625,115.65123,Y,,,,,,
2018,Telstra,-21.92947,114.12349,Y,,Y,,,,Y
2018,Telstra,-21.9264,149.41,Y,,,,,,
2018,Telstra,-21.92555,148.31861,Y,,Y,,,,
2018,Telstra,-21.90415,148.37037,Y,Y,,,Y,,
2018,Telstra,-21.89066,114.0473,Y,,Y,,,,
2018,Telstra,-21.886,147.96473,Y,,,,,,
2018,Telstra,-21.8849,120.10838,Y,,Y,,,,
2018,Telstra,-21.8833,115.1839,Y,,,,,,
2018,Telstra,-21.882337,139.972622,Y,,Y,,,,Y
2018,Telstra,-21.86222,140.91767,Y,,,,,,
2018,Telstra,-21.83297,140.90057,Y,,,,,,
2018,Telstra,-21.828322,147.76877,Y,,,,,,
2018,Telstra,-21.81119,147.97561,Y,,,,,,
2018,Telstra,-21.8024,147.547,Y,,,,,,
2018,Telstra,-21.8024,148.921765,Y,,Y,,,,
2018,Telstra,-21.797216,147.755419,Y,,,,,,
2018,Telstra,-21.79233,146.97111,Y,,Y,,,,
2018,Telstra,-21.78443,148.74425,Y,,,,,,
2018,Telstra,-21.78423,148.47412,Y,,,,,,
2018,Telstra,-21.78029,115.0362,Y,,Y,,,,Y
2018,Telstra,-21.77783,115.04064,Y,Y,Y,,,,Y
2018,Telstra,-21.7668,139.916,Y,,,,,,
2018,Telstra,-21.76293,147.95322,Y,,Y,,,,Y
2018,Telstra,-21.756264,148.785656,Y,,,,,,
2018,Telstra,-21.74361,116.25444,Y,,,,,,
2018,Telstra,-21.7279,122.19643,Y,,Y,,,,
2018,Telstra,-21.69336,122.22598,Y,,Y,,,,
2018,Telstra,-21.6924,139.515,Y,,,,,,
2018,Telstra,-21.68853,148.68818,,,Y,,,,
2018,Telstra,-21.666517,121.597178,Y,,,,,,
2018,Telstra,-21.66575,115.91351,Y,,,,,,
2018,Telstra,-21.66305,147.9517,Y,,Y,,,,
2018,Telstra,-21.66103,116.31981,Y,,Y,,,,
2018,Telstra,-21.66084,115.88171,Y,,,,,,
2018,Telstra,-21.654547,135.226058,Y,,Y,,,,
2018,Telstra,-21.6532,121.56029,Y,,,,,,
2018,Telstra,-21.6425,149.25778,Y,,Y,,,,
2018,Telstra,-21.63632,115.11179,Y,,Y,,,,Y
2018,Telstra,-21.63571,147.471371,Y,,,,,,
2018,Telstra,-21.63366,148.70646,Y,,Y,,Y,,
2018,Telstra,-21.61,148.18389,Y,,,,Y,,
2018,Telstra,-21.60769,149.049701,Y,,Y,,,,
2018,Telstra,-21.605833,148.378057,Y,,,,,,
2018,Telstra,-21.56446,119.271281,Y,,,,,,
2018,Telstra,-21.561236,148.452549,Y,,,,,,
2018,Telstra,-21.531213,133.889953,Y,,,,,,
2018,Telstra,-21.529923,148.247881,Y,,,,,,
2018,Telstra,-21.50301,148.35039,Y,,,,,,
2018,Telstra,-21.478187,147.678945,Y,,,,,,
2018,Telstra,-21.46929,146.72619,Y,,Y,,,,
2018,Telstra,-21.452222,149.213052,Y,,Y,,Y,,
2018,Telstra,-21.449469,147.934925,Y,,,,,,
2018,Telstra,-21.438804,116.027882,Y,,,,,,
2018,Telstra,-21.42204,149.21652,Y,,Y,,Y,,
2018,Telstra,-21.404372,146.522139,Y,,,,,,
2018,Telstra,-21.392426,147.351905,Y,,,,,,
2018,Telstra,-21.36167,148.1175,Y,,Y,,Y,,
2018,Telstra,-21.35725,149.29763,Y,,Y,,,,
2018,Telstra,-21.35218,148.35587,Y,,,,,,
2018,Telstra,-21.34274,148.9394,Y,,Y,,,,
2018,Telstra,-21.29432,116.13678,Y,,Y,,,,
2018,Telstra,-21.294269,149.286278,Y,,Y,,Y,,
2018,Telstra,-21.28727,149.27669,Y,,,,,,
2018,Telstra,-21.285448,146.220821,Y,,,,,,
2018,Telstra,-21.27108,141.290072,Y,,Y,,,,
2018,Telstra,-21.26217,149.02442,Y,,Y,,,,
2018,Telstra,-21.25784,119.03388,Y,,,,,,
2018,Telstra,-21.2094,147.88,Y,,Y,,,,
2018,Telstra,-21.1965,140.385,Y,,,,,,
2018,Telstra,-21.19139,149.15732,Y,,Y,,Y,,
2018,Telstra,-21.17944,118.684861,Y,,Y,,,,Y
2018,Telstra,-21.176117,149.165005,Y,Y,Y,,Y,,
2018,Telstra,-21.17309,119.75078,Y,,Y,,,,
2018,Telstra,-21.160094,149.187086,Y,,Y,,Y,,
2018,Telstra,-21.159644,148.860081,Y,,,,,,
2018,Telstra,-21.15853,148.86471,,,Y,,Y,,
2018,Telstra,-21.15687,149.0472,Y,,Y,,Y,,
2018,Telstra,-21.1553,146.411,Y,,Y,,,,
2018,Telstra,-21.15426,149.1652,Y,Y,Y,,Y,,
2018,Telstra,-21.14785,148.951215,Y,,Y,,Y,,
2018,Telstra,-21.146945,148.37873,Y,,,,,,
2018,Telstra,-21.14598,149.15555,Y,,Y,,Y,,
2018,Telstra,-21.1429,149.177,Y,Y,Y,,Y,,
2018,Telstra,-21.14189,148.63275,,,,,,,Y
2018,Telstra,-21.139323,149.186523,Y,Y,Y,,Y,,
2018,Telstra,-21.12981,148.49423,Y,,,,,,
2018,Telstra,-21.12403,149.09659,Y,,Y,,Y,,
2018,Telstra,-21.123042,149.156041,Y,,,,Y,,
2018,Telstra,-21.11998,119.10959,Y,,,,,,
2018,Telstra,-21.117261,149.21557,Y,,,,,,
2018,Telstra,-21.11651,149.17017,Y,Y,Y,,Y,,
2018,Telstra,-21.09311396,148.9605027,Y,,Y,,,,
2018,Telstra,-21.090348,146.159797,Y,,,,,,
2018,Telstra,-21.08961,149.1796,Y,Y,Y,,Y,,
2018,Telstra,-21.087203,149.157149,Y,,Y,,Y,,
2018,Telstra,-21.08536,149.21261,Y,,Y,,Y,,
2018,Telstra,-21.0836,146.753,Y,,,,,,
2018,Telstra,-21.08171,116.26408,Y,,Y,,,,
2018,Telstra,-21.07026,116.16361,Y,,Y,,,,
2018,Telstra,-21.06903,149.012496,,,Y,,,,
2018,Telstra,-21.064198,149.095496,Y,Y,Y,,,,
2018,Telstra,-21.05525,149.173889,Y,,Y,,Y,,
2018,Telstra,-21.05464,118.9052,Y,,Y,,,,
2018,Telstra,-21.05184,116.14451,Y,,,,,,
2018,Telstra,-21.044093,140.821017,Y,,,,,,
2018,Telstra,-21.035251,149.159113,Y,,Y,,Y,,
2018,Telstra,-21.03167,148.94362,Y,,Y,,,,
2018,Telstra,-21.02491,118.902751,,Y,,,,,
2018,Telstra,-21.0025,134.40694,Y,,Y,,,,
2018,Telstra,-20.9913,141.012,Y,,,,,,
2018,Telstra,-20.947832,146.336335,Y,,,,,,
2018,Telstra,-20.93387,117.52144,Y,,,,,,
2018,Telstra,-20.9161,148.966,Y,,Y,,Y,,
2018,Telstra,-20.89869,148.77782,Y,,Y,,,,
2018,Telstra,-20.897157,147.202327,Y,,,,,,
2018,Telstra,-20.89707,144.59253,Y,,Y,,,,
2018,Telstra,-20.88362,120.09235,Y,,,,,,
2018,Telstra,-20.86069,143.48865,Y,,,,,,
2018,Telstra,-20.85513,116.21165,Y,,Y,,,,
2018,Telstra,-20.851111,144.194809,Y,,Y,,,,Y
2018,Telstra,-20.84098,117.83649,Y,,,,,,
2018,Telstra,-20.82642,115.44525,Y,,,,,,
2018,Telstra,-20.81788,115.43841,Y,Y,Y,,,,Y
2018,Telstra,-20.81683,144.43892,Y,,,,,,
2018,Telstra,-20.806,149.28308,Y,,,,,,
2018,Telstra,-20.77875,142.827273,Y,,Y,,,,
2018,Telstra,-20.7735,140.028,Y,,,,,,
2018,Telstra,-20.77305,148.642417,Y,,,,,,
2018,Telstra,-20.772,117.14189,Y,,Y,,,,
2018,Telstra,-20.77117,116.86467,Y,,,,,,
2018,Telstra,-20.76855,145.01976,Y,,Y,,,,
2018,Telstra,-20.7659,146.331,Y,,,,,,
2018,Telstra,-20.7499,143.157,Y,,Y,,,,
2018,Telstra,-20.7497,141.357,Y,,,,,,
2018,Telstra,-20.74906,116.83186,Y,Y,Y,,,,Y
2018,Telstra,-20.74834,116.78942,Y,Y,Y,,,,
2018,Telstra,-20.74694,116.76604,Y,,Y,,,,Y
2018,Telstra,-20.73805,116.81764,Y,Y,Y,,Y,,
2018,Telstra,-20.73513,116.84258,Y,Y,Y,,Y,,
2018,Telstra,-20.73453,139.51256,Y,,Y,,,,Y
2018,Telstra,-20.728608,139.491941,Y,Y,Y,Y,Y,,
2018,Telstra,-20.72731,116.86527,Y,Y,Y,,Y,,
2018,Telstra,-20.72712,145.18158,Y,,Y,,,,
2018,Telstra,-20.722677,140.539187,Y,,Y,,,,
2018,Telstra,-20.7078,139.517,Y,Y,Y,,,,Y
2018,Telstra,-20.70638,116.76877,Y,,Y,,,,Y
2018,Telstra,-20.70525,117.12293,Y,,Y,,,,
2018,Telstra,-20.70518,140.50577,Y,,Y,,,,Y
2018,Telstra,-20.70479,148.59689,Y,,,,,,
2018,Telstra,-20.694352,139.488232,Y,,Y,,,,Y
2018,Telstra,-20.69331,118.34957,Y,,,,,,
2018,Telstra,-20.6807,142.46,Y,,,,,,
2018,Telstra,-20.67408,117.1421,Y,,Y,,,,
2018,Telstra,-20.66931,116.7413,Y,,Y,,,,Y
2018,Telstra,-20.66209,116.71202,Y,,Y,,,,
2018,Telstra,-20.6547,116.679857,Y,,Y,,,,
2018,Telstra,-20.65237,141.73946,Y,,Y,,,,
2018,Telstra,-20.64434,148.71215,Y,,Y,,Y,,
2018,Telstra,-20.635,141.006,Y,,,,,,
2018,Telstra,-20.63265,117.15275,Y,Y,Y,,,,Y
2018,Telstra,-20.62504333,116.75676,,,,,,,Y
2018,Telstra,-20.615568,146.052269,Y,,,,,,
2018,Telstra,-20.612218,148.632504,Y,,,,,,
2018,Telstra,-20.60096,117.17185,Y,,Y,,,,
2018,Telstra,-20.59807,120.28662,Y,,,,,,
2018,Telstra,-20.58034416,116.8088118,Y,Y,Y,,,,
2018,Telstra,-20.55469,146.112188,Y,,,,,,
2018,Telstra,-20.55027,130.33319,Y,,,,,,Y
2018,Telstra,-20.54443,130.31722,Y,,,,,,
2018,Telstra,-20.54313,118.657,Y,,,,,,
2018,Telstra,-20.538766,146.444467,Y,,Y,,,,
2018,Telstra,-20.53334,129.93694,Y,,Y,,,,
2018,Telstra,-20.5241,147.838,Y,Y,Y,,Y,,
2018,Telstra,-20.52371,145.399069,,,Y,,,,
2018,Telstra,-20.51017,118.58851,Y,Y,Y,,,,
2018,Telstra,-20.50549,118.62913,Y,,,,,,
2018,Telstra,-20.48926,148.55194,Y,,Y,,,,
2018,Telstra,-20.4855,145.409,Y,,,,,,
2018,Telstra,-20.474335,140.582784,Y,,,,,,
2018,Telstra,-20.4499,139.412,Y,,,,,,
2018,Telstra,-20.43391,146.01073,Y,,,,,,
2018,Telstra,-20.41417,118.60417,Y,,,,,,
2018,Telstra,-20.41038,120.01152,Y,,,,,,
2018,Telstra,-20.40795,118.59556,Y,Y,Y,,Y,,Y
2018,Telstra,-20.40105,118.61163,Y,,Y,,,,Y
2018,Telstra,-20.40102,148.58076,Y,,Y,,Y,,
2018,Telstra,-20.398315,146.063906,Y,,,,,,
2018,Telstra,-20.3929,145.67057,Y,,,,,,
2018,Telstra,-20.3853965,146.3233354,Y,,,,,,
2018,Telstra,-20.38043,118.63893,Y,Y,Y,,,,
2018,Telstra,-20.38026,118.59106,Y,Y,Y,,,,Y
2018,Telstra,-20.3752,148.612,Y,,Y,,,,
2018,Telstra,-20.36866,118.58991,Y,,Y,,,,Y
2018,Telstra,-20.3652,148.57,Y,,,,,,
2018,Telstra,-20.360582,119.019634,Y,,,,,,
2018,Telstra,-20.36022,145.656715,,,Y,,,,
2018,Telstra,-20.35821,148.947697,Y,,Y,,,,
2018,Telstra,-20.34761,148.95391,Y,,,,,,
2018,Telstra,-20.34201,148.951796,Y,,Y,,Y,,
2018,Telstra,-20.339684,148.953351,Y,,,,,,
2018,Telstra,-20.33861,139.084718,Y,,Y,,,,
2018,Telstra,-20.31256,118.577063,Y,,Y,,,,Y
2018,Telstra,-20.30931,118.58758,Y,Y,Y,,Y,,Y
2018,Telstra,-20.30516,118.62185,Y,Y,,,,,
2018,Telstra,-20.30098,118.63198,Y,,Y,,,,
2018,Telstra,-20.29629,118.564971,Y,,,,,,
2018,Telstra,-20.29133,148.53644,Y,,Y,,,,
2018,Telstra,-20.289878,148.67339,,,,,,,Y
2018,Telstra,-20.284,148.783,Y,,Y,,,,
2018,Telstra,-20.28194,148.68322,Y,,Y,,Y,,
2018,Telstra,-20.27937,148.744162,Y,,Y,,Y,,
2018,Telstra,-20.278608,148.709718,Y,Y,Y,,Y,,
2018,Telstra,-20.276121,148.728934,Y,,Y,,Y,,
2018,Telstra,-20.267748,146.016634,Y,,,,,,
2018,Telstra,-20.26753,148.00492,Y,,Y,,,,
2018,Telstra,-20.26744,147.57715,Y,,Y,,,,
2018,Telstra,-20.259285,145.802245,Y,,,,,,
2018,Telstra,-20.25229,148.81384,Y,,,,,,
2018,Telstra,-20.24588,147.30349,Y,,Y,,,,
2018,Telstra,-20.23146,140.14114,Y,,Y,,,,
2018,Telstra,-20.1647,119.6729,Y,,,,,,
2018,Telstra,-20.15417,148.29611,Y,,,,,,
2018,Telstra,-20.148278,127.987312,Y,,,,,,
2018,Telstra,-20.1016,138.860713,Y,,,,,,
2018,Telstra,-20.09965,148.49189,Y,,Y,,,,
2018,Telstra,-20.09222,146.24889,Y,Y,Y,,Y,,
2018,Telstra,-20.07556,146.25838,Y,,Y,,Y,,
2018,Telstra,-20.05621,148.88963,Y,,,,,,
2018,Telstra,-20.0449,147.278,Y,,Y,,,,
2018,Telstra,-20.04456,146.83139,Y,,Y,,,,
2018,Telstra,-20.01744,148.191321,,,Y,,,,
2018,Telstra,-20.0122,148.24694,Y,,Y,,Y,,
2018,Telstra,-19.99389,148.10417,Y,,,,,,
2018,Telstra,-19.98312631,148.2283183,Y,,Y,,Y,,
2018,Telstra,-19.96465,120.34448,Y,,,,,,
2018,Telstra,-19.9458,147.897,Y,,Y,,,,
2018,Telstra,-19.9207,138.176,Y,,Y,,,,
2018,Telstra,-19.9059,139.1077,Y,,,,,,
2018,Telstra,-19.877866,147.685392,Y,,Y,,,,
2018,Telstra,-19.861573,147.213662,Y,,Y,,,,
2018,Telstra,-19.8475,146.57722,Y,,,,,,
2018,Telstra,-19.83488,120.69337,Y,,,,,,
2018,Telstra,-19.775,121.12,Y,,,,,,
2018,Telstra,-19.77258,139.06368,Y,,,,,,
2018,Telstra,-19.75035,147.490286,,,Y,,,,
2018,Telstra,-19.7431,147.499,Y,,,,,,
2018,Telstra,-19.74239,146.85501,Y,,,,,,
2018,Telstra,-19.71028,135.82667,Y,,,,,,
2018,Telstra,-19.666816,147.415211,Y,,Y,,Y,,
2018,Telstra,-19.6619,147.313,Y,,,,,,
2018,Telstra,-19.65103,134.18377,Y,,Y,,,,Y
2018,Telstra,-19.63417,134.22361,Y,,,,,,
2018,Telstra,-19.618764,147.382767,Y,,,,,,
2018,Telstra,-19.59551,146.838981,,,Y,,,,
2018,Telstra,-19.576186,147.404304,Y,Y,Y,,Y,,
2018,Telstra,-19.56145,147.23819,Y,,,,,,
2018,Telstra,-19.55484,147.357584,,,Y,,,,
2018,Telstra,-19.54511,147.03304,Y,,,,,,
2018,Telstra,-19.4545,146.40488,Y,,,,,,
2018,Telstra,-19.42435,146.83072,Y,,Y,,Y,,
2018,Telstra,-19.41412,146.941499,Y,,Y,,Y,,
2018,Telstra,-19.40159,147.01824,Y,,,,,,
2018,Telstra,-19.39855,146.71331,Y,,Y,,Y,,
2018,Telstra,-19.39279,147.108319,,,Y,,,,
2018,Telstra,-19.3744,146.731,Y,Y,Y,,Y,,
2018,Telstra,-19.35976,146.83552,Y,,Y,,Y,,
2018,Telstra,-19.349591,146.892315,Y,,Y,,Y,,
2018,Telstra,-19.34341,146.78068,Y,,Y,,,,
2018,Telstra,-19.3365,146.73332,Y,,Y,,Y,,
2018,Telstra,-19.33234,145.60028,Y,,Y,,,,
2018,Telstra,-19.330482,146.891329,Y,,,,,,
2018,Telstra,-19.32647,146.82796,Y,Y,Y,,Y,,
2018,Telstra,-19.32547,146.79411,Y,,Y,,Y,,
2018,Telstra,-19.322333,146.612677,Y,,Y,,Y,,
2018,Telstra,-19.320725,146.762375,Y,Y,Y,,Y,,
2018,Telstra,-19.320023,146.717999,Y,Y,Y,,Y,,
2018,Telstra,-19.316455,146.69548,Y,Y,,,Y,,
2018,Telstra,-19.31473,146.72649,Y,,,,,,
2018,Telstra,-19.30416,146.732597,Y,Y,Y,,Y,,
2018,Telstra,-19.304043,146.779564,Y,,Y,,Y,,
2018,Telstra,-19.29971,146.7623,Y,,,,Y,,
2018,Telstra,-19.29837,146.763928,Y,,,,Y,,
2018,Telstra,-19.29758,146.76695,Y,,Y,,Y,,
2018,Telstra,-19.29646,146.80739,Y,Y,Y,,Y,,
2018,Telstra,-19.29256,146.71127,Y,,Y,,Y,,
2018,Telstra,-19.28741,146.742317,Y,Y,Y,,Y,,
2018,Telstra,-19.283739,146.778582,Y,Y,Y,,Y,,
2018,Telstra,-19.282177,146.697722,Y,,,,,,
2018,Telstra,-19.28022,146.8252,Y,Y,Y,,Y,,
2018,Telstra,-19.27271,146.80148,Y,Y,Y,,Y,,Y
2018,Telstra,-19.27196,146.789938,Y,,,,Y,,
2018,Telstra,-19.271781,146.808352,Y,,Y,,Y,,Y
2018,Telstra,-19.27162,146.81393,Y,,Y,,Y,,Y
2018,Telstra,-19.271323,146.754541,Y,Y,Y,,Y,,
2018,Telstra,-19.26884,147.0496,Y,,,,,,
2018,Telstra,-19.267,146.776,Y,,Y,,Y,,Y
2018,Telstra,-19.26244,146.731967,Y,,,,,,
2018,Telstra,-19.259252,146.813772,Y,,,,,,
2018,Telstra,-19.25847,146.81356,Y,,,,,,
2018,Telstra,-19.25809,146.81719,,,,,Y,,
2018,Telstra,-19.25809,146.81719,Y,Y,Y,,Y,,Y
2018,Telstra,-19.25782,146.7115,Y,,Y,,Y,,
2018,Telstra,-19.254977,146.621442,Y,,Y,,Y,,
2018,Telstra,-19.25128,146.68461,Y,Y,Y,,Y,,
2018,Telstra,-19.25114,146.82634,,,,,Y,,
2018,Telstra,-19.25072,146.82603,Y,Y,Y,,Y,,Y
2018,Telstra,-19.24972,146.79969,Y,Y,Y,,Y,,Y
2018,Telstra,-19.2262,121.5882,Y,,,,,,
2018,Telstra,-19.20555,146.771899,,,,,,,Y
2018,Telstra,-19.205058,146.669028,Y,Y,Y,,Y,,
2018,Telstra,-19.20477,146.50403,Y,,Y,,Y,,
2018,Telstra,-19.19694,146.5975,Y,,Y,,Y,,
2018,Telstra,-19.17653,146.83408,Y,,,,,,
2018,Telstra,-19.15702,146.84528,Y,,Y,,,,
2018,Telstra,-19.149243,146.867203,Y,,,,,,
2018,Telstra,-19.125458,146.864962,Y,,Y,,,,
2018,Telstra,-19.01144,146.35731,Y,,Y,,,,
2018,Telstra,-18.9991,144.98033,Y,,Y,,,,
2018,Telstra,-18.90268922,146.2252558,Y,,Y,,,,
2018,Telstra,-18.81125,145.824851,Y,,Y,,,,
2018,Telstra,-18.776,126.5091,Y,,,,,,
2018,Telstra,-18.7497,146.115,Y,,Y,,,,
2018,Telstra,-18.7376,146.577,Y,,Y,,Y,,
2018,Telstra,-18.7307,138.66875,Y,,,,,,
2018,Telstra,-18.73052,138.61706,Y,,,,,,
2018,Telstra,-18.721791,146.58741,Y,,,,,,
2018,Telstra,-18.710034,146.297231,Y,,,,,,
2018,Telstra,-18.70921,146.296731,,,Y,,,,
2018,Telstra,-18.7046,125.9407,Y,,,,,,
2018,Telstra,-18.702951,138.486535,Y,,,,,,
2018,Telstra,-18.6981,126.8663,Y,,,,,,
2018,Telstra,-18.68615,139.32554,Y,,Y,,,,
2018,Telstra,-18.6843,121.78023,Y,,,,,,
2018,Telstra,-18.651,146.155,Y,,Y,,Y,,
2018,Telstra,-18.6233,146.326,Y,,,,,,
2018,Telstra,-18.603059,144.827227,Y,,,,,,
2018,Telstra,-18.580487,143.591423,Y,,Y,,,,
2018,Telstra,-18.57947,127.219364,Y,,,,,,
2018,Telstra,-18.5778,146.286,Y,,Y,,Y,,
2018,Telstra,-18.54788,146.21586,Y,,Y,,,,
2018,Telstra,-18.5307,146.333,Y,,Y,,Y,,
2018,Telstra,-18.480119,145.899701,Y,,,,,,
2018,Telstra,-18.4754,145.88655,Y,,Y,,,,
2018,Telstra,-18.474926,145.974211,Y,,Y,,,,
2018,Telstra,-18.445553,145.311941,Y,,,,,,
2018,Telstra,-18.40167,127.466769,Y,,,,,,
2018,Telstra,-18.36426,122.17089,Y,,,,,,
2018,Telstra,-18.33139,130.63417,Y,,Y,,,,Y
2018,Telstra,-18.3292,144.755,Y,,Y,,,,
2018,Telstra,-18.31006,146.0503,Y,,Y,,,,
2018,Telstra,-18.304595,143.542386,Y,,Y,,,,
2018,Telstra,-18.253334,145.127777,Y,,,,,,
2018,Telstra,-18.24833,145.99166,Y,,,,,,
2018,Telstra,-18.243715,144.985669,Y,,,,,,
2018,Telstra,-18.2261,127.66386,Y,,Y,,,,
2018,Telstra,-18.20946,145.941062,,,Y,,,,
2018,Telstra,-18.20364,142.24574,Y,,,,,,
2018,Telstra,-18.18962,125.56559,Y,Y,Y,,,,Y
2018,Telstra,-18.186389,145.118615,Y,,,,,,
2018,Telstra,-18.1415,145.493,Y,,,,,,
2018,Telstra,-18.124751,144.353128,Y,,,,,,
2018,Telstra,-18.087364,145.851716,,,,,Y,,
2018,Telstra,-18.08125,127.79531,Y,,,,,,
2018,Telstra,-18.05886,145.9009,Y,,Y,,,,
2018,Telstra,-18.0235,144.871,Y,,,,,,
2018,Telstra,-18.006505,146.059186,Y,,Y,,Y,,
2018,Telstra,-17.99319,122.20302,Y,Y,Y,,,,
2018,Telstra,-17.99016,124.19171,Y,,Y,,,,
2018,Telstra,-17.96634,122.2195,Y,,Y,,,,Y
2018,Telstra,-17.9584,122.24016,Y,Y,Y,,Y,,
2018,Telstra,-17.9542,124.8985,Y,,,,,,
2018,Telstra,-17.953408,122.224048,Y,Y,Y,,,,Y
2018,Telstra,-17.9453,138.866,Y,,Y,,,,Y
2018,Telstra,-17.93524,146.14466,Y,,,,,,
2018,Telstra,-17.9295,145.923,Y,,Y,,Y,,
2018,Telstra,-17.92504,122.21849,Y,Y,Y,,,,Y
2018,Telstra,-17.92244,146.093231,Y,,Y,,,,
2018,Telstra,-17.920276,145.001107,Y,,,,,,
2018,Telstra,-17.88863,145.81108,Y,,,,,,
2018,Telstra,-17.885277,145.223885,Y,,,,,,
2018,Telstra,-17.87433,146.0966,Y,,Y,,Y,,
2018,Telstra,-17.868847,146.007324,Y,,,,,,
2018,Telstra,-17.86041,122.44656,Y,,,,,,
2018,Telstra,-17.83379,145.98701,Y,,,,,,
2018,Telstra,-17.82569,146.099217,Y,,Y,,Y,,
2018,Telstra,-17.80851,146.002167,,,Y,,,,
2018,Telstra,-17.779431,146.103541,Y,,Y,,,,
2018,Telstra,-17.7308,139.547,Y,,Y,,,,
2018,Telstra,-17.728901,145.991839,Y,,Y,,Y,,
2018,Telstra,-17.69901,146.0565,Y,,,,,,
2018,Telstra,-17.6887,123.6856,Y,,,,,,
2018,Telstra,-17.685505,123.040057,Y,,,,,,
2018,Telstra,-17.68532,145.120411,Y,,Y,,,,
2018,Telstra,-17.68466,127.8234,Y,,,,,,
2018,Telstra,-17.66897,141.0791,Y,,Y,,,,Y
2018,Telstra,-17.66568,145.24168,,,,,Y,,
2018,Telstra,-17.66192,145.95262,Y,,Y,,,,
2018,Telstra,-17.60993,145.46761,Y,,Y,,Y,,
2018,Telstra,-17.59941,123.825,Y,,Y,,,,
2018,Telstra,-17.598626,145.995336,,,,,,,Y
2018,Telstra,-17.584213,146.043894,,,,,,,Y
2018,Telstra,-17.563763,145.951437,Y,,Y,,Y,,
2018,Telstra,-17.55626,146.035899,Y,,Y,,Y,,
2018,Telstra,-17.555,133.54444,Y,,Y,,,,
2018,Telstra,-17.52856,146.03434,Y,Y,Y,,Y,,
2018,Telstra,-17.51716,146.00336,Y,,Y,,Y,,
2018,Telstra,-17.51151,145.61151,Y,,Y,,,,
2018,Telstra,-17.48646,140.83867,Y,,Y,,,,
2018,Telstra,-17.45638,145.4874,Y,,Y,,,,
2018,Telstra,-17.44192,130.82986,Y,,Y,,,,Y
2018,Telstra,-17.38278,146.00333,Y,,Y,,Y,,
2018,Telstra,-17.37693,145.37993,Y,,Y,,,,
2018,Telstra,-17.370545,133.409182,Y,,,,,,
2018,Telstra,-17.361865,145.597781,Y,,,,,,
2018,Telstra,-17.355307,145.685533,Y,,Y,,,,
2018,Telstra,-17.35221,146.0212,,,,,,,Y
2018,Telstra,-17.34836,128.06594,Y,,,,,,
2018,Telstra,-17.34384,145.921823,,,Y,,,,
2018,Telstra,-17.31305,123.65558,Y,Y,Y,,,,Y
2018,Telstra,-17.27447,145.5889,Y,,Y,,,,
2018,Telstra,-17.2681,145.494,Y,Y,Y,,Y,,
2018,Telstra,-17.24435,145.93149,Y,,Y,,,,
2018,Telstra,-17.18961,128.126102,Y,,,,,,
2018,Telstra,-17.15942,144.54138,Y,,Y,,,,
2018,Telstra,-17.1475,145.111,Y,,Y,,Y,,
2018,Telstra,-17.12389,145.42528,Y,,Y,,Y,,
2018,Telstra,-17.093534,145.786873,Y,,Y,,Y,,
2018,Telstra,-17.06557,133.412,Y,,,,,,
2018,Telstra,-17.040584,145.808833,Y,,Y,,Y,,
2018,Telstra,-17.03581,145.73292,Y,,Y,,Y,,
2018,Telstra,-17.02735,128.21186,Y,,Y,,,,
2018,Telstra,-17.010233,145.32245,Y,,Y,,,,
2018,Telstra,-17.00172,145.72486,Y,Y,Y,,Y,,
2018,Telstra,-16.99291,145.42197,Y,Y,Y,,Y,,Y
2018,Telstra,-16.98623,122.66357,Y,,Y,,,,
2018,Telstra,-16.97655,145.75627,Y,Y,Y,,Y,,
2018,Telstra,-16.9614,145.75189,Y,,Y,,Y,,
2018,Telstra,-16.96129,145.73958,Y,,,,,,Y
2018,Telstra,-16.960556,145.724722,Y,,Y,,Y,,
2018,Telstra,-16.950606,145.694447,Y,,Y,,Y,,
2018,Telstra,-16.943414,145.740307,,,,,,,Y
2018,Telstra,-16.943028,145.740715,Y,,Y,,Y,,
2018,Telstra,-16.9382,145.764,Y,Y,Y,,Y,,
2018,Telstra,-16.92588,145.73912,Y,Y,Y,,Y,,
2018,Telstra,-16.924071,145.778724,Y,Y,Y,,Y,,Y
2018,Telstra,-16.92402,145.75879,Y,Y,Y,,Y,,
2018,Telstra,-16.924,145.773,Y,Y,Y,,Y,,Y
2018,Telstra,-16.916231,145.723789,Y,,Y,,Y,,
2018,Telstra,-16.9152,145.7444,Y,,Y,,Y,,
2018,Telstra,-16.91224,145.76825,Y,,,,Y,,
2018,Telstra,-16.909641,145.765728,Y,Y,Y,,Y,,
2018,Telstra,-16.90838,145.870976,Y,,Y,,Y,,
2018,Telstra,-16.905,128.2804,Y,,,,,,
2018,Telstra,-16.8992,145.743,Y,Y,Y,,Y,,
2018,Telstra,-16.89691,145.755421,Y,,,,Y,,
2018,Telstra,-16.89389,145.68773,Y,Y,Y,,Y,,
2018,Telstra,-16.893291,145.560703,Y,,Y,,,,
2018,Telstra,-16.89184,145.82674,Y,,,,,,
2018,Telstra,-16.88355,145.60537,Y,,Y,,,,
2018,Telstra,-16.882925,145.738243,Y,,Y,,,,
2018,Telstra,-16.874705,145.754275,Y,,,,,,
2018,Telstra,-16.87287,145.755596,Y,,,,Y,,
2018,Telstra,-16.86909,145.73829,Y,,,,,,
2018,Telstra,-16.859658,145.699703,Y,,Y,,Y,,
2018,Telstra,-16.84691,145.7345,Y,,Y,,Y,,
2018,Telstra,-16.8278,145.682,Y,Y,Y,,Y,,
2018,Telstra,-16.821239,145.62421,Y,,Y,,Y,,
2018,Telstra,-16.81806,145.6625,Y,Y,Y,,Y,,
2018,Telstra,-16.80625,145.71664,Y,,Y,,Y,,
2018,Telstra,-16.80031,145.68819,Y,Y,Y,,Y,,
2018,Telstra,-16.76386,145.66779,Y,,Y,,Y,,
2018,Telstra,-16.7593,145.97276,Y,,Y,,,,
2018,Telstra,-16.73695,145.66175,Y,,Y,,Y,,
2018,Telstra,-16.70948,128.39551,Y,,Y,,,,
2018,Telstra,-16.67292,145.32999,Y,,Y,,,,
2018,Telstra,-16.6668,139.182,Y,,Y,,,,
2018,Telstra,-16.654,145.563,Y,,,,,,
2018,Telstra,-16.59254,128.19541,Y,,,,,,
2018,Telstra,-16.58659,145.514294,Y,,Y,,,,
2018,Telstra,-16.53895,122.91655,Y,,Y,,,,
2018,Telstra,-16.535772,145.467003,Y,Y,Y,,Y,,
2018,Telstra,-16.50165,145.46531,Y,,Y,,Y,,
2018,Telstra,-16.49161,145.46245,Y,,Y,,Y,,Y
2018,Telstra,-16.470688,145.363608,Y,,Y,,Y,,
2018,Telstra,-16.44751,123.05841,Y,,,,,,
2018,Telstra,-16.43509,136.09167,Y,,Y,,,,Y
2018,Telstra,-16.43361,145.38583,Y,,Y,,Y,,
2018,Telstra,-16.347068,145.409851,Y,,Y,,Y,,
2018,Telstra,-16.310313,128.249317,Y,,Y,,,,
2018,Telstra,-16.30694,133.38639,Y,,,,,,
2018,Telstra,-16.2568,145.402,Y,,,,,,
2018,Telstra,-16.2492,145.323,Y,,Y,,,,
2018,Telstra,-16.2441,145.43671,Y,,,,,,
2018,Telstra,-16.13025,128.4481,Y,,,,,,
2018,Telstra,-16.05361,136.30611,Y,,Y,,,,
2018,Telstra,-15.9506,145.326,Y,,,,,,
2018,Telstra,-15.9006,144.847,Y,,Y,,,,
2018,Telstra,-15.8803,128.3779,Y,,,,,,
2018,Telstra,-15.77507,128.73921,Y,Y,Y,,,,Y
2018,Telstra,-15.67809,128.74427,Y,,Y,,,,
2018,Telstra,-15.65639,130.47889,Y,,Y,,,,
2018,Telstra,-15.637232,141.82229,Y,,,,,,
2018,Telstra,-15.60101,130.45469,Y,,,,,,
2018,Telstra,-15.5593,144.445,Y,,,,,,
2018,Telstra,-15.5333,144.246,Y,,,,,,
2018,Telstra,-15.4802,145.243,Y,,Y,,,,
2018,Telstra,-15.47558,141.74684,Y,,,,,,
2018,Telstra,-15.46353,128.10387,Y,,Y,,,,
2018,Telstra,-15.31562,145.08638,Y,,Y,,,,
2018,Telstra,-15.22066,134.08211,Y,,Y,,,,
2018,Telstra,-15.178678,144.347508,Y,,,,,,
2018,Telstra,-14.959828,145.313515,Y,,,,,,
2018,Telstra,-14.95327,133.300054,,,,,,,Y
2018,Telstra,-14.93528,133.05944,Y,,Y,,,,Y
2018,Telstra,-14.89666,141.62255,Y,,Y,,,,
2018,Telstra,-14.73361,134.73278,Y,,Y,,,,Y
2018,Telstra,-14.55307,133.11544,Y,,Y,,,,
2018,Telstra,-14.52033,132.16011,Y,,Y,,,,
2018,Telstra,-14.5194,132.86806,Y,,Y,,,,
2018,Telstra,-14.50944,132.39204,Y,,Y,,,,
2018,Telstra,-14.48139,132.24472,Y,,Y,,,,Y
2018,Telstra,-14.47222,132.27889,Y,,Y,,,,Y
2018,Telstra,-14.4644,132.26155,Y,,,,,,
2018,Telstra,-14.46234,132.26288,Y,,Y,,,,Y
2018,Telstra,-14.43944,132.27389,Y,,Y,,,,Y
2018,Telstra,-14.351052,129.882057,Y,,Y,,,,
2018,Telstra,-14.32556,132.4175,Y,,,,,,
2018,Telstra,-14.28053,132.83458,Y,,Y,,,,
2018,Telstra,-14.27917,135.74,Y,,Y,,,,
2018,Telstra,-14.24033,129.52,Y,,Y,,,,Y
2018,Telstra,-14.15629,130.082,Y,,Y,,,,
2018,Telstra,-14.08536,131.98417,Y,,,,,,
2018,Telstra,-13.98229,136.44116,Y,,Y,,,,Y
2018,Telstra,-13.93799,143.20179,Y,,Y,,,,
2018,Telstra,-13.85704,136.812557,Y,,Y,,,,
2018,Telstra,-13.84722,136.43417,Y,,Y,,,,Y
2018,Telstra,-13.8275,131.83417,Y,,Y,,,,
2018,Telstra,-13.75083,130.68917,Y,,Y,,,,
2018,Telstra,-13.54028,131.370856,Y,,,,,,
2018,Telstra,-13.52327,131.48623,Y,,Y,,,,
2018,Telstra,-13.354915,141.732735,Y,,Y,,,,
2018,Telstra,-13.24444,131.10889,Y,,Y,,,,
2018,Telstra,-13.04612,131.02713,Y,,Y,,,,
2018,Telstra,-12.98469,141.6861,,Y,,,,,
2018,Telstra,-12.92859,141.63391,Y,,Y,,,,Y
2018,Telstra,-12.90601,132.52255,Y,,,,,,
2018,Telstra,-12.88335,141.72163,Y,,Y,,,,Y
2018,Telstra,-12.87131,141.84664,Y,,Y,,,,
2018,Telstra,-12.85584,131.81343,Y,,,,,,
2018,Telstra,-12.81364,130.9876,Y,,Y,,,,
2018,Telstra,-12.788278,143.351209,Y,,,,,,
2018,Telstra,-12.75917,131.4675,Y,,Y,,,,
2018,Telstra,-12.7588,130.35935,Y,,Y,,,,
2018,Telstra,-12.74811,141.88922,Y,,Y,,,,
2018,Telstra,-12.69944,131.01361,Y,,Y,,Y,,
2018,Telstra,-12.68279,132.92288,Y,,,,,,
2018,Telstra,-12.6775,131.13639,Y,,Y,,Y,,
2018,Telstra,-12.67655,132.480498,,,Y,,,,
2018,Telstra,-12.66944,132.83444,Y,,Y,,,,Y
2018,Telstra,-12.651107,141.862538,Y,Y,Y,,,,Y
2018,Telstra,-12.6438,142.08661,Y,,Y,,,,
2018,Telstra,-12.6325,131.075,Y,,,,,,
2018,Telstra,-12.6248,141.89,Y,,Y,,,,Y
2018,Telstra,-12.59224,131.14555,Y,,Y,,Y,,
2018,Telstra,-12.58457,131.24761,Y,,Y,,,,Y
2018,Telstra,-12.56944,131.09889,Y,,Y,,Y,,
2018,Telstra,-12.569423,130.919963,,,,,Y,,
2018,Telstra,-12.56915,130.91796,,,,,Y,,
2018,Telstra,-12.567195,130.916293,Y,,,,Y,,
2018,Telstra,-12.55419,131.15106,Y,,Y,,Y,,
2018,Telstra,-12.55417,131.06417,Y,,Y,,Y,,
2018,Telstra,-12.52689,131.07267,Y,,Y,,Y,,
2018,Telstra,-12.51533,130.9911,Y,,Y,,Y,,
2018,Telstra,-12.51478,131.02913,Y,,Y,,Y,,
2018,Telstra,-12.50877,130.96407,Y,,Y,,Y,,
2018,Telstra,-12.50333,135.80361,Y,,Y,,,,Y
2018,Telstra,-12.50099,130.97858,Y,,Y,,Y,,
2018,Telstra,-12.49862,131.00359,Y,,Y,,Y,,
2018,Telstra,-12.49333,130.98667,Y,,Y,,Y,,
2018,Telstra,-12.48552,130.96954,Y,,Y,,Y,,
2018,Telstra,-12.48389,131.02556,Y,,Y,,Y,,Y
2018,Telstra,-12.48268,131.07386,Y,,Y,,Y,,
2018,Telstra,-12.48069,130.98438,Y,,Y,,Y,,
2018,Telstra,-12.47611,130.91806,Y,,Y,,Y,,
2018,Telstra,-12.47093,130.84805,Y,,Y,,Y,,
2018,Telstra,-12.466587,130.842861,Y,,,,Y,,
2018,Telstra,-12.465,130.8425,Y,Y,Y,,Y,,
2018,Telstra,-12.46392,130.84006,Y,,,,Y,,
2018,Telstra,-12.46105,130.96154,Y,,Y,,Y,,
2018,Telstra,-12.46,130.83528,Y,,Y,,Y,,
2018,Telstra,-12.45972,130.84056,Y,,Y,,Y,,
2018,Telstra,-12.45944,130.97611,Y,,Y,,Y,,
2018,Telstra,-12.458375,130.836493,,,,,Y,,
2018,Telstra,-12.458375,130.836493,Y,,Y,,Y,,
2018,Telstra,-12.458375,130.836493,Y,,,,Y,,
2018,Telstra,-12.4571,130.84692,Y,,Y,,Y,,
2018,Telstra,-12.45444,130.83708,Y,,Y,,Y,,
2018,Telstra,-12.45009,130.82535,Y,,Y,,Y,,
2018,Telstra,-12.44799,130.83986,Y,,Y,,Y,,
2018,Telstra,-12.44786,130.82997,Y,,,,Y,,
2018,Telstra,-12.44,130.92917,Y,Y,Y,,Y,,
2018,Telstra,-12.43633,130.97487,Y,,Y,,Y,,
2018,Telstra,-12.43504,130.7468,Y,,Y,,,,
2018,Telstra,-12.43333,130.85583,Y,,Y,,Y,,
2018,Telstra,-12.43241,130.8417,Y,,Y,,Y,,
2018,Telstra,-12.42694,130.90139,Y,,Y,,Y,,
2018,Telstra,-12.42583,130.88194,Y,,Y,,Y,,
2018,Telstra,-12.4215,130.84628,Y,,Y,,Y,,Y
2018,Telstra,-12.415,130.91917,Y,,Y,,,,
2018,Telstra,-12.40161,130.85326,Y,,,,Y,,
2018,Telstra,-12.40139,130.88639,Y,,Y,,Y,,
2018,Telstra,-12.40046,130.91551,Y,,Y,,Y,,
2018,Telstra,-12.3931063,130.8693437,Y,,,,Y,,
2018,Telstra,-12.38917,130.84889,Y,,Y,,Y,,
2018,Telstra,-12.38811,130.90257,Y,,Y,,Y,,
2018,Telstra,-12.38594,130.912128,Y,,Y,,Y,,
2018,Telstra,-12.38583,130.88472,Y,,Y,,Y,,
2018,Telstra,-12.37829,130.89615,Y,,Y,,Y,,
2018,Telstra,-12.37389,130.8675,Y,,Y,,Y,,
2018,Telstra,-12.37306,130.88194,Y,,Y,,Y,,
2018,Telstra,-12.36998,130.90594,Y,,Y,,Y,,
2018,Telstra,-12.35583,130.88167,Y,,Y,,Y,,
2018,Telstra,-12.34619,130.89142,Y,,,,,,
2018,Telstra,-12.32833,134.92639,Y,,Y,,,,Y
2018,Telstra,-12.32389,133.05667,Y,,Y,,,,Y
2018,Telstra,-12.26796,136.82388,Y,,Y,,,,
2018,Telstra,-12.25052,136.89556,Y,,Y,,,,Y
2018,Telstra,-12.21102,136.79171,Y,,,,,,
2018,Telstra,-12.19105,136.69197,Y,,,,,,
2018,Telstra,-12.1815,136.77699,Y,,Y,,,,
2018,Telstra,-12.12233,134.90971,Y,,Y,,,,
2018,Telstra,-12.05532,134.23091,Y,,Y,,,,Y
2018,Telstra,-12.02483,135.56501,Y,,Y,,,,Y
2018,Telstra,-12.01964,141.90602,Y,,,,,,
2018,Telstra,-11.75639,130.63694,Y,,Y,,,,
2018,Telstra,-11.64806,133.38472,Y,,Y,,,,
2018,Telstra,-11.42944,130.67139,Y,,,,,,
2018,Telstra,-11.40222,130.4175,Y,,,,,,
2018,Telstra,-11.365713,130.836319,Y,,,,,,
2018,Telstra,-11.1479,132.57398,Y,,Y,,,,
2018,Telstra,-11.103893,142.282776,Y,,,,,,
2018,Telstra,-10.88496,142.3943,Y,,Y,,,,Y
2018,Telstra,-10.732524,142.600346,Y,,,,,,
2018,Telstra,-10.58246,142.2124,Y,,Y,,,,Y
2018,Telstra,-10.578803,142.226815,Y,,Y,,,,Y
2018,Telstra,-10.2351,142.21878,Y,,Y,,,,
2018,Telstra,-10.1946,142.331,Y,,,,,,
2018,Telstra,-10.16102,142.16695,Y,,Y,,,,
2018,Telstra,-9.914315,144.045759,Y,,,,,,
2018,Telstra,-9.8979,142.77934,Y,,,,,,
2018,Telstra,-9.75373,143.39989,Y,,Y,,,,
2018,Telstra,-9.38137,142.61345,Y,,,,,,
